2026-09-03T00:52:22.047+0100 [INFO]  Terraform version: 1.15.8
2026-09-03T00:52:22.047+0100 [DEBUG] using github.com/hashicorp/go-tfe v1.105.0
2026-09-03T00:52:22.047+0100 [DEBUG] using github.com/hashicorp/hcl/v2 v2.24.0
2026-09-03T00:52:22.047+0100 [DEBUG] using github.com/hashicorp/terraform-svchost v0.2.1
2026-09-03T00:52:22.047+0100 [DEBUG] using github.com/zclconf/go-cty v1.18.0
2026-09-03T00:52:22.047+0100 [INFO]  Go runtime version: go1.25.10
2026-09-03T00:52:22.047+0100 [INFO]  CLI args: []string{"terraform", "apply", "-auto-approve"}
2026-09-03T00:52:22.047+0100 [DEBUG] Attempting to open CLI config file: /home/silasfrancis/.terraformrc
2026-09-03T00:52:22.047+0100 [DEBUG] File doesn't exist, but doesn't need to. Ignoring.
2026-09-03T00:52:22.047+0100 [INFO]  Loading CLI configuration from /home/silasfrancis/.terraform.d/credentials.tfrc.json
2026-09-03T00:52:22.048+0100 [DEBUG] ignoring non-existing provider search directory terraform.d/plugins
2026-09-03T00:52:22.048+0100 [DEBUG] ignoring non-existing provider search directory /home/silasfrancis/.terraform.d/plugins
2026-09-03T00:52:22.048+0100 [DEBUG] ignoring non-existing provider search directory /home/silasfrancis/.local/share/terraform/plugins
2026-09-03T00:52:22.048+0100 [DEBUG] ignoring non-existing provider search directory /usr/local/share/terraform/plugins
2026-09-03T00:52:22.048+0100 [DEBUG] ignoring non-existing provider search directory /usr/share/terraform/plugins
2026-09-03T00:52:22.048+0100 [DEBUG] ignoring non-existing provider search directory /home/silasfrancis/.nix-profile/share/terraform/plugins
2026-09-03T00:52:22.048+0100 [DEBUG] ignoring non-existing provider search directory /nix/var/nix/profiles/default/share/terraform/plugins
2026-09-03T00:52:22.048+0100 [DEBUG] ignoring non-existing provider search directory /var/lib/snapd/desktop/terraform/plugins
2026-09-03T00:52:22.048+0100 [INFO]  CLI command args: []string{"apply", "-auto-approve"}
2026-09-03T00:52:22.167+0100 [DEBUG] checking for provisioner in "."
2026-09-03T00:52:22.172+0100 [DEBUG] checking for provisioner in "/usr/bin"
2026-09-03T00:52:22.173+0100 [INFO]  backend/local: starting Apply operation
2026-09-03T00:52:28.007+0100 [DEBUG] ReferenceTransformer: "local.nomad_client_startup_script (expand)" references: [local.instance_scripts_dir (expand)]
2026-09-03T00:52:28.007+0100 [DEBUG] ReferenceTransformer: "local.env_instances (expand)" references: [local.dev_server_instances (expand) local.prod_server_instances (expand)]
2026-09-03T00:52:28.007+0100 [DEBUG] ReferenceTransformer: "local.traefik_vm_sa_email_prod (expand)" references: [local.bootstrap (expand)]
2026-09-03T00:52:28.007+0100 [DEBUG] ReferenceTransformer: "local.bootstrap (expand)" references: []
2026-09-03T00:52:28.007+0100 [DEBUG] ReferenceTransformer: "local.nomad_server_sa_email_prod (expand)" references: [local.bootstrap (expand)]
2026-09-03T00:52:28.007+0100 [DEBUG] ReferenceTransformer: "local.nomad_server_sa_email_dev (expand)" references: [local.bootstrap (expand)]
2026-09-03T00:52:28.007+0100 [DEBUG] ReferenceTransformer: "var.project_id" references: []
2026-09-03T00:52:28.007+0100 [DEBUG] ReferenceTransformer: "var.region" references: []
2026-09-03T00:52:28.007+0100 [DEBUG] ReferenceTransformer: "var.network_tfstate_key" references: []
2026-09-03T00:52:28.007+0100 [DEBUG] ReferenceTransformer: "var.bootstrap_tfstate_key" references: []
2026-09-03T00:52:28.007+0100 [DEBUG] ReferenceTransformer: "module.mig" references: [var.region local.bootstrap (expand) local.zones (expand) local.active_migs (expand) var.project_id]
2026-09-03T00:52:28.007+0100 [DEBUG] ReferenceTransformer: "local.nomad_client_sa_email_dev (expand)" references: [local.bootstrap (expand)]
2026-09-03T00:52:28.007+0100 [DEBUG] ReferenceTransformer: "local.dev_server_instances (expand)" references: [var.nomad_dev_server_count local.zones (expand) local.zones (expand) local.network (expand) local.nomad_server_sa_email_dev (expand) var.project_id local.nomad_server_startup_script (expand) local.zones (expand) local.network (expand) local.traefik_vm_sa_email_dev (expand)]
2026-09-03T00:52:28.008+0100 [DEBUG] ReferenceTransformer: "local.prod_server_instances (expand)" references: [local.zones (expand) local.zones (expand) local.network (expand) local.nomad_server_sa_email_prod (expand) var.project_id local.nomad_server_startup_script (expand) local.zones (expand) local.network (expand) local.traefik_vm_sa_email_prod (expand)]
2026-09-03T00:52:28.008+0100 [DEBUG] ReferenceTransformer: "local.zones (expand)" references: []
2026-09-03T00:52:28.008+0100 [DEBUG] ReferenceTransformer: "local.management_vm_sa_email (expand)" references: [local.bootstrap (expand)]
2026-09-03T00:52:28.008+0100 [DEBUG] ReferenceTransformer: "var.platform_admin_email" references: []
2026-09-03T00:52:28.008+0100 [DEBUG] ReferenceTransformer: "local.active_env_instances (expand)" references: [local.env_instances (expand) var.active_environments]
2026-09-03T00:52:28.008+0100 [DEBUG] ReferenceTransformer: "local.shared_instances (expand)" references: [local.zones (expand) local.network (expand) local.management_vm_sa_email (expand) local.zones (expand) local.network (expand) local.traefik_vm_sa_email_internal (expand)]
2026-09-03T00:52:28.008+0100 [DEBUG] ReferenceTransformer: "local.nomad_server_startup_script (expand)" references: [local.instance_scripts_dir (expand)]
2026-09-03T00:52:28.009+0100 [DEBUG] ReferenceTransformer: "local.network (expand)" references: []
2026-09-03T00:52:28.009+0100 [DEBUG] ReferenceTransformer: "local.all_migs (expand)" references: [local.network (expand) local.nomad_client_sa_email_dev (expand) var.project_id local.nomad_client_startup_script (expand) local.network (expand) local.nomad_client_sa_email_dev (expand) var.project_id local.nomad_client_startup_script (expand) local.nomad_client_spot_shutdown_script (expand) local.network (expand) local.nomad_client_sa_email_prod (expand) var.project_id local.nomad_client_startup_script (expand) local.network (expand) local.nomad_client_sa_email_prod (expand) var.project_id local.nomad_client_startup_script (expand) local.nomad_client_spot_shutdown_script (expand)]
2026-09-03T00:52:28.009+0100 [DEBUG] ReferenceTransformer: "local.instance_scripts_dir (expand)" references: []
2026-09-03T00:52:28.009+0100 [DEBUG] ReferenceTransformer: "local.nomad_client_spot_shutdown_script (expand)" references: [local.instance_scripts_dir (expand)]
2026-09-03T00:52:28.009+0100 [DEBUG] ReferenceTransformer: "var.nomad_dev_server_count" references: []
2026-09-03T00:52:28.009+0100 [DEBUG] ReferenceTransformer: "var.platform_tfstate_bucket" references: []
2026-09-03T00:52:28.009+0100 [DEBUG] ReferenceTransformer: "module.instances" references: [var.project_id local.bootstrap (expand) local.instances (expand)]
2026-09-03T00:52:28.009+0100 [DEBUG] ReferenceTransformer: "local.instances (expand)" references: [local.shared_instances (expand) local.active_env_instances (expand)]
2026-09-03T00:52:28.009+0100 [DEBUG] ReferenceTransformer: "local.traefik_vm_sa_email_dev (expand)" references: [local.bootstrap (expand)]
2026-09-03T00:52:28.009+0100 [DEBUG] ReferenceTransformer: "var.active_environments" references: []
2026-09-03T00:52:28.009+0100 [DEBUG] ReferenceTransformer: "local.active_migs (expand)" references: [local.all_migs (expand) var.active_environments]
2026-09-03T00:52:28.009+0100 [DEBUG] ReferenceTransformer: "local.records (expand)" references: []
2026-09-03T00:52:28.009+0100 [DEBUG] ReferenceTransformer: "local.nomad_client_sa_email_prod (expand)" references: [local.bootstrap (expand)]
2026-09-03T00:52:28.009+0100 [DEBUG] ReferenceTransformer: "local.traefik_vm_sa_email_internal (expand)" references: [local.bootstrap (expand)]
2026-09-03T00:52:28.010+0100 [DEBUG] Starting graph walk: walkInit
2026-09-03T00:52:28.011+0100 [WARN]  Error loading schema for registry.terraform.io/hashicorp/google to determine its functions: failed to instantiate provider "registry.terraform.io/hashicorp/google" to obtain schema: unavailable provider "registry.terraform.io/hashicorp/google"
2026-09-03T00:52:28.011+0100 [WARN]  Error loading schema for registry.terraform.io/hashicorp/google to determine its functions: failed to instantiate provider "registry.terraform.io/hashicorp/google" to obtain schema: unavailable provider "registry.terraform.io/hashicorp/google"
2026-09-03T00:52:28.011+0100 [WARN]  Error loading schema for registry.terraform.io/hashicorp/google to determine its functions: failed to instantiate provider "registry.terraform.io/hashicorp/google" to obtain schema: unavailable provider "registry.terraform.io/hashicorp/google"
2026-09-03T00:52:28.012+0100 [WARN]  Error loading schema for registry.terraform.io/hashicorp/google to determine its functions: failed to instantiate provider "registry.terraform.io/hashicorp/google" to obtain schema: unavailable provider "registry.terraform.io/hashicorp/google"
2026-09-03T00:52:28.012+0100 [WARN]  Error loading schema for registry.terraform.io/hashicorp/google to determine its functions: failed to instantiate provider "registry.terraform.io/hashicorp/google" to obtain schema: unavailable provider "registry.terraform.io/hashicorp/google"
2026-09-03T00:52:28.012+0100 [WARN]  Error loading schema for registry.terraform.io/hashicorp/google to determine its functions: failed to instantiate provider "registry.terraform.io/hashicorp/google" to obtain schema: unavailable provider "registry.terraform.io/hashicorp/google"
2026-09-03T00:52:28.012+0100 [WARN]  Error loading schema for registry.terraform.io/hashicorp/google to determine its functions: failed to instantiate provider "registry.terraform.io/hashicorp/google" to obtain schema: unavailable provider "registry.terraform.io/hashicorp/google"
2026-09-03T00:52:28.013+0100 [WARN]  Error loading schema for registry.terraform.io/hashicorp/google to determine its functions: failed to instantiate provider "registry.terraform.io/hashicorp/google" to obtain schema: unavailable provider "registry.terraform.io/hashicorp/google"
2026-09-03T00:52:28.013+0100 [WARN]  Error loading schema for registry.terraform.io/hashicorp/google to determine its functions: failed to instantiate provider "registry.terraform.io/hashicorp/google" to obtain schema: unavailable provider "registry.terraform.io/hashicorp/google"
2026-09-03T00:52:28.013+0100 [WARN]  Error loading schema for registry.terraform.io/hashicorp/google to determine its functions: failed to instantiate provider "registry.terraform.io/hashicorp/google" to obtain schema: unavailable provider "registry.terraform.io/hashicorp/google"
2026-09-03T00:52:28.013+0100 [WARN]  Error loading schema for registry.terraform.io/hashicorp/google to determine its functions: failed to instantiate provider "registry.terraform.io/hashicorp/google" to obtain schema: unavailable provider "registry.terraform.io/hashicorp/google"
2026-09-03T00:52:28.013+0100 [WARN]  Error loading schema for registry.terraform.io/hashicorp/google to determine its functions: failed to instantiate provider "registry.terraform.io/hashicorp/google" to obtain schema: unavailable provider "registry.terraform.io/hashicorp/google"
2026-09-03T00:52:28.014+0100 [WARN]  Error loading schema for registry.terraform.io/hashicorp/google to determine its functions: failed to instantiate provider "registry.terraform.io/hashicorp/google" to obtain schema: unavailable provider "registry.terraform.io/hashicorp/google"
2026-09-03T00:52:28.014+0100 [WARN]  Error loading schema for registry.terraform.io/hashicorp/google to determine its functions: failed to instantiate provider "registry.terraform.io/hashicorp/google" to obtain schema: unavailable provider "registry.terraform.io/hashicorp/google"
2026-09-03T00:52:28.014+0100 [WARN]  Error loading schema for registry.terraform.io/hashicorp/google to determine its functions: failed to instantiate provider "registry.terraform.io/hashicorp/google" to obtain schema: unavailable provider "registry.terraform.io/hashicorp/google"
2026-09-03T00:52:28.015+0100 [WARN]  Error loading schema for registry.terraform.io/hashicorp/google to determine its functions: failed to instantiate provider "registry.terraform.io/hashicorp/google" to obtain schema: unavailable provider "registry.terraform.io/hashicorp/google"
2026-09-03T00:52:28.015+0100 [WARN]  Error loading schema for registry.terraform.io/hashicorp/google to determine its functions: failed to instantiate provider "registry.terraform.io/hashicorp/google" to obtain schema: unavailable provider "registry.terraform.io/hashicorp/google"
2026-09-03T00:52:28.016+0100 [WARN]  Error loading schema for registry.terraform.io/hashicorp/google to determine its functions: failed to instantiate provider "registry.terraform.io/hashicorp/google" to obtain schema: unavailable provider "registry.terraform.io/hashicorp/google"
2026-09-03T00:52:28.016+0100 [WARN]  Error loading schema for registry.terraform.io/hashicorp/google to determine its functions: failed to instantiate provider "registry.terraform.io/hashicorp/google" to obtain schema: unavailable provider "registry.terraform.io/hashicorp/google"
2026-09-03T00:52:28.017+0100 [WARN]  Error loading schema for registry.terraform.io/hashicorp/google to determine its functions: failed to instantiate provider "registry.terraform.io/hashicorp/google" to obtain schema: unavailable provider "registry.terraform.io/hashicorp/google"
2026-09-03T00:52:28.017+0100 [WARN]  Error loading schema for registry.terraform.io/hashicorp/google to determine its functions: failed to instantiate provider "registry.terraform.io/hashicorp/google" to obtain schema: unavailable provider "registry.terraform.io/hashicorp/google"
2026-09-03T00:52:28.018+0100 [WARN]  Error loading schema for registry.terraform.io/hashicorp/google to determine its functions: failed to instantiate provider "registry.terraform.io/hashicorp/google" to obtain schema: unavailable provider "registry.terraform.io/hashicorp/google"
2026-09-03T00:52:28.020+0100 [DEBUG] ReferenceTransformer: "module.mig.var.disk_cmek_key (expand)" references: []
2026-09-03T00:52:28.020+0100 [DEBUG] ReferenceTransformer: "module.mig.var.zones (expand)" references: []
2026-09-03T00:52:28.020+0100 [DEBUG] ReferenceTransformer: "module.mig.var.migs (expand)" references: []
2026-09-03T00:52:28.020+0100 [DEBUG] ReferenceTransformer: "module.mig.var.project_id (expand)" references: []
2026-09-03T00:52:28.020+0100 [DEBUG] ReferenceTransformer: "module.mig.var.region (expand)" references: []
2026-09-03T00:52:28.021+0100 [WARN]  Error loading schema for registry.terraform.io/hashicorp/google to determine its functions: failed to instantiate provider "registry.terraform.io/hashicorp/google" to obtain schema: unavailable provider "registry.terraform.io/hashicorp/google"
2026-09-03T00:52:28.021+0100 [WARN]  Error loading schema for registry.terraform.io/hashicorp/google to determine its functions: failed to instantiate provider "registry.terraform.io/hashicorp/google" to obtain schema: unavailable provider "registry.terraform.io/hashicorp/google"
2026-09-03T00:52:28.021+0100 [WARN]  Error loading schema for registry.terraform.io/hashicorp/google to determine its functions: failed to instantiate provider "registry.terraform.io/hashicorp/google" to obtain schema: unavailable provider "registry.terraform.io/hashicorp/google"
2026-09-03T00:52:28.024+0100 [DEBUG] ReferenceTransformer: "module.instances.local.disks_flat (expand)" references: [module.instances.var.instances (expand)]
2026-09-03T00:52:28.024+0100 [DEBUG] ReferenceTransformer: "module.instances.local.static_ips (expand)" references: [module.instances.var.instances (expand)]
2026-09-03T00:52:28.025+0100 [DEBUG] ReferenceTransformer: "module.instances.var.instances (expand)" references: []
2026-09-03T00:52:28.025+0100 [DEBUG] ReferenceTransformer: "module.instances.var.project_id (expand)" references: []
2026-09-03T00:52:28.025+0100 [DEBUG] ReferenceTransformer: "module.instances.var.disk_cmek_key (expand)" references: []
2026-09-03T00:52:28.027+0100 [DEBUG] created provider logger: level=debug
2026-09-03T00:52:28.027+0100 [INFO]  provider: configuring client automatic mTLS
2026-09-03T00:52:28.041+0100 [DEBUG] provider: starting plugin: path=.terraform/providers/registry.terraform.io/hashicorp/google/7.43.0/linux_amd64/terraform-provider-google_v7.43.0_x5 args=[".terraform/providers/registry.terraform.io/hashicorp/google/7.43.0/linux_amd64/terraform-provider-google_v7.43.0_x5"]
2026-09-03T00:52:28.042+0100 [DEBUG] provider: plugin started: path=.terraform/providers/registry.terraform.io/hashicorp/google/7.43.0/linux_amd64/terraform-provider-google_v7.43.0_x5 pid=101311
2026-09-03T00:52:28.042+0100 [DEBUG] provider: waiting for RPC address: plugin=.terraform/providers/registry.terraform.io/hashicorp/google/7.43.0/linux_amd64/terraform-provider-google_v7.43.0_x5
2026-09-03T00:52:28.150+0100 [INFO]  provider.terraform-provider-google_v7.43.0_x5: configuring server automatic mTLS: timestamp="2026-09-03T00:52:28.149+0100"
2026-09-03T00:52:28.170+0100 [DEBUG] provider: using plugin: version=5
2026-09-03T00:52:28.172+0100 [DEBUG] provider.terraform-provider-google_v7.43.0_x5: plugin address: address=/tmp/plugin2975410073 network=unix timestamp="2026-09-03T00:52:28.170+0100"
2026-09-03T00:52:29.316+0100 [DEBUG] provider.stdio: received EOF, stopping recv loop: err="rpc error: code = Unavailable desc = error reading from server: EOF"
2026-09-03T00:52:29.388+0100 [INFO]  provider: plugin process exited: plugin=.terraform/providers/registry.terraform.io/hashicorp/google/7.43.0/linux_amd64/terraform-provider-google_v7.43.0_x5 id=101311
2026-09-03T00:52:29.388+0100 [DEBUG] provider: plugin exited
2026-09-03T00:52:29.389+0100 [DEBUG] Building and walking validate graph
2026-09-03T00:52:29.391+0100 [DEBUG] adding implicit provider configuration provider["terraform.io/builtin/terraform"], implied first by data.terraform_remote_state.network
2026-09-03T00:52:29.393+0100 [DEBUG] ProviderTransformer: "module.mig.google_compute_region_instance_group_manager.this" (*terraform.NodeValidatableResource) needs provider["registry.terraform.io/hashicorp/google"]
2026-09-03T00:52:29.393+0100 [DEBUG] ProviderTransformer: "module.mig.google_compute_instance_template.this" (*terraform.NodeValidatableResource) needs provider["registry.terraform.io/hashicorp/google"]
2026-09-03T00:52:29.393+0100 [DEBUG] ProviderTransformer: "module.mig.google_compute_region_autoscaler.this" (*terraform.NodeValidatableResource) needs provider["registry.terraform.io/hashicorp/google"]
2026-09-03T00:52:29.393+0100 [DEBUG] ProviderTransformer: "module.instances.google_compute_address.static" (*terraform.NodeValidatableResource) needs provider["registry.terraform.io/hashicorp/google"]
2026-09-03T00:52:29.393+0100 [DEBUG] ProviderTransformer: "module.instances.google_compute_instance.this" (*terraform.NodeValidatableResource) needs provider["registry.terraform.io/hashicorp/google"]
2026-09-03T00:52:29.393+0100 [DEBUG] ProviderTransformer: "google_project_iam_member.operator_os_login" (*terraform.NodeValidatableResource) needs provider["registry.terraform.io/hashicorp/google"]
2026-09-03T00:52:29.393+0100 [DEBUG] ProviderTransformer: "module.instances.google_compute_disk.additional" (*terraform.NodeValidatableResource) needs provider["registry.terraform.io/hashicorp/google"]
2026-09-03T00:52:29.393+0100 [DEBUG] ProviderTransformer: "google_dns_record_set.this" (*terraform.NodeValidatableResource) needs provider["registry.terraform.io/hashicorp/google"]
2026-09-03T00:52:29.393+0100 [DEBUG] ProviderTransformer: "google_project_iam_member.operator_iap_tunnel" (*terraform.NodeValidatableResource) needs provider["registry.terraform.io/hashicorp/google"]
2026-09-03T00:52:29.394+0100 [DEBUG] ProviderTransformer: "data.google_compute_zones.available" (*terraform.NodeValidatableResource) needs provider["registry.terraform.io/hashicorp/google"]
2026-09-03T00:52:29.394+0100 [DEBUG] ProviderTransformer: "data.terraform_remote_state.network" (*terraform.NodeValidatableResource) needs provider["terraform.io/builtin/terraform"]
2026-09-03T00:52:29.394+0100 [DEBUG] ProviderTransformer: "data.terraform_remote_state.bootstrap" (*terraform.NodeValidatableResource) needs provider["terraform.io/builtin/terraform"]
2026-09-03T00:52:29.394+0100 [DEBUG] ProviderTransformer: "module.mig.google_compute_health_check.this" (*terraform.NodeValidatableResource) needs provider["registry.terraform.io/hashicorp/google"]
2026-09-03T00:52:29.396+0100 [DEBUG] ReferenceTransformer: "local.nomad_server_sa_email_dev (expand)" references: [local.bootstrap (expand)]
2026-09-03T00:52:29.396+0100 [DEBUG] ReferenceTransformer: "module.mig.var.migs (expand)" references: [local.active_migs (expand)]
2026-09-03T00:52:29.396+0100 [DEBUG] ReferenceTransformer: "var.network_tfstate_key" references: []
2026-09-03T00:52:29.396+0100 [DEBUG] ReferenceTransformer: "module.mig.var.project_id (expand)" references: [var.project_id]
2026-09-03T00:52:29.396+0100 [DEBUG] ReferenceTransformer: "module.instances.var.instances (expand)" references: [local.instances (expand)]
2026-09-03T00:52:29.396+0100 [DEBUG] ReferenceTransformer: "local.network (expand)" references: [data.terraform_remote_state.network]
2026-09-03T00:52:29.396+0100 [DEBUG] ReferenceTransformer: "module.instances.output.persistent_disks (expand)" references: [module.instances.local.disks_flat (expand)]
2026-09-03T00:52:29.397+0100 [DEBUG] ReferenceTransformer: "module.mig.google_compute_region_instance_group_manager.this" references: [module.mig.var.migs (expand) module.mig.var.zones (expand) module.mig.var.region (expand) module.mig.var.project_id (expand) module.mig.google_compute_instance_template.this module.mig.google_compute_health_check.this]
2026-09-03T00:52:29.397+0100 [DEBUG] ReferenceTransformer: "module.mig.google_compute_instance_template.this" references: [module.mig.var.migs (expand) module.mig.var.project_id (expand) module.mig.var.disk_cmek_key (expand)]
2026-09-03T00:52:29.397+0100 [DEBUG] ReferenceTransformer: "var.project_id" references: []
2026-09-03T00:52:29.397+0100 [DEBUG] ReferenceTransformer: "module.mig.var.region (expand)" references: [var.region]
2026-09-03T00:52:29.397+0100 [DEBUG] ReferenceTransformer: "local.traefik_vm_sa_email_internal (expand)" references: [local.bootstrap (expand)]
2026-09-03T00:52:29.397+0100 [DEBUG] ReferenceTransformer: "local.instances (expand)" references: [local.shared_instances (expand) local.active_env_instances (expand)]
2026-09-03T00:52:29.397+0100 [DEBUG] ReferenceTransformer: "local.active_env_instances (expand)" references: [local.env_instances (expand) var.active_environments var.active_environments (validation)]
2026-09-03T00:52:29.397+0100 [DEBUG] ReferenceTransformer: "module.mig (close)" references: []
2026-09-03T00:52:29.397+0100 [DEBUG] ReferenceTransformer: "module.mig.google_compute_region_autoscaler.this" references: [module.mig.var.migs (expand) module.mig.var.region (expand) module.mig.google_compute_region_instance_group_manager.this module.mig.var.project_id (expand)]
2026-09-03T00:52:29.398+0100 [DEBUG] ReferenceTransformer: "var.active_environments" references: []
2026-09-03T00:52:29.398+0100 [DEBUG] ReferenceTransformer: "module.mig.var.disk_cmek_key (expand)" references: [local.bootstrap (expand)]
2026-09-03T00:52:29.398+0100 [DEBUG] ReferenceTransformer: "local.nomad_client_sa_email_prod (expand)" references: [local.bootstrap (expand)]
2026-09-03T00:52:29.398+0100 [DEBUG] ReferenceTransformer: "var.nomad_dev_server_count" references: []
2026-09-03T00:52:29.398+0100 [DEBUG] ReferenceTransformer: "module.mig.var.zones (expand)" references: [local.zones (expand)]
2026-09-03T00:52:29.398+0100 [DEBUG] ReferenceTransformer: "local.active_migs (expand)" references: [local.all_migs (expand) var.active_environments var.active_environments (validation)]
2026-09-03T00:52:29.398+0100 [DEBUG] ReferenceTransformer: "local.shared_instances (expand)" references: [local.zones (expand) local.network (expand) local.management_vm_sa_email (expand) local.zones (expand) local.network (expand) local.traefik_vm_sa_email_internal (expand)]
2026-09-03T00:52:29.398+0100 [DEBUG] ReferenceTransformer: "module.instances.output.instances (expand)" references: [module.instances.google_compute_instance.this]
2026-09-03T00:52:29.398+0100 [DEBUG] ReferenceTransformer: "output.mig (expand)" references: [module.mig.output.instance_groups (expand)]
2026-09-03T00:52:29.398+0100 [DEBUG] ReferenceTransformer: "google_project_iam_member.operator_iap_tunnel" references: [var.platform_admin_email var.project_id]
2026-09-03T00:52:29.398+0100 [DEBUG] ReferenceTransformer: "data.google_compute_zones.available" references: [var.project_id var.region]
2026-09-03T00:52:29.398+0100 [DEBUG] ReferenceTransformer: "module.mig.output.instance_groups (expand)" references: [module.mig.google_compute_region_instance_group_manager.this]
2026-09-03T00:52:29.398+0100 [DEBUG] ReferenceTransformer: "provider[\"terraform.io/builtin/terraform\"]" references: []
2026-09-03T00:52:29.398+0100 [DEBUG] ReferenceTransformer: "module.instances.google_compute_address.static" references: [module.instances.local.static_ips (expand) module.instances.var.project_id (expand)]
2026-09-03T00:52:29.398+0100 [DEBUG] ReferenceTransformer: "local.dev_server_instances (expand)" references: [var.nomad_dev_server_count var.nomad_dev_server_count (validation) local.zones (expand) local.zones (expand) local.network (expand) local.nomad_server_sa_email_dev (expand) var.project_id local.nomad_server_startup_script (expand) local.zones (expand) local.network (expand) local.traefik_vm_sa_email_dev (expand)]
2026-09-03T00:52:29.398+0100 [DEBUG] ReferenceTransformer: "local.records (expand)" references: [module.instances.output.instances (expand) module.instances.output.instances (expand) module.instances.output.instances (expand) module.instances.output.instances (expand) module.instances.output.instances (expand) module.instances.output.instances (expand) module.instances.output.instances (expand) module.instances.output.instances (expand) module.instances.output.instances (expand) module.instances.output.instances (expand) module.instances.output.instances (expand) module.instances.output.instances (expand) module.instances.output.instances (expand) module.instances.output.instances (expand) module.instances.output.instances (expand) module.instances.output.instances (expand) module.instances.output.instances (expand) module.instances.output.instances (expand) module.instances.output.instances (expand)]
2026-09-03T00:52:29.398+0100 [DEBUG] ReferenceTransformer: "local.zones (expand)" references: [data.google_compute_zones.available]
2026-09-03T00:52:29.399+0100 [DEBUG] ReferenceTransformer: "provider[\"registry.terraform.io/hashicorp/google\"]" references: [var.project_id var.region]
2026-09-03T00:52:29.399+0100 [DEBUG] ReferenceTransformer: "module.instances (expand)" references: []
2026-09-03T00:52:29.399+0100 [DEBUG] ReferenceTransformer: "local.nomad_client_sa_email_dev (expand)" references: [local.bootstrap (expand)]
2026-09-03T00:52:29.399+0100 [DEBUG] ReferenceTransformer: "local.nomad_client_startup_script (expand)" references: [local.instance_scripts_dir (expand)]
2026-09-03T00:52:29.399+0100 [DEBUG] ReferenceTransformer: "module.instances.local.disks_flat (expand)" references: [module.instances.var.instances (expand)]
2026-09-03T00:52:29.399+0100 [DEBUG] ReferenceTransformer: "data.terraform_remote_state.network" references: [var.platform_tfstate_bucket var.network_tfstate_key]
2026-09-03T00:52:29.399+0100 [DEBUG] ReferenceTransformer: "data.terraform_remote_state.bootstrap" references: [var.platform_tfstate_bucket var.bootstrap_tfstate_key]
2026-09-03T00:52:29.399+0100 [DEBUG] ReferenceTransformer: "var.platform_tfstate_bucket" references: []
2026-09-03T00:52:29.399+0100 [DEBUG] ReferenceTransformer: "local.nomad_server_sa_email_prod (expand)" references: [local.bootstrap (expand)]
2026-09-03T00:52:29.399+0100 [DEBUG] ReferenceTransformer: "local.traefik_vm_sa_email_prod (expand)" references: [local.bootstrap (expand)]
2026-09-03T00:52:29.399+0100 [DEBUG] ReferenceTransformer: "local.nomad_server_startup_script (expand)" references: [local.instance_scripts_dir (expand)]
2026-09-03T00:52:29.399+0100 [DEBUG] ReferenceTransformer: "module.instances.google_compute_instance.this" references: [module.instances.var.instances (expand) module.instances.var.project_id (expand) module.instances.local.disks_flat (expand) module.instances.var.disk_cmek_key (expand) module.instances.var.disk_cmek_key (expand) module.instances.google_compute_disk.additional module.instances.google_compute_address.static]
2026-09-03T00:52:29.399+0100 [DEBUG] ReferenceTransformer: "var.platform_admin_email" references: []
2026-09-03T00:52:29.399+0100 [DEBUG] ReferenceTransformer: "module.instances.var.project_id (expand)" references: [var.project_id]
2026-09-03T00:52:29.400+0100 [DEBUG] ReferenceTransformer: "local.management_vm_sa_email (expand)" references: [local.bootstrap (expand)]
2026-09-03T00:52:29.400+0100 [DEBUG] ReferenceTransformer: "module.mig.google_compute_health_check.this" references: [module.mig.var.migs (expand) module.mig.var.project_id (expand)]
2026-09-03T00:52:29.400+0100 [DEBUG] ReferenceTransformer: "module.instances.var.disk_cmek_key (expand)" references: [local.bootstrap (expand)]
2026-09-03T00:52:29.400+0100 [DEBUG] ReferenceTransformer: "local.env_instances (expand)" references: [local.dev_server_instances (expand) local.prod_server_instances (expand)]
2026-09-03T00:52:29.400+0100 [DEBUG] ReferenceTransformer: "local.traefik_vm_sa_email_dev (expand)" references: [local.bootstrap (expand)]
2026-09-03T00:52:29.400+0100 [DEBUG] ReferenceTransformer: "google_project_iam_member.operator_os_login" references: [var.platform_admin_email var.project_id]
2026-09-03T00:52:29.400+0100 [DEBUG] ReferenceTransformer: "module.instances.google_compute_disk.additional" references: [module.instances.local.disks_flat (expand) module.instances.var.project_id (expand) module.instances.var.disk_cmek_key (expand)]
2026-09-03T00:52:29.400+0100 [DEBUG] ReferenceTransformer: "var.region" references: []
2026-09-03T00:52:29.400+0100 [DEBUG] ReferenceTransformer: "local.nomad_client_spot_shutdown_script (expand)" references: [local.instance_scripts_dir (expand)]
2026-09-03T00:52:29.400+0100 [DEBUG] ReferenceTransformer: "local.prod_server_instances (expand)" references: [local.zones (expand) local.zones (expand) local.network (expand) local.nomad_server_sa_email_prod (expand) var.project_id local.nomad_server_startup_script (expand) local.zones (expand) local.network (expand) local.traefik_vm_sa_email_prod (expand)]
2026-09-03T00:52:29.400+0100 [DEBUG] ReferenceTransformer: "module.instances.local.static_ips (expand)" references: [module.instances.var.instances (expand)]
2026-09-03T00:52:29.400+0100 [DEBUG] ReferenceTransformer: "module.mig (expand)" references: []
2026-09-03T00:52:29.400+0100 [DEBUG] ReferenceTransformer: "google_dns_record_set.this" references: [local.records (expand) local.network (expand) var.project_id local.network (expand)]
2026-09-03T00:52:29.401+0100 [DEBUG] ReferenceTransformer: "var.active_environments (validation)" references: []
2026-09-03T00:52:29.401+0100 [DEBUG] ReferenceTransformer: "local.bootstrap (expand)" references: [data.terraform_remote_state.bootstrap]
2026-09-03T00:52:29.401+0100 [DEBUG] ReferenceTransformer: "output.instances (expand)" references: [module.instances.output.instances (expand)]
2026-09-03T00:52:29.401+0100 [DEBUG] ReferenceTransformer: "output.persistent_disks (expand)" references: [module.instances.output.persistent_disks (expand)]
2026-09-03T00:52:29.401+0100 [DEBUG] ReferenceTransformer: "var.nomad_dev_server_count (validation)" references: []
2026-09-03T00:52:29.401+0100 [DEBUG] ReferenceTransformer: "module.instances (close)" references: []
2026-09-03T00:52:29.401+0100 [DEBUG] ReferenceTransformer: "var.bootstrap_tfstate_key" references: []
2026-09-03T00:52:29.401+0100 [DEBUG] ReferenceTransformer: "local.all_migs (expand)" references: [local.network (expand) local.nomad_client_sa_email_dev (expand) var.project_id local.nomad_client_startup_script (expand) local.network (expand) local.nomad_client_sa_email_dev (expand) var.project_id local.nomad_client_startup_script (expand) local.nomad_client_spot_shutdown_script (expand) local.network (expand) local.nomad_client_sa_email_prod (expand) var.project_id local.nomad_client_startup_script (expand) local.network (expand) local.nomad_client_sa_email_prod (expand) var.project_id local.nomad_client_startup_script (expand) local.nomad_client_spot_shutdown_script (expand)]
2026-09-03T00:52:29.401+0100 [DEBUG] ReferenceTransformer: "local.instance_scripts_dir (expand)" references: []
2026-09-03T00:52:29.404+0100 [DEBUG] Starting graph walk: walkValidate
2026-09-03T00:52:29.405+0100 [DEBUG] created provider logger: level=debug
2026-09-03T00:52:29.405+0100 [INFO]  provider: configuring client automatic mTLS
2026-09-03T00:52:29.412+0100 [DEBUG] provider: starting plugin: path=.terraform/providers/registry.terraform.io/hashicorp/google/7.43.0/linux_amd64/terraform-provider-google_v7.43.0_x5 args=[".terraform/providers/registry.terraform.io/hashicorp/google/7.43.0/linux_amd64/terraform-provider-google_v7.43.0_x5"]
2026-09-03T00:52:29.412+0100 [DEBUG] provider: plugin started: path=.terraform/providers/registry.terraform.io/hashicorp/google/7.43.0/linux_amd64/terraform-provider-google_v7.43.0_x5 pid=101325
2026-09-03T00:52:29.412+0100 [DEBUG] provider: waiting for RPC address: plugin=.terraform/providers/registry.terraform.io/hashicorp/google/7.43.0/linux_amd64/terraform-provider-google_v7.43.0_x5
2026-09-03T00:52:29.517+0100 [INFO]  provider.terraform-provider-google_v7.43.0_x5: configuring server automatic mTLS: timestamp="2026-09-03T00:52:29.512+0100"
2026-09-03T00:52:29.530+0100 [DEBUG] provider: using plugin: version=5
2026-09-03T00:52:29.531+0100 [DEBUG] provider.terraform-provider-google_v7.43.0_x5: plugin address: address=/tmp/plugin1211148155 network=unix timestamp="2026-09-03T00:52:29.530+0100"
2026-09-03T00:52:29.696+0100 [DEBUG] provider.stdio: received EOF, stopping recv loop: err="rpc error: code = Unavailable desc = error reading from server: EOF"
2026-09-03T00:52:29.730+0100 [INFO]  provider: plugin process exited: plugin=.terraform/providers/registry.terraform.io/hashicorp/google/7.43.0/linux_amd64/terraform-provider-google_v7.43.0_x5 id=101325
2026-09-03T00:52:29.730+0100 [DEBUG] provider: plugin exited
2026-09-03T00:52:29.731+0100 [INFO]  backend/local: apply calling Plan
2026-09-03T00:52:29.732+0100 [DEBUG] Building and walking plan graph for NormalMode
2026-09-03T00:52:29.735+0100 [DEBUG] adding implicit provider configuration provider["terraform.io/builtin/terraform"], implied first by data.terraform_remote_state.bootstrap (expand)
2026-09-03T00:52:29.735+0100 [DEBUG] ProviderTransformer: "data.google_compute_zones.available (expand)" (*terraform.nodeExpandPlannableResource) needs provider["registry.terraform.io/hashicorp/google"]
2026-09-03T00:52:29.735+0100 [DEBUG] ProviderTransformer: "module.instances.google_compute_address.static (expand)" (*terraform.nodeExpandPlannableResource) needs provider["registry.terraform.io/hashicorp/google"]
2026-09-03T00:52:29.735+0100 [DEBUG] ProviderTransformer: "module.instances.google_compute_instance.this (expand)" (*terraform.nodeExpandPlannableResource) needs provider["registry.terraform.io/hashicorp/google"]
2026-09-03T00:52:29.735+0100 [DEBUG] ProviderTransformer: "data.terraform_remote_state.bootstrap (expand)" (*terraform.nodeExpandPlannableResource) needs provider["terraform.io/builtin/terraform"]
2026-09-03T00:52:29.735+0100 [DEBUG] ProviderTransformer: "module.mig.google_compute_region_instance_group_manager.this (expand)" (*terraform.nodeExpandPlannableResource) needs provider["registry.terraform.io/hashicorp/google"]
2026-09-03T00:52:29.735+0100 [DEBUG] ProviderTransformer: "module.mig.google_compute_instance_template.this (expand)" (*terraform.nodeExpandPlannableResource) needs provider["registry.terraform.io/hashicorp/google"]
2026-09-03T00:52:29.735+0100 [DEBUG] ProviderTransformer: "google_project_iam_member.operator_os_login (expand)" (*terraform.nodeExpandPlannableResource) needs provider["registry.terraform.io/hashicorp/google"]
2026-09-03T00:52:29.735+0100 [DEBUG] ProviderTransformer: "google_project_iam_member.operator_iap_tunnel (expand)" (*terraform.nodeExpandPlannableResource) needs provider["registry.terraform.io/hashicorp/google"]
2026-09-03T00:52:29.735+0100 [DEBUG] ProviderTransformer: "module.instances.google_compute_disk.additional (expand)" (*terraform.nodeExpandPlannableResource) needs provider["registry.terraform.io/hashicorp/google"]
2026-09-03T00:52:29.735+0100 [DEBUG] ProviderTransformer: "google_dns_record_set.this (expand)" (*terraform.nodeExpandPlannableResource) needs provider["registry.terraform.io/hashicorp/google"]
2026-09-03T00:52:29.735+0100 [DEBUG] ProviderTransformer: "module.mig.google_compute_region_autoscaler.this (expand)" (*terraform.nodeExpandPlannableResource) needs provider["registry.terraform.io/hashicorp/google"]
2026-09-03T00:52:29.735+0100 [DEBUG] ProviderTransformer: "data.terraform_remote_state.network (expand)" (*terraform.nodeExpandPlannableResource) needs provider["terraform.io/builtin/terraform"]
2026-09-03T00:52:29.736+0100 [DEBUG] ProviderTransformer: "module.mig.google_compute_health_check.this (expand)" (*terraform.nodeExpandPlannableResource) needs provider["registry.terraform.io/hashicorp/google"]
2026-09-03T00:52:29.736+0100 [DEBUG] ReferenceTransformer: "var.platform_tfstate_bucket" references: []
2026-09-03T00:52:29.736+0100 [DEBUG] ReferenceTransformer: "module.mig.var.region (expand)" references: [var.region]
2026-09-03T00:52:29.736+0100 [DEBUG] ReferenceTransformer: "local.network (expand)" references: [data.terraform_remote_state.network (expand)]
2026-09-03T00:52:29.736+0100 [DEBUG] ReferenceTransformer: "local.all_migs (expand)" references: [local.network (expand) local.nomad_client_sa_email_dev (expand) var.project_id local.nomad_client_startup_script (expand) local.network (expand) local.nomad_client_sa_email_dev (expand) var.project_id local.nomad_client_startup_script (expand) local.nomad_client_spot_shutdown_script (expand) local.network (expand) local.nomad_client_sa_email_prod (expand) var.project_id local.nomad_client_startup_script (expand) local.network (expand) local.nomad_client_sa_email_prod (expand) var.project_id local.nomad_client_startup_script (expand) local.nomad_client_spot_shutdown_script (expand)]
2026-09-03T00:52:29.736+0100 [DEBUG] ReferenceTransformer: "module.mig.output.instance_groups (expand)" references: [module.mig.google_compute_region_instance_group_manager.this (expand)]
2026-09-03T00:52:29.737+0100 [DEBUG] ReferenceTransformer: "provider[\"registry.terraform.io/hashicorp/google\"]" references: [var.project_id var.region]
2026-09-03T00:52:29.737+0100 [DEBUG] ReferenceTransformer: "module.mig.var.zones (expand)" references: [local.zones (expand)]
2026-09-03T00:52:29.737+0100 [DEBUG] ReferenceTransformer: "module.instances.var.project_id (expand)" references: [var.project_id]
2026-09-03T00:52:29.737+0100 [DEBUG] ReferenceTransformer: "module.instances.google_compute_address.static (expand)" references: [module.instances.local.static_ips (expand) module.instances.var.project_id (expand)]
2026-09-03T00:52:29.738+0100 [DEBUG] ReferenceTransformer: "module.instances.google_compute_instance.this (expand)" references: [module.instances.var.instances (expand) module.instances.var.project_id (expand) module.instances.local.disks_flat (expand) module.instances.var.disk_cmek_key (expand) module.instances.google_compute_disk.additional (expand) module.instances.var.disk_cmek_key (expand) module.instances.google_compute_address.static (expand)]
2026-09-03T00:52:29.738+0100 [DEBUG] ReferenceTransformer: "var.project_id" references: []
2026-09-03T00:52:29.738+0100 [DEBUG] ReferenceTransformer: "data.terraform_remote_state.bootstrap (expand)" references: [var.platform_tfstate_bucket var.bootstrap_tfstate_key]
2026-09-03T00:52:29.739+0100 [DEBUG] ReferenceTransformer: "module.mig.google_compute_region_autoscaler.this (expand)" references: [module.mig.var.migs (expand) module.mig.google_compute_region_instance_group_manager.this (expand) module.mig.var.project_id (expand) module.mig.var.region (expand)]
2026-09-03T00:52:29.739+0100 [DEBUG] ReferenceTransformer: "module.mig (expand)" references: []
2026-09-03T00:52:29.739+0100 [DEBUG] ReferenceTransformer: "var.nomad_dev_server_count" references: []
2026-09-03T00:52:29.739+0100 [DEBUG] ReferenceTransformer: "local.nomad_server_sa_email_dev (expand)" references: [local.bootstrap (expand)]
2026-09-03T00:52:29.739+0100 [DEBUG] ReferenceTransformer: "local.bootstrap (expand)" references: [data.terraform_remote_state.bootstrap (expand)]
2026-09-03T00:52:29.739+0100 [DEBUG] ReferenceTransformer: "local.nomad_server_sa_email_prod (expand)" references: [local.bootstrap (expand)]
2026-09-03T00:52:29.739+0100 [DEBUG] ReferenceTransformer: "local.traefik_vm_sa_email_internal (expand)" references: [local.bootstrap (expand)]
2026-09-03T00:52:29.739+0100 [DEBUG] ReferenceTransformer: "local.zones (expand)" references: [data.google_compute_zones.available (expand)]
2026-09-03T00:52:29.739+0100 [DEBUG] ReferenceTransformer: "module.instances.local.disks_flat (expand)" references: [module.instances.var.instances (expand)]
2026-09-03T00:52:29.739+0100 [DEBUG] ReferenceTransformer: "data.terraform_remote_state.network (expand)" references: [var.platform_tfstate_bucket var.network_tfstate_key]
2026-09-03T00:52:29.739+0100 [DEBUG] ReferenceTransformer: "var.network_tfstate_key" references: []
2026-09-03T00:52:29.739+0100 [DEBUG] ReferenceTransformer: "module.mig.var.disk_cmek_key (expand)" references: [local.bootstrap (expand)]
2026-09-03T00:52:29.739+0100 [DEBUG] ReferenceTransformer: "local.instance_scripts_dir (expand)" references: []
2026-09-03T00:52:29.739+0100 [DEBUG] ReferenceTransformer: "module.mig.google_compute_health_check.this (expand)" references: [module.mig.var.migs (expand) module.mig.var.project_id (expand)]
2026-09-03T00:52:29.739+0100 [DEBUG] ReferenceTransformer: "var.bootstrap_tfstate_key" references: []
2026-09-03T00:52:29.739+0100 [DEBUG] ReferenceTransformer: "local.env_instances (expand)" references: [local.dev_server_instances (expand) local.prod_server_instances (expand)]
2026-09-03T00:52:29.739+0100 [DEBUG] ReferenceTransformer: "local.nomad_client_startup_script (expand)" references: [local.instance_scripts_dir (expand)]
2026-09-03T00:52:29.739+0100 [DEBUG] ReferenceTransformer: "output.persistent_disks (expand)" references: [module.instances.output.persistent_disks (expand)]
2026-09-03T00:52:29.739+0100 [DEBUG] ReferenceTransformer: "local.traefik_vm_sa_email_prod (expand)" references: [local.bootstrap (expand)]
2026-09-03T00:52:29.739+0100 [DEBUG] ReferenceTransformer: "local.prod_server_instances (expand)" references: [local.zones (expand) local.zones (expand) local.network (expand) local.nomad_server_sa_email_prod (expand) var.project_id local.nomad_server_startup_script (expand) local.zones (expand) local.network (expand) local.traefik_vm_sa_email_prod (expand)]
2026-09-03T00:52:29.739+0100 [DEBUG] ReferenceTransformer: "local.active_env_instances (expand)" references: [local.env_instances (expand) var.active_environments var.active_environments (validation)]
2026-09-03T00:52:29.740+0100 [DEBUG] ReferenceTransformer: "data.google_compute_zones.available (expand)" references: [var.project_id var.region]
2026-09-03T00:52:29.741+0100 [DEBUG] ReferenceTransformer: "module.mig.google_compute_region_instance_group_manager.this (expand)" references: [module.mig.var.migs (expand) module.mig.var.project_id (expand) module.mig.var.zones (expand) module.mig.var.region (expand) module.mig.google_compute_instance_template.this (expand) module.mig.google_compute_health_check.this (expand)]
2026-09-03T00:52:29.741+0100 [DEBUG] ReferenceTransformer: "module.mig.google_compute_instance_template.this (expand)" references: [module.mig.var.migs (expand) module.mig.var.project_id (expand) module.mig.var.disk_cmek_key (expand)]
2026-09-03T00:52:29.742+0100 [DEBUG] ReferenceTransformer: "local.management_vm_sa_email (expand)" references: [local.bootstrap (expand)]
2026-09-03T00:52:29.742+0100 [DEBUG] ReferenceTransformer: "local.nomad_server_startup_script (expand)" references: [local.instance_scripts_dir (expand)]
2026-09-03T00:52:29.743+0100 [DEBUG] ReferenceTransformer: "module.instances.var.disk_cmek_key (expand)" references: [local.bootstrap (expand)]
2026-09-03T00:52:29.743+0100 [DEBUG] ReferenceTransformer: "local.traefik_vm_sa_email_dev (expand)" references: [local.bootstrap (expand)]
2026-09-03T00:52:29.743+0100 [DEBUG] ReferenceTransformer: "output.mig (expand)" references: [module.mig.output.instance_groups (expand)]
2026-09-03T00:52:29.744+0100 [DEBUG] ReferenceTransformer: "local.records (expand)" references: [module.instances.output.instances (expand) module.instances.output.instances (expand) module.instances.output.instances (expand) module.instances.output.instances (expand) module.instances.output.instances (expand) module.instances.output.instances (expand) module.instances.output.instances (expand) module.instances.output.instances (expand) module.instances.output.instances (expand) module.instances.output.instances (expand) module.instances.output.instances (expand) module.instances.output.instances (expand) module.instances.output.instances (expand) module.instances.output.instances (expand) module.instances.output.instances (expand) module.instances.output.instances (expand) module.instances.output.instances (expand) module.instances.output.instances (expand) module.instances.output.instances (expand)]
2026-09-03T00:52:29.744+0100 [DEBUG] ReferenceTransformer: "local.nomad_client_sa_email_prod (expand)" references: [local.bootstrap (expand)]
2026-09-03T00:52:29.744+0100 [DEBUG] ReferenceTransformer: "local.shared_instances (expand)" references: [local.zones (expand) local.network (expand) local.management_vm_sa_email (expand) local.zones (expand) local.network (expand) local.traefik_vm_sa_email_internal (expand)]
2026-09-03T00:52:29.744+0100 [DEBUG] ReferenceTransformer: "output.instances (expand)" references: [module.instances.output.instances (expand)]
2026-09-03T00:52:29.744+0100 [DEBUG] ReferenceTransformer: "module.mig (close)" references: []
2026-09-03T00:52:29.744+0100 [DEBUG] ReferenceTransformer: "var.platform_admin_email" references: []
2026-09-03T00:52:29.745+0100 [DEBUG] ReferenceTransformer: "google_project_iam_member.operator_os_login (expand)" references: [var.project_id var.platform_admin_email]
2026-09-03T00:52:29.745+0100 [DEBUG] ReferenceTransformer: "var.region" references: []
2026-09-03T00:52:29.745+0100 [DEBUG] ReferenceTransformer: "module.mig.var.project_id (expand)" references: [var.project_id]
2026-09-03T00:52:29.745+0100 [DEBUG] ReferenceTransformer: "local.dev_server_instances (expand)" references: [var.nomad_dev_server_count var.nomad_dev_server_count (validation) local.zones (expand) local.zones (expand) local.network (expand) local.nomad_server_sa_email_dev (expand) var.project_id local.nomad_server_startup_script (expand) local.zones (expand) local.network (expand) local.traefik_vm_sa_email_dev (expand)]
2026-09-03T00:52:29.745+0100 [DEBUG] ReferenceTransformer: "local.nomad_client_sa_email_dev (expand)" references: [local.bootstrap (expand)]
2026-09-03T00:52:29.745+0100 [DEBUG] ReferenceTransformer: "google_project_iam_member.operator_iap_tunnel (expand)" references: [var.platform_admin_email var.project_id]
2026-09-03T00:52:29.745+0100 [DEBUG] ReferenceTransformer: "var.active_environments" references: []
2026-09-03T00:52:29.746+0100 [DEBUG] ReferenceTransformer: "var.nomad_dev_server_count (validation)" references: []
2026-09-03T00:52:29.746+0100 [DEBUG] ReferenceTransformer: "var.active_environments (validation)" references: []
2026-09-03T00:52:29.746+0100 [DEBUG] ReferenceTransformer: "local.instances (expand)" references: [local.shared_instances (expand) local.active_env_instances (expand)]
2026-09-03T00:52:29.746+0100 [DEBUG] ReferenceTransformer: "module.instances (expand)" references: []
2026-09-03T00:52:29.746+0100 [DEBUG] ReferenceTransformer: "module.instances.google_compute_disk.additional (expand)" references: [module.instances.local.disks_flat (expand) module.instances.var.project_id (expand) module.instances.var.disk_cmek_key (expand)]
2026-09-03T00:52:29.746+0100 [DEBUG] ReferenceTransformer: "module.instances.var.instances (expand)" references: [local.instances (expand)]
2026-09-03T00:52:29.746+0100 [DEBUG] ReferenceTransformer: "local.nomad_client_spot_shutdown_script (expand)" references: [local.instance_scripts_dir (expand)]
2026-09-03T00:52:29.746+0100 [DEBUG] ReferenceTransformer: "local.active_migs (expand)" references: [local.all_migs (expand) var.active_environments var.active_environments (validation)]
2026-09-03T00:52:29.746+0100 [DEBUG] ReferenceTransformer: "module.instances.local.static_ips (expand)" references: [module.instances.var.instances (expand)]
2026-09-03T00:52:29.746+0100 [DEBUG] ReferenceTransformer: "module.instances.output.persistent_disks (expand)" references: [module.instances.local.disks_flat (expand)]
2026-09-03T00:52:29.747+0100 [DEBUG] ReferenceTransformer: "module.instances (close)" references: []
2026-09-03T00:52:29.747+0100 [DEBUG] ReferenceTransformer: "google_dns_record_set.this (expand)" references: [local.records (expand) var.project_id local.network (expand) local.network (expand)]
2026-09-03T00:52:29.747+0100 [DEBUG] ReferenceTransformer: "provider[\"terraform.io/builtin/terraform\"]" references: []
2026-09-03T00:52:29.747+0100 [DEBUG] ReferenceTransformer: "module.mig.var.migs (expand)" references: [local.active_migs (expand)]
2026-09-03T00:52:29.747+0100 [DEBUG] ReferenceTransformer: "module.instances.output.instances (expand)" references: [module.instances.google_compute_instance.this (expand)]
2026-09-03T00:52:29.764+0100 [DEBUG] Starting graph walk: walkPlan
2026-09-03T00:52:29.767+0100 [DEBUG] created provider logger: level=debug
2026-09-03T00:52:29.767+0100 [INFO]  provider: configuring client automatic mTLS
2026-09-03T00:52:29.782+0100 [DEBUG] provider: starting plugin: path=.terraform/providers/registry.terraform.io/hashicorp/google/7.43.0/linux_amd64/terraform-provider-google_v7.43.0_x5 args=[".terraform/providers/registry.terraform.io/hashicorp/google/7.43.0/linux_amd64/terraform-provider-google_v7.43.0_x5"]
2026-09-03T00:52:29.789+0100 [DEBUG] provider: plugin started: path=.terraform/providers/registry.terraform.io/hashicorp/google/7.43.0/linux_amd64/terraform-provider-google_v7.43.0_x5 pid=101333
2026-09-03T00:52:29.789+0100 [DEBUG] provider: waiting for RPC address: plugin=.terraform/providers/registry.terraform.io/hashicorp/google/7.43.0/linux_amd64/terraform-provider-google_v7.43.0_x5
2026-09-03T00:52:29.911+0100 [INFO]  provider.terraform-provider-google_v7.43.0_x5: configuring server automatic mTLS: timestamp="2026-09-03T00:52:29.910+0100"
2026-09-03T00:52:29.950+0100 [DEBUG] provider.terraform-provider-google_v7.43.0_x5: plugin address: network=unix address=/tmp/plugin876500406 timestamp="2026-09-03T00:52:29.949+0100"
2026-09-03T00:52:29.950+0100 [DEBUG] provider: using plugin: version=5
2026-09-03T00:52:29.973+0100 [DEBUG] ReferenceTransformer: "data.terraform_remote_state.network" references: []
2026-09-03T00:52:29.975+0100 [DEBUG] Initializing remote state backend: gcs
2026-09-03T00:52:29.977+0100 [DEBUG] ReferenceTransformer: "data.terraform_remote_state.bootstrap" references: []
2026-09-03T00:52:29.977+0100 [DEBUG] Initializing remote state backend: gcs
2026-09-03T00:52:29.979+0100 [DEBUG] Initializing remote state backend: gcs
2026-09-03T00:52:29.980+0100 [DEBUG] Initializing remote state backend: gcs
2026-09-03T00:52:30.115+0100 [DEBUG] provider.terraform-provider-google_v7.43.0_x5: 2026/09/03 00:52:30 [INFO] Authenticating using DefaultClient...
2026-09-03T00:52:30.115+0100 [DEBUG] provider.terraform-provider-google_v7.43.0_x5: 2026/09/03 00:52:30 [INFO]   -- Scopes: [https://www.googleapis.com/auth/cloud-platform https://www.googleapis.com/auth/userinfo.email]
2026-09-03T00:52:30.118+0100 [DEBUG] provider.terraform-provider-google_v7.43.0_x5: 2026/09/03 00:52:30 [INFO] Authenticating using DefaultClient...
2026-09-03T00:52:30.118+0100 [DEBUG] provider.terraform-provider-google_v7.43.0_x5: 2026/09/03 00:52:30 [INFO]   -- Scopes: [https://www.googleapis.com/auth/cloud-platform https://www.googleapis.com/auth/userinfo.email]
2026-09-03T00:52:30.118+0100 [DEBUG] provider.terraform-provider-google_v7.43.0_x5: 2026/09/03 00:52:30 [DEBUG] Waiting for state to become: [success]
2026-09-03T00:52:33.190+0100 [DEBUG] provider.terraform-provider-google_v7.43.0_x5: 2026/09/03 00:52:33 [INFO] Terraform is using this identity: silasfrancis57@gmail.com
2026-09-03T00:52:33.196+0100 [DEBUG] ReferenceTransformer: "google_project_iam_member.operator_iap_tunnel" references: []
2026-09-03T00:52:33.196+0100 [DEBUG] ReferenceTransformer: "google_project_iam_member.operator_os_login" references: []
2026-09-03T00:52:33.196+0100 [DEBUG] ReferenceTransformer: "data.google_compute_zones.available" references: []
2026-09-03T00:52:33.234+0100 [DEBUG] provider.terraform-provider-google_v7.43.0_x5: 2026/09/03 00:52:33 [DEBUG] Waiting for state to become: [success]
2026-09-03T00:52:33.235+0100 [DEBUG] provider.terraform-provider-google_v7.43.0_x5: 2026/09/03 00:52:33 [DEBUG] Locking "iam-project-nomad-platform-gcp"
2026-09-03T00:52:33.235+0100 [DEBUG] provider.terraform-provider-google_v7.43.0_x5: 2026/09/03 00:52:33 [DEBUG] Locked "iam-project-nomad-platform-gcp"
2026-09-03T00:52:33.235+0100 [DEBUG] provider.terraform-provider-google_v7.43.0_x5: 2026/09/03 00:52:33 [DEBUG] Retrieving policy for project "nomad-platform-gcp"
2026-09-03T00:52:33.235+0100 [DEBUG] provider.terraform-provider-google_v7.43.0_x5: 2026/09/03 00:52:33 [DEBUG] Waiting for state to become: [success]
2026-09-03T00:52:33.235+0100 [DEBUG] provider.terraform-provider-google_v7.43.0_x5: 2026/09/03 00:52:33 [INFO] Instantiating Google Cloud ResourceManager client for path https://cloudresourcemanager.googleapis.com/
2026-09-03T00:52:33.235+0100 [DEBUG] provider.terraform-provider-google_v7.43.0_x5: 2026/09/03 00:52:33 [DEBUG] Google API Request Details:
2026-09-03T00:52:33.235+0100 [DEBUG] provider.terraform-provider-google_v7.43.0_x5: ---[ REQUEST ]---------------------------------------
2026-09-03T00:52:33.235+0100 [DEBUG] provider.terraform-provider-google_v7.43.0_x5: GET /compute/v1/projects/nomad-platform-gcp/zones?alt=json&filter=+%28status+eq+UP%29&prettyPrint=false HTTP/1.1
2026-09-03T00:52:33.236+0100 [DEBUG] provider.terraform-provider-google_v7.43.0_x5: Host: compute.googleapis.com
2026-09-03T00:52:33.236+0100 [DEBUG] provider.terraform-provider-google_v7.43.0_x5: User-Agent: Terraform/1.15.8 (+https://www.terraform.io) Terraform-Plugin-SDK/2.40.1 terraform-provider-google/7.43.0
2026-09-03T00:52:33.236+0100 [DEBUG] provider.terraform-provider-google_v7.43.0_x5: Content-Type: application/json
2026-09-03T00:52:33.236+0100 [DEBUG] provider.terraform-provider-google_v7.43.0_x5: Accept-Encoding: gzip
2026-09-03T00:52:33.236+0100 [DEBUG] provider.terraform-provider-google_v7.43.0_x5
2026-09-03T00:52:33.236+0100 [DEBUG] provider.terraform-provider-google_v7.43.0_x5
2026-09-03T00:52:33.236+0100 [DEBUG] provider.terraform-provider-google_v7.43.0_x5: -----------------------------------------------------
2026-09-03T00:52:33.236+0100 [DEBUG] provider.terraform-provider-google_v7.43.0_x5: 2026/09/03 00:52:33 [DEBUG] Google API Request Details:
2026-09-03T00:52:33.236+0100 [DEBUG] provider.terraform-provider-google_v7.43.0_x5: ---[ REQUEST ]---------------------------------------
2026-09-03T00:52:33.236+0100 [DEBUG] provider.terraform-provider-google_v7.43.0_x5: POST /v1/projects/nomad-platform-gcp:getIamPolicy?alt=json&prettyPrint=false HTTP/1.1
2026-09-03T00:52:33.236+0100 [DEBUG] provider.terraform-provider-google_v7.43.0_x5: Host: cloudresourcemanager.googleapis.com
2026-09-03T00:52:33.236+0100 [DEBUG] provider.terraform-provider-google_v7.43.0_x5: User-Agent: google-api-go-client/0.5 Terraform/1.15.8 (+https://www.terraform.io) Terraform-Plugin-SDK/2.40.1 terraform-provider-google/7.43.0
2026-09-03T00:52:33.236+0100 [DEBUG] provider.terraform-provider-google_v7.43.0_x5: Content-Length: 41
2026-09-03T00:52:33.236+0100 [DEBUG] provider.terraform-provider-google_v7.43.0_x5: Content-Type: application/json
2026-09-03T00:52:33.236+0100 [DEBUG] provider.terraform-provider-google_v7.43.0_x5: X-Goog-Api-Client: gl-go/1.26.5 gdcl/0.288.0
2026-09-03T00:52:33.236+0100 [DEBUG] provider.terraform-provider-google_v7.43.0_x5: Accept-Encoding: gzip
2026-09-03T00:52:33.236+0100 [DEBUG] provider.terraform-provider-google_v7.43.0_x5
2026-09-03T00:52:33.236+0100 [DEBUG] provider.terraform-provider-google_v7.43.0_x5: {
2026-09-03T00:52:33.236+0100 [DEBUG] provider.terraform-provider-google_v7.43.0_x5:  "options": {
2026-09-03T00:52:33.236+0100 [DEBUG] provider.terraform-provider-google_v7.43.0_x5:   "requestedPolicyVersion": 3
2026-09-03T00:52:33.236+0100 [DEBUG] provider.terraform-provider-google_v7.43.0_x5:  }
2026-09-03T00:52:33.236+0100 [DEBUG] provider.terraform-provider-google_v7.43.0_x5: }
2026-09-03T00:52:33.236+0100 [DEBUG] provider.terraform-provider-google_v7.43.0_x5
2026-09-03T00:52:33.236+0100 [DEBUG] provider.terraform-provider-google_v7.43.0_x5: -----------------------------------------------------
2026-09-03T00:52:33.236+0100 [DEBUG] provider.terraform-provider-google_v7.43.0_x5: 2026/09/03 00:52:33 [DEBUG] Locking "iam-project-nomad-platform-gcp"
2026-09-03T00:52:35.328+0100 [DEBUG] provider.terraform-provider-google_v7.43.0_x5: 2026/09/03 00:52:35 [DEBUG] Google API Response Details:
2026-09-03T00:52:35.328+0100 [DEBUG] provider.terraform-provider-google_v7.43.0_x5: ---[ RESPONSE ]--------------------------------------
2026-09-03T00:52:35.328+0100 [DEBUG] provider.terraform-provider-google_v7.43.0_x5: HTTP/2.0 200 OK
2026-09-03T00:52:35.328+0100 [DEBUG] provider.terraform-provider-google_v7.43.0_x5: Alt-Svc: h3=":443"; ma=2592000,h3-29=":443"; ma=2592000
2026-09-03T00:52:35.328+0100 [DEBUG] provider.terraform-provider-google_v7.43.0_x5: Content-Type: application/json; charset=UTF-8
2026-09-03T00:52:35.328+0100 [DEBUG] provider.terraform-provider-google_v7.43.0_x5: Date: Wed, 02 Sep 2026 23:52:35 GMT
2026-09-03T00:52:35.328+0100 [DEBUG] provider.terraform-provider-google_v7.43.0_x5: Etag: Ivyucb81w_JU8sap1rWtoBKnkao=/q7K-vOK0wpWsywMo-vyxaNyMsGA=
2026-09-03T00:52:35.328+0100 [DEBUG] provider.terraform-provider-google_v7.43.0_x5: Server: ESF
2026-09-03T00:52:35.328+0100 [DEBUG] provider.terraform-provider-google_v7.43.0_x5: Vary: Origin
2026-09-03T00:52:35.328+0100 [DEBUG] provider.terraform-provider-google_v7.43.0_x5: Vary: X-Origin
2026-09-03T00:52:35.328+0100 [DEBUG] provider.terraform-provider-google_v7.43.0_x5: Vary: Referer
2026-09-03T00:52:35.328+0100 [DEBUG] provider.terraform-provider-google_v7.43.0_x5: X-Content-Type-Options: nosniff
2026-09-03T00:52:35.328+0100 [DEBUG] provider.terraform-provider-google_v7.43.0_x5: X-Frame-Options: SAMEORIGIN
2026-09-03T00:52:35.328+0100 [DEBUG] provider.terraform-provider-google_v7.43.0_x5: X-Xss-Protection: 0
2026-09-03T00:52:35.328+0100 [DEBUG] provider.terraform-provider-google_v7.43.0_x5
2026-09-03T00:52:35.328+0100 [DEBUG] provider.terraform-provider-google_v7.43.0_x5: {
2026-09-03T00:52:35.328+0100 [DEBUG] provider.terraform-provider-google_v7.43.0_x5:  "kind": "compute#zoneList",
2026-09-03T00:52:35.328+0100 [DEBUG] provider.terraform-provider-google_v7.43.0_x5:  "id": "projects/nomad-platform-gcp/zones",
2026-09-03T00:52:35.328+0100 [DEBUG] provider.terraform-provider-google_v7.43.0_x5:  "items": [
2026-09-03T00:52:35.328+0100 [DEBUG] provider.terraform-provider-google_v7.43.0_x5:   {
2026-09-03T00:52:35.328+0100 [DEBUG] provider.terraform-provider-google_v7.43.0_x5:    "kind": "compute#zone",
2026-09-03T00:52:35.328+0100 [DEBUG] provider.terraform-provider-google_v7.43.0_x5:    "id": "2231",
2026-09-03T00:52:35.328+0100 [DEBUG] provider.terraform-provider-google_v7.43.0_x5:    "creationTimestamp": "1969-12-31T16:00:00.000-08:00",
2026-09-03T00:52:35.328+0100 [DEBUG] provider.terraform-provider-google_v7.43.0_x5:    "name": "us-east1-b",
2026-09-03T00:52:35.328+0100 [DEBUG] provider.terraform-provider-google_v7.43.0_x5:    "description": "us-east1-b",
2026-09-03T00:52:35.328+0100 [DEBUG] provider.terraform-provider-google_v7.43.0_x5:    "status": "UP",
2026-09-03T00:52:35.328+0100 [DEBUG] provider.terraform-provider-google_v7.43.0_x5:    "region": "https://www.googleapis.com/compute/v1/projects/nomad-platform-gcp/regions/us-east1",
2026-09-03T00:52:35.328+0100 [DEBUG] provider.terraform-provider-google_v7.43.0_x5:    "selfLink": "https://www.googleapis.com/compute/v1/projects/nomad-platform-gcp/zones/us-east1-b",
2026-09-03T00:52:35.328+0100 [DEBUG] provider.terraform-provider-google_v7.43.0_x5:    "availableCpuPlatforms": [
2026-09-03T00:52:35.328+0100 [DEBUG] provider.terraform-provider-google_v7.43.0_x5:     "ARM Generic",
2026-09-03T00:52:35.328+0100 [DEBUG] provider.terraform-provider-google_v7.43.0_x5:     "Intel Broadwell",
2026-09-03T00:52:35.328+0100 [DEBUG] provider.terraform-provider-google_v7.43.0_x5:     "Intel Cascade Lake",
2026-09-03T00:52:35.328+0100 [DEBUG] provider.terraform-provider-google_v7.43.0_x5:     "Intel Emerald Rapids",
2026-09-03T00:52:35.328+0100 [DEBUG] provider.terraform-provider-google_v7.43.0_x5:     "AMD Genoa",
2026-09-03T00:52:35.328+0100 [DEBUG] provider.terraform-provider-google_v7.43.0_x5:     "Intel Granite Rapids",
2026-09-03T00:52:35.328+0100 [DEBUG] provider.terraform-provider-google_v7.43.0_x5:     "Intel Haswell",
2026-09-03T00:52:35.328+0100 [DEBUG] provider.terraform-provider-google_v7.43.0_x5:     "Intel Ice Lake",
2026-09-03T00:52:35.328+0100 [DEBUG] provider.terraform-provider-google_v7.43.0_x5:     "Intel Ivy Bridge",
2026-09-03T00:52:35.328+0100 [DEBUG] provider.terraform-provider-google_v7.43.0_x5:     "Google Axion",
2026-09-03T00:52:35.329+0100 [DEBUG] provider.terraform-provider-google_v7.43.0_x5:     "AMD Milan",
2026-09-03T00:52:35.329+0100 [DEBUG] provider.terraform-provider-google_v7.43.0_x5:     "AMD Rome",
2026-09-03T00:52:35.329+0100 [DEBUG] provider.terraform-provider-google_v7.43.0_x5:     "Intel Sandy Bridge",
2026-09-03T00:52:35.329+0100 [DEBUG] provider.terraform-provider-google_v7.43.0_x5:     "Intel Sapphire Rapids",
2026-09-03T00:52:35.329+0100 [DEBUG] provider.terraform-provider-google_v7.43.0_x5:     "Intel Skylake",
2026-09-03T00:52:35.329+0100 [DEBUG] provider.terraform-provider-google_v7.43.0_x5:     "Google Axion",
2026-09-03T00:52:35.329+0100 [DEBUG] provider.terraform-provider-google_v7.43.0_x5:     "AMD Turin"
2026-09-03T00:52:35.329+0100 [DEBUG] provider.terraform-provider-google_v7.43.0_x5:    ],
2026-09-03T00:52:35.329+0100 [DEBUG] provider.terraform-provider-google_v7.43.0_x5:    "supportsPzs": false
2026-09-03T00:52:35.329+0100 [DEBUG] provider.terraform-provider-google_v7.43.0_x5:   },
2026-09-03T00:52:35.329+0100 [DEBUG] provider.terraform-provider-google_v7.43.0_x5:   {
2026-09-03T00:52:35.329+0100 [DEBUG] provider.terraform-provider-google_v7.43.0_x5:    "kind": "compute#zone",
2026-09-03T00:52:35.329+0100 [DEBUG] provider.terraform-provider-google_v7.43.0_x5:    "id": "2233",
2026-09-03T00:52:35.329+0100 [DEBUG] provider.terraform-provider-google_v7.43.0_x5:    "creationTimestamp": "1969-12-31T16:00:00.000-08:00",
2026-09-03T00:52:35.329+0100 [DEBUG] provider.terraform-provider-google_v7.43.0_x5:    "name": "us-east1-c",
2026-09-03T00:52:35.329+0100 [DEBUG] provider.terraform-provider-google_v7.43.0_x5:    "description": "us-east1-c",
2026-09-03T00:52:35.329+0100 [DEBUG] provider.terraform-provider-google_v7.43.0_x5:    "status": "UP",
2026-09-03T00:52:35.329+0100 [DEBUG] provider.terraform-provider-google_v7.43.0_x5:    "region": "https://www.googleapis.com/compute/v1/projects/nomad-platform-gcp/regions/us-east1",
2026-09-03T00:52:35.329+0100 [DEBUG] provider.terraform-provider-google_v7.43.0_x5:    "selfLink": "https://www.googleapis.com/compute/v1/projects/nomad-platform-gcp/zones/us-east1-c",
2026-09-03T00:52:35.329+0100 [DEBUG] provider.terraform-provider-google_v7.43.0_x5:    "availableCpuPlatforms": [
2026-09-03T00:52:35.329+0100 [DEBUG] provider.terraform-provider-google_v7.43.0_x5:     "ARM Generic",
2026-09-03T00:52:35.329+0100 [DEBUG] provider.terraform-provider-google_v7.43.0_x5:     "Intel Broadwell",
2026-09-03T00:52:35.329+0100 [DEBUG] provider.terraform-provider-google_v7.43.0_x5:     "Intel Cascade Lake",
2026-09-03T00:52:35.329+0100 [DEBUG] provider.terraform-provider-google_v7.43.0_x5:     "Intel Emerald Rapids",
2026-09-03T00:52:35.329+0100 [DEBUG] provider.terraform-provider-google_v7.43.0_x5:     "AMD Genoa",
2026-09-03T00:52:35.329+0100 [DEBUG] provider.terraform-provider-google_v7.43.0_x5:     "Intel Granite Rapids",
2026-09-03T00:52:35.329+0100 [DEBUG] provider.terraform-provider-google_v7.43.0_x5:     "Intel Haswell",
2026-09-03T00:52:35.329+0100 [DEBUG] provider.terraform-provider-google_v7.43.0_x5:     "Intel Ice Lake",
2026-09-03T00:52:35.329+0100 [DEBUG] provider.terraform-provider-google_v7.43.0_x5:     "Intel Ivy Bridge",
2026-09-03T00:52:35.329+0100 [DEBUG] provider.terraform-provider-google_v7.43.0_x5:     "Google Axion",
2026-09-03T00:52:35.329+0100 [DEBUG] provider.terraform-provider-google_v7.43.0_x5:     "AMD Milan",
2026-09-03T00:52:35.329+0100 [DEBUG] provider.terraform-provider-google_v7.43.0_x5:     "AMD Rome",
2026-09-03T00:52:35.329+0100 [DEBUG] provider.terraform-provider-google_v7.43.0_x5:     "Intel Sandy Bridge",
2026-09-03T00:52:35.329+0100 [DEBUG] provider.terraform-provider-google_v7.43.0_x5:     "Intel Sapphire Rapids",
2026-09-03T00:52:35.329+0100 [DEBUG] provider.terraform-provider-google_v7.43.0_x5:     "Intel Skylake",
2026-09-03T00:52:35.329+0100 [DEBUG] provider.terraform-provider-google_v7.43.0_x5:     "Google Axion",
2026-09-03T00:52:35.329+0100 [DEBUG] provider.terraform-provider-google_v7.43.0_x5:     "AMD Turin"
2026-09-03T00:52:35.329+0100 [DEBUG] provider.terraform-provider-google_v7.43.0_x5:    ],
2026-09-03T00:52:35.329+0100 [DEBUG] provider.terraform-provider-google_v7.43.0_x5:    "supportsPzs": false
2026-09-03T00:52:35.329+0100 [DEBUG] provider.terraform-provider-google_v7.43.0_x5:   },
2026-09-03T00:52:35.329+0100 [DEBUG] provider.terraform-provider-google_v7.43.0_x5:   {
2026-09-03T00:52:35.329+0100 [DEBUG] provider.terraform-provider-google_v7.43.0_x5:    "kind": "compute#zone",
2026-09-03T00:52:35.329+0100 [DEBUG] provider.terraform-provider-google_v7.43.0_x5:    "id": "2234",
2026-09-03T00:52:35.329+0100 [DEBUG] provider.terraform-provider-google_v7.43.0_x5:    "creationTimestamp": "1969-12-31T16:00:00.000-08:00",
2026-09-03T00:52:35.329+0100 [DEBUG] provider.terraform-provider-google_v7.43.0_x5:    "name": "us-east1-d",
2026-09-03T00:52:35.329+0100 [DEBUG] provider.terraform-provider-google_v7.43.0_x5:    "description": "us-east1-d",
2026-09-03T00:52:35.329+0100 [DEBUG] provider.terraform-provider-google_v7.43.0_x5:    "status": "UP",
2026-09-03T00:52:35.329+0100 [DEBUG] provider.terraform-provider-google_v7.43.0_x5:    "region": "https://www.googleapis.com/compute/v1/projects/nomad-platform-gcp/regions/us-east1",
2026-09-03T00:52:35.329+0100 [DEBUG] provider.terraform-provider-google_v7.43.0_x5:    "selfLink": "https://www.googleapis.com/compute/v1/projects/nomad-platform-gcp/zones/us-east1-d",
2026-09-03T00:52:35.329+0100 [DEBUG] provider.terraform-provider-google_v7.43.0_x5:    "availableCpuPlatforms": [
2026-09-03T00:52:35.329+0100 [DEBUG] provider.terraform-provider-google_v7.43.0_x5:     "ARM Generic",
2026-09-03T00:52:35.329+0100 [DEBUG] provider.terraform-provider-google_v7.43.0_x5:     "Intel Broadwell",
2026-09-03T00:52:35.329+0100 [DEBUG] provider.terraform-provider-google_v7.43.0_x5:     "Intel Cascade Lake",
2026-09-03T00:52:35.329+0100 [DEBUG] provider.terraform-provider-google_v7.43.0_x5:     "Intel Emerald Rapids",
2026-09-03T00:52:35.329+0100 [DEBUG] provider.terraform-provider-google_v7.43.0_x5:     "AMD Genoa",
2026-09-03T00:52:35.329+0100 [DEBUG] provider.terraform-provider-google_v7.43.0_x5:     "NVIDIA Grace",
2026-09-03T00:52:35.329+0100 [DEBUG] provider.terraform-provider-google_v7.43.0_x5:     "Intel Granite Rapids",
2026-09-03T00:52:35.329+0100 [DEBUG] provider.terraform-provider-google_v7.43.0_x5:     "Intel Haswell",
2026-09-03T00:52:35.329+0100 [DEBUG] provider.terraform-provider-google_v7.43.0_x5:     "Intel Ice Lake",
2026-09-03T00:52:35.329+0100 [DEBUG] provider.terraform-provider-google_v7.43.0_x5:     "Intel Ivy Bridge",
2026-09-03T00:52:35.329+0100 [DEBUG] provider.terraform-provider-google_v7.43.0_x5:     "Google Axion",
2026-09-03T00:52:35.329+0100 [DEBUG] provider.terraform-provider-google_v7.43.0_x5:     "AMD Milan",
2026-09-03T00:52:35.329+0100 [DEBUG] provider.terraform-provider-google_v7.43.0_x5:     "AMD Rome",
2026-09-03T00:52:35.329+0100 [DEBUG] provider.terraform-provider-google_v7.43.0_x5:     "Intel Sandy Bridge",
2026-09-03T00:52:35.329+0100 [DEBUG] provider.terraform-provider-google_v7.43.0_x5:     "Intel Sapphire Rapids",
2026-09-03T00:52:35.329+0100 [DEBUG] provider.terraform-provider-google_v7.43.0_x5:     "Intel Skylake",
2026-09-03T00:52:35.329+0100 [DEBUG] provider.terraform-provider-google_v7.43.0_x5:     "Google Axion",
2026-09-03T00:52:35.329+0100 [DEBUG] provider.terraform-provider-google_v7.43.0_x5:     "AMD Turin"
2026-09-03T00:52:35.329+0100 [DEBUG] provider.terraform-provider-google_v7.43.0_x5:    ],
2026-09-03T00:52:35.329+0100 [DEBUG] provider.terraform-provider-google_v7.43.0_x5:    "supportsPzs": false
2026-09-03T00:52:35.329+0100 [DEBUG] provider.terraform-provider-google_v7.43.0_x5:   },
2026-09-03T00:52:35.329+0100 [DEBUG] provider.terraform-provider-google_v7.43.0_x5:   {
2026-09-03T00:52:35.329+0100 [DEBUG] provider.terraform-provider-google_v7.43.0_x5:    "kind": "compute#zone",
2026-09-03T00:52:35.329+0100 [DEBUG] provider.terraform-provider-google_v7.43.0_x5:    "id": "2272",
2026-09-03T00:52:35.329+0100 [DEBUG] provider.terraform-provider-google_v7.43.0_x5:    "creationTimestamp": "1969-12-31T16:00:00.000-08:00",
2026-09-03T00:52:35.329+0100 [DEBUG] provider.terraform-provider-google_v7.43.0_x5:    "name": "us-east4-c",
2026-09-03T00:52:35.329+0100 [DEBUG] provider.terraform-provider-google_v7.43.0_x5:    "description": "us-east4-c",
2026-09-03T00:52:35.329+0100 [DEBUG] provider.terraform-provider-google_v7.43.0_x5:    "status": "UP",
2026-09-03T00:52:35.329+0100 [DEBUG] provider.terraform-provider-google_v7.43.0_x5:    "region": "https://www.googleapis.com/compute/v1/projects/nomad-platform-gcp/regions/us-east4",
2026-09-03T00:52:35.329+0100 [DEBUG] provider.terraform-provider-google_v7.43.0_x5:    "selfLink": "https://www.googleapis.com/compute/v1/projects/nomad-platform-gcp/zones/us-east4-c",
2026-09-03T00:52:35.329+0100 [DEBUG] provider.terraform-provider-google_v7.43.0_x5:    "availableCpuPlatforms": [
2026-09-03T00:52:35.329+0100 [DEBUG] provider.terraform-provider-google_v7.43.0_x5:     "Intel Broadwell",
2026-09-03T00:52:35.329+0100 [DEBUG] provider.terraform-provider-google_v7.43.0_x5:     "Intel Cascade Lake",
2026-09-03T00:52:35.329+0100 [DEBUG] provider.terraform-provider-google_v7.43.0_x5:     "Intel Emerald Rapids",
2026-09-03T00:52:35.329+0100 [DEBUG] provider.terraform-provider-google_v7.43.0_x5:     "AMD Genoa",
2026-09-03T00:52:35.329+0100 [DEBUG] provider.terraform-provider-google_v7.43.0_x5:     "Intel Granite Rapids",
2026-09-03T00:52:35.329+0100 [DEBUG] provider.terraform-provider-google_v7.43.0_x5:     "Intel Haswell",
2026-09-03T00:52:35.329+0100 [DEBUG] provider.terraform-provider-google_v7.43.0_x5:     "Intel Ice Lake",
2026-09-03T00:52:35.329+0100 [DEBUG] provider.terraform-provider-google_v7.43.0_x5:     "Intel Ivy Bridge",
2026-09-03T00:52:35.329+0100 [DEBUG] provider.terraform-provider-google_v7.43.0_x5:     "Google Axion",
2026-09-03T00:52:35.329+0100 [DEBUG] provider.terraform-provider-google_v7.43.0_x5:     "AMD Milan",
2026-09-03T00:52:35.332+0100 [DEBUG] provider.terraform-provider-google_v7.43.0_x5:     "AMD Rome",
2026-09-03T00:52:35.332+0100 [DEBUG] provider.terraform-provider-google_v7.43.0_x5:     "Intel Sandy Bridge",
2026-09-03T00:52:35.332+0100 [DEBUG] provider.terraform-provider-google_v7.43.0_x5:     "Intel Sapphire Rapids",
2026-09-03T00:52:35.332+0100 [DEBUG] provider.terraform-provider-google_v7.43.0_x5:     "Intel Skylake",
2026-09-03T00:52:35.332+0100 [DEBUG] provider.terraform-provider-google_v7.43.0_x5:     "Google Axion",
2026-09-03T00:52:35.332+0100 [DEBUG] provider.terraform-provider-google_v7.43.0_x5:     "AMD Turin"
2026-09-03T00:52:35.332+0100 [DEBUG] provider.terraform-provider-google_v7.43.0_x5:    ],
2026-09-03T00:52:35.332+0100 [DEBUG] provider.terraform-provider-google_v7.43.0_x5:    "supportsPzs": true
2026-09-03T00:52:35.332+0100 [DEBUG] provider.terraform-provider-google_v7.43.0_x5:   },
2026-09-03T00:52:35.332+0100 [DEBUG] provider.terraform-provider-google_v7.43.0_x5:   {
2026-09-03T00:52:35.332+0100 [DEBUG] provider.terraform-provider-google_v7.43.0_x5:    "kind": "compute#zone",
2026-09-03T00:52:35.332+0100 [DEBUG] provider.terraform-provider-google_v7.43.0_x5:    "id": "2271",
2026-09-03T00:52:35.332+0100 [DEBUG] provider.terraform-provider-google_v7.43.0_x5:    "creationTimestamp": "1969-12-31T16:00:00.000-08:00",
2026-09-03T00:52:35.332+0100 [DEBUG] provider.terraform-provider-google_v7.43.0_x5:    "name": "us-east4-b",
2026-09-03T00:52:35.332+0100 [DEBUG] provider.terraform-provider-google_v7.43.0_x5:    "description": "us-east4-b",
2026-09-03T00:52:35.332+0100 [DEBUG] provider.terraform-provider-google_v7.43.0_x5:    "status": "UP",
2026-09-03T00:52:35.332+0100 [DEBUG] provider.terraform-provider-google_v7.43.0_x5:    "region": "https://www.googleapis.com/compute/v1/projects/nomad-platform-gcp/regions/us-east4",
2026-09-03T00:52:35.332+0100 [DEBUG] provider.terraform-provider-google_v7.43.0_x5:    "selfLink": "https://www.googleapis.com/compute/v1/projects/nomad-platform-gcp/zones/us-east4-b",
2026-09-03T00:52:35.332+0100 [DEBUG] provider.terraform-provider-google_v7.43.0_x5:    "availableCpuPlatforms": [
2026-09-03T00:52:35.332+0100 [DEBUG] provider.terraform-provider-google_v7.43.0_x5:     "Intel Broadwell",
2026-09-03T00:52:35.332+0100 [DEBUG] provider.terraform-provider-google_v7.43.0_x5:     "Intel Cascade Lake",
2026-09-03T00:52:35.332+0100 [DEBUG] provider.terraform-provider-google_v7.43.0_x5:     "Intel Emerald Rapids",
2026-09-03T00:52:35.332+0100 [DEBUG] provider.terraform-provider-google_v7.43.0_x5:     "AMD Genoa",
2026-09-03T00:52:35.332+0100 [DEBUG] provider.terraform-provider-google_v7.43.0_x5:     "NVIDIA Grace",
2026-09-03T00:52:35.332+0100 [DEBUG] provider.terraform-provider-google_v7.43.0_x5:     "Intel Granite Rapids",
2026-09-03T00:52:35.332+0100 [DEBUG] provider.terraform-provider-google_v7.43.0_x5:     "Intel Haswell",
2026-09-03T00:52:35.332+0100 [DEBUG] provider.terraform-provider-google_v7.43.0_x5:     "Intel Ice Lake",
2026-09-03T00:52:35.332+0100 [DEBUG] provider.terraform-provider-google_v7.43.0_x5:     "Intel Ivy Bridge",
2026-09-03T00:52:35.332+0100 [DEBUG] provider.terraform-provider-google_v7.43.0_x5:     "Google Axion",
2026-09-03T00:52:35.332+0100 [DEBUG] provider.terraform-provider-google_v7.43.0_x5:     "AMD Milan",
2026-09-03T00:52:35.332+0100 [DEBUG] provider.terraform-provider-google_v7.43.0_x5:     "AMD Rome",
2026-09-03T00:52:35.332+0100 [DEBUG] provider.terraform-provider-google_v7.43.0_x5:     "Intel Sandy Bridge",
2026-09-03T00:52:35.332+0100 [DEBUG] provider.terraform-provider-google_v7.43.0_x5:     "Intel Sapphire Rapids",
2026-09-03T00:52:35.332+0100 [DEBUG] provider.terraform-provider-google_v7.43.0_x5:     "Intel Skylake",
2026-09-03T00:52:35.332+0100 [DEBUG] provider.terraform-provider-google_v7.43.0_x5:     "Google Axion",
2026-09-03T00:52:35.332+0100 [DEBUG] provider.terraform-provider-google_v7.43.0_x5:     "AMD Turin"
2026-09-03T00:52:35.332+0100 [DEBUG] provider.terraform-provider-google_v7.43.0_x5:    ],
2026-09-03T00:52:35.333+0100 [DEBUG] provider.terraform-provider-google_v7.43.0_x5:    "supportsPzs": true
2026-09-03T00:52:35.333+0100 [DEBUG] provider.terraform-provider-google_v7.43.0_x5:   },
2026-09-03T00:52:35.333+0100 [DEBUG] provider.terraform-provider-google_v7.43.0_x5:   {
2026-09-03T00:52:35.333+0100 [DEBUG] provider.terraform-provider-google_v7.43.0_x5:    "kind": "compute#zone",
2026-09-03T00:52:35.333+0100 [DEBUG] provider.terraform-provider-google_v7.43.0_x5:    "id": "2270",
2026-09-03T00:52:35.333+0100 [DEBUG] provider.terraform-provider-google_v7.43.0_x5:    "creationTimestamp": "1969-12-31T16:00:00.000-08:00",
2026-09-03T00:52:35.333+0100 [DEBUG] provider.terraform-provider-google_v7.43.0_x5:    "name": "us-east4-a",
2026-09-03T00:52:35.333+0100 [DEBUG] provider.terraform-provider-google_v7.43.0_x5:    "description": "us-east4-a",
2026-09-03T00:52:35.333+0100 [DEBUG] provider.terraform-provider-google_v7.43.0_x5:    "status": "UP",
2026-09-03T00:52:35.333+0100 [DEBUG] provider.terraform-provider-google_v7.43.0_x5:    "region": "https://www.googleapis.com/compute/v1/projects/nomad-platform-gcp/regions/us-east4",
2026-09-03T00:52:35.333+0100 [DEBUG] provider.terraform-provider-google_v7.43.0_x5:    "selfLink": "https://www.googleapis.com/compute/v1/projects/nomad-platform-gcp/zones/us-east4-a",
2026-09-03T00:52:35.333+0100 [DEBUG] provider.terraform-provider-google_v7.43.0_x5:    "availableCpuPlatforms": [
2026-09-03T00:52:35.333+0100 [DEBUG] provider.terraform-provider-google_v7.43.0_x5:     "Intel Broadwell",
2026-09-03T00:52:35.333+0100 [DEBUG] provider.terraform-provider-google_v7.43.0_x5:     "Intel Cascade Lake",
2026-09-03T00:52:35.333+0100 [DEBUG] provider.terraform-provider-google_v7.43.0_x5:     "Intel Emerald Rapids",
2026-09-03T00:52:35.333+0100 [DEBUG] provider.terraform-provider-google_v7.43.0_x5:     "AMD Genoa",
2026-09-03T00:52:35.333+0100 [DEBUG] provider.terraform-provider-google_v7.43.0_x5:     "NVIDIA Grace",
2026-09-03T00:52:35.333+0100 [DEBUG] provider.terraform-provider-google_v7.43.0_x5:     "Intel Granite Rapids",
2026-09-03T00:52:35.333+0100 [DEBUG] provider.terraform-provider-google_v7.43.0_x5:     "Intel Haswell",
2026-09-03T00:52:35.333+0100 [DEBUG] provider.terraform-provider-google_v7.43.0_x5:     "Intel Ice Lake",
2026-09-03T00:52:35.333+0100 [DEBUG] provider.terraform-provider-google_v7.43.0_x5:     "Intel Ivy Bridge",
2026-09-03T00:52:35.333+0100 [DEBUG] provider.terraform-provider-google_v7.43.0_x5:     "Google Axion",
2026-09-03T00:52:35.333+0100 [DEBUG] provider.terraform-provider-google_v7.43.0_x5:     "AMD Milan",
2026-09-03T00:52:35.333+0100 [DEBUG] provider.terraform-provider-google_v7.43.0_x5:     "AMD Rome",
2026-09-03T00:52:35.333+0100 [DEBUG] provider.terraform-provider-google_v7.43.0_x5:     "Intel Sandy Bridge",
2026-09-03T00:52:35.333+0100 [DEBUG] provider.terraform-provider-google_v7.43.0_x5:     "Intel Sapphire Rapids",
2026-09-03T00:52:35.333+0100 [DEBUG] provider.terraform-provider-google_v7.43.0_x5:     "Intel Skylake",
2026-09-03T00:52:35.333+0100 [DEBUG] provider.terraform-provider-google_v7.43.0_x5:     "Google Axion",
2026-09-03T00:52:35.333+0100 [DEBUG] provider.terraform-provider-google_v7.43.0_x5:     "AMD Turin"
2026-09-03T00:52:35.333+0100 [DEBUG] provider.terraform-provider-google_v7.43.0_x5:    ],
2026-09-03T00:52:35.333+0100 [DEBUG] provider.terraform-provider-google_v7.43.0_x5:    "supportsPzs": true
2026-09-03T00:52:35.333+0100 [DEBUG] provider.terraform-provider-google_v7.43.0_x5:   },
2026-09-03T00:52:35.333+0100 [DEBUG] provider.terraform-provider-google_v7.43.0_x5:   {
2026-09-03T00:52:35.333+0100 [DEBUG] provider.terraform-provider-google_v7.43.0_x5:    "kind": "compute#zone",
2026-09-03T00:52:35.333+0100 [DEBUG] provider.terraform-provider-google_v7.43.0_x5:    "id": "2002",
2026-09-03T00:52:35.333+0100 [DEBUG] provider.terraform-provider-google_v7.43.0_x5:    "creationTimestamp": "1969-12-31T16:00:00.000-08:00",
2026-09-03T00:52:35.333+0100 [DEBUG] provider.terraform-provider-google_v7.43.0_x5:    "name": "us-central1-c",
2026-09-03T00:52:35.333+0100 [DEBUG] provider.terraform-provider-google_v7.43.0_x5:    "description": "us-central1-c",
2026-09-03T00:52:35.333+0100 [DEBUG] provider.terraform-provider-google_v7.43.0_x5:    "status": "UP",
2026-09-03T00:52:35.333+0100 [DEBUG] provider.terraform-provider-google_v7.43.0_x5:    "region": "https://www.googleapis.com/compute/v1/projects/nomad-platform-gcp/regions/us-central1",
2026-09-03T00:52:35.333+0100 [DEBUG] provider.terraform-provider-google_v7.43.0_x5:    "selfLink": "https://www.googleapis.com/compute/v1/projects/nomad-platform-gcp/zones/us-central1-c",
2026-09-03T00:52:35.333+0100 [DEBUG] provider.terraform-provider-google_v7.43.0_x5:    "availableCpuPlatforms": [
2026-09-03T00:52:35.333+0100 [DEBUG] provider.terraform-provider-google_v7.43.0_x5:     "Intel Broadwell",
2026-09-03T00:52:35.333+0100 [DEBUG] provider.terraform-provider-google_v7.43.0_x5:     "Intel Cascade Lake",
2026-09-03T00:52:35.333+0100 [DEBUG] provider.terraform-provider-google_v7.43.0_x5:     "Intel Emerald Rapids",
2026-09-03T00:52:35.333+0100 [DEBUG] provider.terraform-provider-google_v7.43.0_x5:     "AMD Genoa",
2026-09-03T00:52:35.333+0100 [DEBUG] provider.terraform-provider-google_v7.43.0_x5:     "Intel Granite Rapids",
2026-09-03T00:52:35.333+0100 [DEBUG] provider.terraform-provider-google_v7.43.0_x5:     "Intel Haswell",
2026-09-03T00:52:35.333+0100 [DEBUG] provider.terraform-provider-google_v7.43.0_x5:     "Intel Ice Lake",
2026-09-03T00:52:35.333+0100 [DEBUG] provider.terraform-provider-google_v7.43.0_x5:     "Intel Ivy Bridge",
2026-09-03T00:52:35.333+0100 [DEBUG] provider.terraform-provider-google_v7.43.0_x5:     "Google Axion",
2026-09-03T00:52:35.333+0100 [DEBUG] provider.terraform-provider-google_v7.43.0_x5:     "AMD Milan",
2026-09-03T00:52:35.333+0100 [DEBUG] provider.terraform-provider-google_v7.43.0_x5:     "AMD Rome",
2026-09-03T00:52:35.333+0100 [DEBUG] provider.terraform-provider-google_v7.43.0_x5:     "Intel Sandy Bridge",
2026-09-03T00:52:35.333+0100 [DEBUG] provider.terraform-provider-google_v7.43.0_x5:     "Intel Sapphire Rapids",
2026-09-03T00:52:35.333+0100 [DEBUG] provider.terraform-provider-google_v7.43.0_x5:     "Intel Skylake",
2026-09-03T00:52:35.333+0100 [DEBUG] provider.terraform-provider-google_v7.43.0_x5:     "Google Axion",
2026-09-03T00:52:35.333+0100 [DEBUG] provider.terraform-provider-google_v7.43.0_x5:     "AMD Turin"
2026-09-03T00:52:35.333+0100 [DEBUG] provider.terraform-provider-google_v7.43.0_x5:    ],
2026-09-03T00:52:35.333+0100 [DEBUG] provider.terraform-provider-google_v7.43.0_x5:    "supportsPzs": true
2026-09-03T00:52:35.333+0100 [DEBUG] provider.terraform-provider-google_v7.43.0_x5:   },
2026-09-03T00:52:35.333+0100 [DEBUG] provider.terraform-provider-google_v7.43.0_x5:   {
2026-09-03T00:52:35.333+0100 [DEBUG] provider.terraform-provider-google_v7.43.0_x5:    "kind": "compute#zone",
2026-09-03T00:52:35.333+0100 [DEBUG] provider.terraform-provider-google_v7.43.0_x5:    "id": "2000",
2026-09-03T00:52:35.333+0100 [DEBUG] provider.terraform-provider-google_v7.43.0_x5:    "creationTimestamp": "1969-12-31T16:00:00.000-08:00",
2026-09-03T00:52:35.333+0100 [DEBUG] provider.terraform-provider-google_v7.43.0_x5:    "name": "us-central1-a",
2026-09-03T00:52:35.333+0100 [DEBUG] provider.terraform-provider-google_v7.43.0_x5:    "description": "us-central1-a",
2026-09-03T00:52:35.333+0100 [DEBUG] provider.terraform-provider-google_v7.43.0_x5:    "status": "UP",
2026-09-03T00:52:35.333+0100 [DEBUG] provider.terraform-provider-google_v7.43.0_x5:    "region": "https://www.googleapis.com/compute/v1/projects/nomad-platform-gcp/regions/us-central1",
2026-09-03T00:52:35.333+0100 [DEBUG] provider.terraform-provider-google_v7.43.0_x5:    "selfLink": "https://www.googleapis.com/compute/v1/projects/nomad-platform-gcp/zones/us-central1-a",
2026-09-03T00:52:35.333+0100 [DEBUG] provider.terraform-provider-google_v7.43.0_x5:    "availableCpuPlatforms": [
2026-09-03T00:52:35.333+0100 [DEBUG] provider.terraform-provider-google_v7.43.0_x5:     "Ampere Altra",
2026-09-03T00:52:35.333+0100 [DEBUG] provider.terraform-provider-google_v7.43.0_x5:     "ARM Generic",
2026-09-03T00:52:35.333+0100 [DEBUG] provider.terraform-provider-google_v7.43.0_x5:     "Intel Broadwell",
2026-09-03T00:52:35.333+0100 [DEBUG] provider.terraform-provider-google_v7.43.0_x5:     "Intel Cascade Lake",
2026-09-03T00:52:35.333+0100 [DEBUG] provider.terraform-provider-google_v7.43.0_x5:     "Intel Emerald Rapids",
2026-09-03T00:52:35.333+0100 [DEBUG] provider.terraform-provider-google_v7.43.0_x5:     "AMD Genoa",
2026-09-03T00:52:35.333+0100 [DEBUG] provider.terraform-provider-google_v7.43.0_x5:     "NVIDIA Grace",
2026-09-03T00:52:35.333+0100 [DEBUG] provider.terraform-provider-google_v7.43.0_x5:     "Intel Granite Rapids",
2026-09-03T00:52:35.333+0100 [DEBUG] provider.terraform-provider-google_v7.43.0_x5:     "Intel Haswell",
2026-09-03T00:52:35.333+0100 [DEBUG] provider.terraform-provider-google_v7.43.0_x5:     "Intel Ice Lake",
2026-09-03T00:52:35.333+0100 [DEBUG] provider.terraform-provider-google_v7.43.0_x5:     "Intel Ivy Bridge",
2026-09-03T00:52:35.333+0100 [DEBUG] provider.terraform-provider-google_v7.43.0_x5:     "Google Axion",
2026-09-03T00:52:35.333+0100 [DEBUG] provider.terraform-provider-google_v7.43.0_x5:     "AMD Milan",
2026-09-03T00:52:35.333+0100 [DEBUG] provider.terraform-provider-google_v7.43.0_x5:     "AMD Rome",
2026-09-03T00:52:35.333+0100 [DEBUG] provider.terraform-provider-google_v7.43.0_x5:     "Intel Sandy Bridge",
2026-09-03T00:52:35.333+0100 [DEBUG] provider.terraform-provider-google_v7.43.0_x5:     "Intel Sapphire Rapids",
2026-09-03T00:52:35.333+0100 [DEBUG] provider.terraform-provider-google_v7.43.0_x5:     "Intel Skylake",
2026-09-03T00:52:35.333+0100 [DEBUG] provider.terraform-provider-google_v7.43.0_x5:     "Google Axion",
2026-09-03T00:52:35.333+0100 [DEBUG] provider.terraform-provider-google_v7.43.0_x5:     "AMD Turin"
2026-09-03T00:52:35.333+0100 [DEBUG] provider.terraform-provider-google_v7.43.0_x5:    ],
2026-09-03T00:52:35.333+0100 [DEBUG] provider.terraform-provider-google_v7.43.0_x5:    "supportsPzs": true
2026-09-03T00:52:35.333+0100 [DEBUG] provider.terraform-provider-google_v7.43.0_x5:   },
2026-09-03T00:52:35.333+0100 [DEBUG] provider.terraform-provider-google_v7.43.0_x5:   {
2026-09-03T00:52:35.333+0100 [DEBUG] provider.terraform-provider-google_v7.43.0_x5:    "kind": "compute#zone",
2026-09-03T00:52:35.333+0100 [DEBUG] provider.terraform-provider-google_v7.43.0_x5:    "id": "2004",
2026-09-03T00:52:35.333+0100 [DEBUG] provider.terraform-provider-google_v7.43.0_x5:    "creationTimestamp": "1969-12-31T16:00:00.000-08:00",
2026-09-03T00:52:35.333+0100 [DEBUG] provider.terraform-provider-google_v7.43.0_x5:    "name": "us-central1-f",
2026-09-03T00:52:35.333+0100 [DEBUG] provider.terraform-provider-google_v7.43.0_x5:    "description": "us-central1-f",
2026-09-03T00:52:35.333+0100 [DEBUG] provider.terraform-provider-google_v7.43.0_x5:    "status": "UP",
2026-09-03T00:52:35.333+0100 [DEBUG] provider.terraform-provider-google_v7.43.0_x5:    "region": "https://www.googleapis.com/compute/v1/projects/nomad-platform-gcp/regions/us-central1",
2026-09-03T00:52:35.333+0100 [DEBUG] provider.terraform-provider-google_v7.43.0_x5:    "selfLink": "https://www.googleapis.com/compute/v1/projects/nomad-platform-gcp/zones/us-central1-f",
2026-09-03T00:52:35.333+0100 [DEBUG] provider.terraform-provider-google_v7.43.0_x5:    "availableCpuPlatforms": [
2026-09-03T00:52:35.333+0100 [DEBUG] provider.terraform-provider-google_v7.43.0_x5:     "Ampere Altra",
2026-09-03T00:52:35.333+0100 [DEBUG] provider.terraform-provider-google_v7.43.0_x5:     "Intel Broadwell",
2026-09-03T00:52:35.333+0100 [DEBUG] provider.terraform-provider-google_v7.43.0_x5:     "Intel Cascade Lake",
2026-09-03T00:52:35.333+0100 [DEBUG] provider.terraform-provider-google_v7.43.0_x5:     "Intel Emerald Rapids",
2026-09-03T00:52:35.333+0100 [DEBUG] provider.terraform-provider-google_v7.43.0_x5:     "AMD Genoa",
2026-09-03T00:52:35.333+0100 [DEBUG] provider.terraform-provider-google_v7.43.0_x5:     "Intel Granite Rapids",
2026-09-03T00:52:35.333+0100 [DEBUG] provider.terraform-provider-google_v7.43.0_x5:     "Intel Haswell",
2026-09-03T00:52:35.333+0100 [DEBUG] provider.terraform-provider-google_v7.43.0_x5:     "Intel Ice Lake",
2026-09-03T00:52:35.333+0100 [DEBUG] provider.terraform-provider-google_v7.43.0_x5:     "Intel Ivy Bridge",
2026-09-03T00:52:35.333+0100 [DEBUG] provider.terraform-provider-google_v7.43.0_x5:     "Google Axion",
2026-09-03T00:52:35.333+0100 [DEBUG] provider.terraform-provider-google_v7.43.0_x5:     "AMD Milan",
2026-09-03T00:52:35.333+0100 [DEBUG] provider.terraform-provider-google_v7.43.0_x5:     "AMD Rome",
2026-09-03T00:52:35.333+0100 [DEBUG] provider.terraform-provider-google_v7.43.0_x5:     "Intel Sandy Bridge",
2026-09-03T00:52:35.333+0100 [DEBUG] provider.terraform-provider-google_v7.43.0_x5:     "Intel Sapphire Rapids",
2026-09-03T00:52:35.333+0100 [DEBUG] provider.terraform-provider-google_v7.43.0_x5:     "Intel Skylake",
2026-09-03T00:52:35.333+0100 [DEBUG] provider.terraform-provider-google_v7.43.0_x5:     "Google Axion",
2026-09-03T00:52:35.333+0100 [DEBUG] provider.terraform-provider-google_v7.43.0_x5:     "AMD Turin"
2026-09-03T00:52:35.333+0100 [DEBUG] provider.terraform-provider-google_v7.43.0_x5:    ],
2026-09-03T00:52:35.333+0100 [DEBUG] provider.terraform-provider-google_v7.43.0_x5:    "supportsPzs": false
2026-09-03T00:52:35.333+0100 [DEBUG] provider.terraform-provider-google_v7.43.0_x5:   },
2026-09-03T00:52:35.333+0100 [DEBUG] provider.terraform-provider-google_v7.43.0_x5:   {
2026-09-03T00:52:35.333+0100 [DEBUG] provider.terraform-provider-google_v7.43.0_x5:    "kind": "compute#zone",
2026-09-03T00:52:35.333+0100 [DEBUG] provider.terraform-provider-google_v7.43.0_x5:    "id": "2001",
2026-09-03T00:52:35.333+0100 [DEBUG] provider.terraform-provider-google_v7.43.0_x5:    "creationTimestamp": "1969-12-31T16:00:00.000-08:00",
2026-09-03T00:52:35.333+0100 [DEBUG] provider.terraform-provider-google_v7.43.0_x5:    "name": "us-central1-b",
2026-09-03T00:52:35.333+0100 [DEBUG] provider.terraform-provider-google_v7.43.0_x5:    "description": "us-central1-b",
2026-09-03T00:52:35.333+0100 [DEBUG] provider.terraform-provider-google_v7.43.0_x5:    "status": "UP",
2026-09-03T00:52:35.333+0100 [DEBUG] provider.terraform-provider-google_v7.43.0_x5:    "region": "https://www.googleapis.com/compute/v1/projects/nomad-platform-gcp/regions/us-central1",
2026-09-03T00:52:35.333+0100 [DEBUG] provider.terraform-provider-google_v7.43.0_x5:    "selfLink": "https://www.googleapis.com/compute/v1/projects/nomad-platform-gcp/zones/us-central1-b",
2026-09-03T00:52:35.333+0100 [DEBUG] provider.terraform-provider-google_v7.43.0_x5:    "availableCpuPlatforms": [
2026-09-03T00:52:35.333+0100 [DEBUG] provider.terraform-provider-google_v7.43.0_x5:     "Ampere Altra",
2026-09-03T00:52:35.333+0100 [DEBUG] provider.terraform-provider-google_v7.43.0_x5:     "ARM Generic",
2026-09-03T00:52:35.333+0100 [DEBUG] provider.terraform-provider-google_v7.43.0_x5:     "Intel Broadwell",
2026-09-03T00:52:35.333+0100 [DEBUG] provider.terraform-provider-google_v7.43.0_x5:     "Intel Cascade Lake",
2026-09-03T00:52:35.333+0100 [DEBUG] provider.terraform-provider-google_v7.43.0_x5:     "Intel Emerald Rapids",
2026-09-03T00:52:35.333+0100 [DEBUG] provider.terraform-provider-google_v7.43.0_x5:     "AMD Genoa",
2026-09-03T00:52:35.333+0100 [DEBUG] provider.terraform-provider-google_v7.43.0_x5:     "NVIDIA Grace",
2026-09-03T00:52:35.333+0100 [DEBUG] provider.terraform-provider-google_v7.43.0_x5:     "Intel Granite Rapids",
2026-09-03T00:52:35.334+0100 [DEBUG] provider.terraform-provider-google_v7.43.0_x5:     "Intel Haswell",
2026-09-03T00:52:35.334+0100 [DEBUG] provider.terraform-provider-google_v7.43.0_x5:     "Intel Ice Lake",
2026-09-03T00:52:35.334+0100 [DEBUG] provider.terraform-provider-google_v7.43.0_x5:     "Intel Ivy Bridge",
2026-09-03T00:52:35.334+0100 [DEBUG] provider.terraform-provider-google_v7.43.0_x5:     "Google Axion",
2026-09-03T00:52:35.334+0100 [DEBUG] provider.terraform-provider-google_v7.43.0_x5:     "AMD Milan",
2026-09-03T00:52:35.334+0100 [DEBUG] provider.terraform-provider-google_v7.43.0_x5:     "AMD Rome",
2026-09-03T00:52:35.334+0100 [DEBUG] provider.terraform-provider-google_v7.43.0_x5:     "Intel Sandy Bridge",
2026-09-03T00:52:35.334+0100 [DEBUG] provider.terraform-provider-google_v7.43.0_x5:     "Intel Sapphire Rapids",
2026-09-03T00:52:35.334+0100 [DEBUG] provider.terraform-provider-google_v7.43.0_x5:     "Intel Skylake",
2026-09-03T00:52:35.334+0100 [DEBUG] provider.terraform-provider-google_v7.43.0_x5:     "Google Axion",
2026-09-03T00:52:35.334+0100 [DEBUG] provider.terraform-provider-google_v7.43.0_x5:     "AMD Turin"
2026-09-03T00:52:35.334+0100 [DEBUG] provider.terraform-provider-google_v7.43.0_x5:    ],
2026-09-03T00:52:35.334+0100 [DEBUG] provider.terraform-provider-google_v7.43.0_x5:    "supportsPzs": true
2026-09-03T00:52:35.334+0100 [DEBUG] provider.terraform-provider-google_v7.43.0_x5:   },
2026-09-03T00:52:35.334+0100 [DEBUG] provider.terraform-provider-google_v7.43.0_x5:   {
2026-09-03T00:52:35.334+0100 [DEBUG] provider.terraform-provider-google_v7.43.0_x5:    "kind": "compute#zone",
2026-09-03T00:52:35.334+0100 [DEBUG] provider.terraform-provider-google_v7.43.0_x5:    "id": "2211",
2026-09-03T00:52:35.334+0100 [DEBUG] provider.terraform-provider-google_v7.43.0_x5:    "creationTimestamp": "1969-12-31T16:00:00.000-08:00",
2026-09-03T00:52:35.334+0100 [DEBUG] provider.terraform-provider-google_v7.43.0_x5:    "name": "us-west1-b",
2026-09-03T00:52:35.334+0100 [DEBUG] provider.terraform-provider-google_v7.43.0_x5:    "description": "us-west1-b",
2026-09-03T00:52:35.334+0100 [DEBUG] provider.terraform-provider-google_v7.43.0_x5:    "status": "UP",
2026-09-03T00:52:35.334+0100 [DEBUG] provider.terraform-provider-google_v7.43.0_x5:    "region": "https://www.googleapis.com/compute/v1/projects/nomad-platform-gcp/regions/us-west1",
2026-09-03T00:52:35.334+0100 [DEBUG] provider.terraform-provider-google_v7.43.0_x5:    "selfLink": "https://www.googleapis.com/compute/v1/projects/nomad-platform-gcp/zones/us-west1-b",
2026-09-03T00:52:35.334+0100 [DEBUG] provider.terraform-provider-google_v7.43.0_x5:    "availableCpuPlatforms": [
2026-09-03T00:52:35.334+0100 [DEBUG] provider.terraform-provider-google_v7.43.0_x5:     "Intel Broadwell",
2026-09-03T00:52:35.334+0100 [DEBUG] provider.terraform-provider-google_v7.43.0_x5:     "Intel Cascade Lake",
2026-09-03T00:52:35.334+0100 [DEBUG] provider.terraform-provider-google_v7.43.0_x5:     "Intel Emerald Rapids",
2026-09-03T00:52:35.334+0100 [DEBUG] provider.terraform-provider-google_v7.43.0_x5:     "AMD Genoa",
2026-09-03T00:52:35.334+0100 [DEBUG] provider.terraform-provider-google_v7.43.0_x5:     "Intel Granite Rapids",
2026-09-03T00:52:35.334+0100 [DEBUG] provider.terraform-provider-google_v7.43.0_x5:     "Intel Haswell",
2026-09-03T00:52:35.334+0100 [DEBUG] provider.terraform-provider-google_v7.43.0_x5:     "Intel Ice Lake",
2026-09-03T00:52:35.334+0100 [DEBUG] provider.terraform-provider-google_v7.43.0_x5:     "Intel Ivy Bridge",
2026-09-03T00:52:35.334+0100 [DEBUG] provider.terraform-provider-google_v7.43.0_x5:     "AMD Milan",
2026-09-03T00:52:35.334+0100 [DEBUG] provider.terraform-provider-google_v7.43.0_x5:     "AMD Rome",
2026-09-03T00:52:35.334+0100 [DEBUG] provider.terraform-provider-google_v7.43.0_x5:     "Intel Sandy Bridge",
2026-09-03T00:52:35.334+0100 [DEBUG] provider.terraform-provider-google_v7.43.0_x5:     "Intel Sapphire Rapids",
2026-09-03T00:52:35.334+0100 [DEBUG] provider.terraform-provider-google_v7.43.0_x5:     "Intel Skylake",
2026-09-03T00:52:35.334+0100 [DEBUG] provider.terraform-provider-google_v7.43.0_x5:     "Google Axion",
2026-09-03T00:52:35.334+0100 [DEBUG] provider.terraform-provider-google_v7.43.0_x5:     "AMD Turin",
2026-09-03T00:52:35.334+0100 [DEBUG] provider.terraform-provider-google_v7.43.0_x5:     "NVIDIA Vera"
2026-09-03T00:52:35.334+0100 [DEBUG] provider.terraform-provider-google_v7.43.0_x5:    ],
2026-09-03T00:52:35.334+0100 [DEBUG] provider.terraform-provider-google_v7.43.0_x5:    "supportsPzs": false
2026-09-03T00:52:35.334+0100 [DEBUG] provider.terraform-provider-google_v7.43.0_x5:   },
2026-09-03T00:52:35.334+0100 [DEBUG] provider.terraform-provider-google_v7.43.0_x5:   {
2026-09-03T00:52:35.334+0100 [DEBUG] provider.terraform-provider-google_v7.43.0_x5:    "kind": "compute#zone",
2026-09-03T00:52:35.334+0100 [DEBUG] provider.terraform-provider-google_v7.43.0_x5:    "id": "2212",
2026-09-03T00:52:35.334+0100 [DEBUG] provider.terraform-provider-google_v7.43.0_x5:    "creationTimestamp": "1969-12-31T16:00:00.000-08:00",
2026-09-03T00:52:35.334+0100 [DEBUG] provider.terraform-provider-google_v7.43.0_x5:    "name": "us-west1-c",
2026-09-03T00:52:35.334+0100 [DEBUG] provider.terraform-provider-google_v7.43.0_x5:    "description": "us-west1-c",
2026-09-03T00:52:35.334+0100 [DEBUG] provider.terraform-provider-google_v7.43.0_x5:    "status": "UP",
2026-09-03T00:52:35.334+0100 [DEBUG] provider.terraform-provider-google_v7.43.0_x5:    "region": "https://www.googleapis.com/compute/v1/projects/nomad-platform-gcp/regions/us-west1",
2026-09-03T00:52:35.334+0100 [DEBUG] provider.terraform-provider-google_v7.43.0_x5:    "selfLink": "https://www.googleapis.com/compute/v1/projects/nomad-platform-gcp/zones/us-west1-c",
2026-09-03T00:52:35.334+0100 [DEBUG] provider.terraform-provider-google_v7.43.0_x5:    "availableCpuPlatforms": [
2026-09-03T00:52:35.334+0100 [DEBUG] provider.terraform-provider-google_v7.43.0_x5:     "ARM Generic",
2026-09-03T00:52:35.334+0100 [DEBUG] provider.terraform-provider-google_v7.43.0_x5:     "Intel Broadwell",
2026-09-03T00:52:35.334+0100 [DEBUG] provider.terraform-provider-google_v7.43.0_x5:     "Intel Cascade Lake",
2026-09-03T00:52:35.334+0100 [DEBUG] provider.terraform-provider-google_v7.43.0_x5:     "Intel Emerald Rapids",
2026-09-03T00:52:35.334+0100 [DEBUG] provider.terraform-provider-google_v7.43.0_x5:     "AMD Genoa",
2026-09-03T00:52:35.334+0100 [DEBUG] provider.terraform-provider-google_v7.43.0_x5:     "Intel Granite Rapids",
2026-09-03T00:52:35.334+0100 [DEBUG] provider.terraform-provider-google_v7.43.0_x5:     "Intel Haswell",
2026-09-03T00:52:35.334+0100 [DEBUG] provider.terraform-provider-google_v7.43.0_x5:     "Intel Ice Lake",
2026-09-03T00:52:35.334+0100 [DEBUG] provider.terraform-provider-google_v7.43.0_x5:     "Intel Ivy Bridge",
2026-09-03T00:52:35.334+0100 [DEBUG] provider.terraform-provider-google_v7.43.0_x5:     "Google Axion",
2026-09-03T00:52:35.334+0100 [DEBUG] provider.terraform-provider-google_v7.43.0_x5:     "AMD Milan",
2026-09-03T00:52:35.334+0100 [DEBUG] provider.terraform-provider-google_v7.43.0_x5:     "AMD Rome",
2026-09-03T00:52:35.334+0100 [DEBUG] provider.terraform-provider-google_v7.43.0_x5:     "Intel Sandy Bridge",
2026-09-03T00:52:35.334+0100 [DEBUG] provider.terraform-provider-google_v7.43.0_x5:     "Intel Sapphire Rapids",
2026-09-03T00:52:35.334+0100 [DEBUG] provider.terraform-provider-google_v7.43.0_x5:     "Intel Skylake",
2026-09-03T00:52:35.334+0100 [DEBUG] provider.terraform-provider-google_v7.43.0_x5:     "Google Axion",
2026-09-03T00:52:35.334+0100 [DEBUG] provider.terraform-provider-google_v7.43.0_x5:     "AMD Turin"
2026-09-03T00:52:35.334+0100 [DEBUG] provider.terraform-provider-google_v7.43.0_x5:    ],
2026-09-03T00:52:35.334+0100 [DEBUG] provider.terraform-provider-google_v7.43.0_x5:    "supportsPzs": false
2026-09-03T00:52:35.334+0100 [DEBUG] provider.terraform-provider-google_v7.43.0_x5:   },
2026-09-03T00:52:35.334+0100 [DEBUG] provider.terraform-provider-google_v7.43.0_x5:   {
2026-09-03T00:52:35.334+0100 [DEBUG] provider.terraform-provider-google_v7.43.0_x5:    "kind": "compute#zone",
2026-09-03T00:52:35.334+0100 [DEBUG] provider.terraform-provider-google_v7.43.0_x5:    "id": "2210",
2026-09-03T00:52:35.334+0100 [DEBUG] provider.terraform-provider-google_v7.43.0_x5:    "creationTimestamp": "1969-12-31T16:00:00.000-08:00",
2026-09-03T00:52:35.334+0100 [DEBUG] provider.terraform-provider-google_v7.43.0_x5:    "name": "us-west1-a",
2026-09-03T00:52:35.334+0100 [DEBUG] provider.terraform-provider-google_v7.43.0_x5:    "description": "us-west1-a",
2026-09-03T00:52:35.334+0100 [DEBUG] provider.terraform-provider-google_v7.43.0_x5:    "status": "UP",
2026-09-03T00:52:35.334+0100 [DEBUG] provider.terraform-provider-google_v7.43.0_x5:    "region": "https://www.googleapis.com/compute/v1/projects/nomad-platform-gcp/regions/us-west1",
2026-09-03T00:52:35.334+0100 [DEBUG] provider.terraform-provider-google_v7.43.0_x5:    "selfLink": "https://www.googleapis.com/compute/v1/projects/nomad-platform-gcp/zones/us-west1-a",
2026-09-03T00:52:35.334+0100 [DEBUG] provider.terraform-provider-google_v7.43.0_x5:    "availableCpuPlatforms": [
2026-09-03T00:52:35.334+0100 [DEBUG] provider.terraform-provider-google_v7.43.0_x5:     "ARM Generic",
2026-09-03T00:52:35.334+0100 [DEBUG] provider.terraform-provider-google_v7.43.0_x5:     "Intel Broadwell",
2026-09-03T00:52:35.334+0100 [DEBUG] provider.terraform-provider-google_v7.43.0_x5:     "Intel Cascade Lake",
2026-09-03T00:52:35.334+0100 [DEBUG] provider.terraform-provider-google_v7.43.0_x5:     "Intel Emerald Rapids",
2026-09-03T00:52:35.334+0100 [DEBUG] provider.terraform-provider-google_v7.43.0_x5:     "AMD Genoa",
2026-09-03T00:52:35.334+0100 [DEBUG] provider.terraform-provider-google_v7.43.0_x5:     "Intel Granite Rapids",
2026-09-03T00:52:35.334+0100 [DEBUG] provider.terraform-provider-google_v7.43.0_x5:     "Intel Haswell",
2026-09-03T00:52:35.334+0100 [DEBUG] provider.terraform-provider-google_v7.43.0_x5:     "Intel Ice Lake",
2026-09-03T00:52:35.334+0100 [DEBUG] provider.terraform-provider-google_v7.43.0_x5:     "Intel Ivy Bridge",
2026-09-03T00:52:35.334+0100 [DEBUG] provider.terraform-provider-google_v7.43.0_x5:     "Google Axion",
2026-09-03T00:52:35.334+0100 [DEBUG] provider.terraform-provider-google_v7.43.0_x5:     "AMD Milan",
2026-09-03T00:52:35.334+0100 [DEBUG] provider.terraform-provider-google_v7.43.0_x5:     "AMD Rome",
2026-09-03T00:52:35.334+0100 [DEBUG] provider.terraform-provider-google_v7.43.0_x5:     "Intel Sandy Bridge",
2026-09-03T00:52:35.334+0100 [DEBUG] provider.terraform-provider-google_v7.43.0_x5:     "Intel Sapphire Rapids",
2026-09-03T00:52:35.334+0100 [DEBUG] provider.terraform-provider-google_v7.43.0_x5:     "Intel Skylake",
2026-09-03T00:52:35.334+0100 [DEBUG] provider.terraform-provider-google_v7.43.0_x5:     "Google Axion",
2026-09-03T00:52:35.334+0100 [DEBUG] provider.terraform-provider-google_v7.43.0_x5:     "AMD Turin"
2026-09-03T00:52:35.334+0100 [DEBUG] provider.terraform-provider-google_v7.43.0_x5:    ],
2026-09-03T00:52:35.334+0100 [DEBUG] provider.terraform-provider-google_v7.43.0_x5:    "supportsPzs": false
2026-09-03T00:52:35.334+0100 [DEBUG] provider.terraform-provider-google_v7.43.0_x5:   },
2026-09-03T00:52:35.334+0100 [DEBUG] provider.terraform-provider-google_v7.43.0_x5:   {
2026-09-03T00:52:35.334+0100 [DEBUG] provider.terraform-provider-google_v7.43.0_x5:    "kind": "compute#zone",
2026-09-03T00:52:35.334+0100 [DEBUG] provider.terraform-provider-google_v7.43.0_x5:    "id": "2342",
2026-09-03T00:52:35.334+0100 [DEBUG] provider.terraform-provider-google_v7.43.0_x5:    "creationTimestamp": "1969-12-31T16:00:00.000-08:00",
2026-09-03T00:52:35.334+0100 [DEBUG] provider.terraform-provider-google_v7.43.0_x5:    "name": "europe-west4-a",
2026-09-03T00:52:35.334+0100 [DEBUG] provider.terraform-provider-google_v7.43.0_x5:    "description": "europe-west4-a",
2026-09-03T00:52:35.334+0100 [DEBUG] provider.terraform-provider-google_v7.43.0_x5:    "status": "UP",
2026-09-03T00:52:35.334+0100 [DEBUG] provider.terraform-provider-google_v7.43.0_x5:    "region": "https://www.googleapis.com/compute/v1/projects/nomad-platform-gcp/regions/europe-west4",
2026-09-03T00:52:35.334+0100 [DEBUG] provider.terraform-provider-google_v7.43.0_x5:    "selfLink": "https://www.googleapis.com/compute/v1/projects/nomad-platform-gcp/zones/europe-west4-a",
2026-09-03T00:52:35.334+0100 [DEBUG] provider.terraform-provider-google_v7.43.0_x5:    "availableCpuPlatforms": [
2026-09-03T00:52:35.334+0100 [DEBUG] provider.terraform-provider-google_v7.43.0_x5:     "Ampere Altra",
2026-09-03T00:52:35.334+0100 [DEBUG] provider.terraform-provider-google_v7.43.0_x5:     "ARM Generic",
2026-09-03T00:52:35.334+0100 [DEBUG] provider.terraform-provider-google_v7.43.0_x5:     "Intel Broadwell",
2026-09-03T00:52:35.334+0100 [DEBUG] provider.terraform-provider-google_v7.43.0_x5:     "Intel Cascade Lake",
2026-09-03T00:52:35.334+0100 [DEBUG] provider.terraform-provider-google_v7.43.0_x5:     "Intel Emerald Rapids",
2026-09-03T00:52:35.334+0100 [DEBUG] provider.terraform-provider-google_v7.43.0_x5:     "AMD Genoa",
2026-09-03T00:52:35.334+0100 [DEBUG] provider.terraform-provider-google_v7.43.0_x5:     "Intel Granite Rapids",
2026-09-03T00:52:35.334+0100 [DEBUG] provider.terraform-provider-google_v7.43.0_x5:     "Intel Haswell",
2026-09-03T00:52:35.334+0100 [DEBUG] provider.terraform-provider-google_v7.43.0_x5:     "Intel Ice Lake",
2026-09-03T00:52:35.334+0100 [DEBUG] provider.terraform-provider-google_v7.43.0_x5:     "Intel Ivy Bridge",
2026-09-03T00:52:35.334+0100 [DEBUG] provider.terraform-provider-google_v7.43.0_x5:     "Google Axion",
2026-09-03T00:52:35.334+0100 [DEBUG] provider.terraform-provider-google_v7.43.0_x5:     "AMD Milan",
2026-09-03T00:52:35.334+0100 [DEBUG] provider.terraform-provider-google_v7.43.0_x5:     "AMD Rome",
2026-09-03T00:52:35.334+0100 [DEBUG] provider.terraform-provider-google_v7.43.0_x5:     "Intel Sandy Bridge",
2026-09-03T00:52:35.335+0100 [DEBUG] provider.terraform-provider-google_v7.43.0_x5:     "Intel Sapphire Rapids",
2026-09-03T00:52:35.335+0100 [DEBUG] provider.terraform-provider-google_v7.43.0_x5:     "Intel Skylake",
2026-09-03T00:52:35.335+0100 [DEBUG] provider.terraform-provider-google_v7.43.0_x5:     "Google Axion",
2026-09-03T00:52:35.335+0100 [DEBUG] provider.terraform-provider-google_v7.43.0_x5:     "AMD Turin"
2026-09-03T00:52:35.335+0100 [DEBUG] provider.terraform-provider-google_v7.43.0_x5:    ],
2026-09-03T00:52:35.335+0100 [DEBUG] provider.terraform-provider-google_v7.43.0_x5:    "supportsPzs": false
2026-09-03T00:52:35.335+0100 [DEBUG] provider.terraform-provider-google_v7.43.0_x5:   },
2026-09-03T00:52:35.335+0100 [DEBUG] provider.terraform-provider-google_v7.43.0_x5:   {
2026-09-03T00:52:35.335+0100 [DEBUG] provider.terraform-provider-google_v7.43.0_x5:    "kind": "compute#zone",
2026-09-03T00:52:35.335+0100 [DEBUG] provider.terraform-provider-google_v7.43.0_x5:    "id": "2341",
2026-09-03T00:52:35.335+0100 [DEBUG] provider.terraform-provider-google_v7.43.0_x5:    "creationTimestamp": "1969-12-31T16:00:00.000-08:00",
2026-09-03T00:52:35.335+0100 [DEBUG] provider.terraform-provider-google_v7.43.0_x5:    "name": "europe-west4-b",
2026-09-03T00:52:35.335+0100 [DEBUG] provider.terraform-provider-google_v7.43.0_x5:    "description": "europe-west4-b",
2026-09-03T00:52:35.335+0100 [DEBUG] provider.terraform-provider-google_v7.43.0_x5:    "status": "UP",
2026-09-03T00:52:35.335+0100 [DEBUG] provider.terraform-provider-google_v7.43.0_x5:    "region": "https://www.googleapis.com/compute/v1/projects/nomad-platform-gcp/regions/europe-west4",
2026-09-03T00:52:35.335+0100 [DEBUG] provider.terraform-provider-google_v7.43.0_x5:    "selfLink": "https://www.googleapis.com/compute/v1/projects/nomad-platform-gcp/zones/europe-west4-b",
2026-09-03T00:52:35.335+0100 [DEBUG] provider.terraform-provider-google_v7.43.0_x5:    "availableCpuPlatforms": [
2026-09-03T00:52:35.335+0100 [DEBUG] provider.terraform-provider-google_v7.43.0_x5:     "Ampere Altra",
2026-09-03T00:52:35.335+0100 [DEBUG] provider.terraform-provider-google_v7.43.0_x5:     "ARM Generic",
2026-09-03T00:52:35.335+0100 [DEBUG] provider.terraform-provider-google_v7.43.0_x5:     "Intel Broadwell",
2026-09-03T00:52:35.335+0100 [DEBUG] provider.terraform-provider-google_v7.43.0_x5:     "Intel Cascade Lake",
2026-09-03T00:52:35.335+0100 [DEBUG] provider.terraform-provider-google_v7.43.0_x5:     "Intel Emerald Rapids",
2026-09-03T00:52:35.335+0100 [DEBUG] provider.terraform-provider-google_v7.43.0_x5:     "AMD Genoa",
2026-09-03T00:52:35.335+0100 [DEBUG] provider.terraform-provider-google_v7.43.0_x5:     "NVIDIA Grace",
2026-09-03T00:52:35.335+0100 [DEBUG] provider.terraform-provider-google_v7.43.0_x5:     "Intel Granite Rapids",
2026-09-03T00:52:35.335+0100 [DEBUG] provider.terraform-provider-google_v7.43.0_x5:     "Intel Haswell",
2026-09-03T00:52:35.335+0100 [DEBUG] provider.terraform-provider-google_v7.43.0_x5:     "Intel Ice Lake",
2026-09-03T00:52:35.335+0100 [DEBUG] provider.terraform-provider-google_v7.43.0_x5:     "Intel Ivy Bridge",
2026-09-03T00:52:35.335+0100 [DEBUG] provider.terraform-provider-google_v7.43.0_x5:     "Google Axion",
2026-09-03T00:52:35.335+0100 [DEBUG] provider.terraform-provider-google_v7.43.0_x5:     "AMD Milan",
2026-09-03T00:52:35.335+0100 [DEBUG] provider.terraform-provider-google_v7.43.0_x5:     "AMD Rome",
2026-09-03T00:52:35.335+0100 [DEBUG] provider.terraform-provider-google_v7.43.0_x5:     "Intel Sandy Bridge",
2026-09-03T00:52:35.335+0100 [DEBUG] provider.terraform-provider-google_v7.43.0_x5:     "Intel Sapphire Rapids",
2026-09-03T00:52:35.335+0100 [DEBUG] provider.terraform-provider-google_v7.43.0_x5:     "Intel Skylake",
2026-09-03T00:52:35.335+0100 [DEBUG] provider.terraform-provider-google_v7.43.0_x5:     "Google Axion",
2026-09-03T00:52:35.335+0100 [DEBUG] provider.terraform-provider-google_v7.43.0_x5:     "AMD Turin"
2026-09-03T00:52:35.335+0100 [DEBUG] provider.terraform-provider-google_v7.43.0_x5:    ],
2026-09-03T00:52:35.335+0100 [DEBUG] provider.terraform-provider-google_v7.43.0_x5:    "supportsPzs": false
2026-09-03T00:52:35.335+0100 [DEBUG] provider.terraform-provider-google_v7.43.0_x5:   },
2026-09-03T00:52:35.335+0100 [DEBUG] provider.terraform-provider-google_v7.43.0_x5:   {
2026-09-03T00:52:35.335+0100 [DEBUG] provider.terraform-provider-google_v7.43.0_x5:    "kind": "compute#zone",
2026-09-03T00:52:35.335+0100 [DEBUG] provider.terraform-provider-google_v7.43.0_x5:    "id": "2340",
2026-09-03T00:52:35.335+0100 [DEBUG] provider.terraform-provider-google_v7.43.0_x5:    "creationTimestamp": "1969-12-31T16:00:00.000-08:00",
2026-09-03T00:52:35.335+0100 [DEBUG] provider.terraform-provider-google_v7.43.0_x5:    "name": "europe-west4-c",
2026-09-03T00:52:35.335+0100 [DEBUG] provider.terraform-provider-google_v7.43.0_x5:    "description": "europe-west4-c",
2026-09-03T00:52:35.335+0100 [DEBUG] provider.terraform-provider-google_v7.43.0_x5:    "status": "UP",
2026-09-03T00:52:35.335+0100 [DEBUG] provider.terraform-provider-google_v7.43.0_x5:    "region": "https://www.googleapis.com/compute/v1/projects/nomad-platform-gcp/regions/europe-west4",
2026-09-03T00:52:35.335+0100 [DEBUG] provider.terraform-provider-google_v7.43.0_x5:    "selfLink": "https://www.googleapis.com/compute/v1/projects/nomad-platform-gcp/zones/europe-west4-c",
2026-09-03T00:52:35.335+0100 [DEBUG] provider.terraform-provider-google_v7.43.0_x5:    "availableCpuPlatforms": [
2026-09-03T00:52:35.335+0100 [DEBUG] provider.terraform-provider-google_v7.43.0_x5:     "Ampere Altra",
2026-09-03T00:52:35.335+0100 [DEBUG] provider.terraform-provider-google_v7.43.0_x5:     "ARM Generic",
2026-09-03T00:52:35.335+0100 [DEBUG] provider.terraform-provider-google_v7.43.0_x5:     "Intel Broadwell",
2026-09-03T00:52:35.335+0100 [DEBUG] provider.terraform-provider-google_v7.43.0_x5:     "Intel Cascade Lake",
2026-09-03T00:52:35.335+0100 [DEBUG] provider.terraform-provider-google_v7.43.0_x5:     "Intel Emerald Rapids",
2026-09-03T00:52:35.335+0100 [DEBUG] provider.terraform-provider-google_v7.43.0_x5:     "AMD Genoa",
2026-09-03T00:52:35.335+0100 [DEBUG] provider.terraform-provider-google_v7.43.0_x5:     "Intel Granite Rapids",
2026-09-03T00:52:35.335+0100 [DEBUG] provider.terraform-provider-google_v7.43.0_x5:     "Intel Haswell",
2026-09-03T00:52:35.335+0100 [DEBUG] provider.terraform-provider-google_v7.43.0_x5:     "Intel Ice Lake",
2026-09-03T00:52:35.335+0100 [DEBUG] provider.terraform-provider-google_v7.43.0_x5:     "Intel Ivy Bridge",
2026-09-03T00:52:35.335+0100 [DEBUG] provider.terraform-provider-google_v7.43.0_x5:     "Google Axion",
2026-09-03T00:52:35.335+0100 [DEBUG] provider.terraform-provider-google_v7.43.0_x5:     "AMD Milan",
2026-09-03T00:52:35.335+0100 [DEBUG] provider.terraform-provider-google_v7.43.0_x5:     "AMD Rome",
2026-09-03T00:52:35.335+0100 [DEBUG] provider.terraform-provider-google_v7.43.0_x5:     "Intel Sandy Bridge",
2026-09-03T00:52:35.335+0100 [DEBUG] provider.terraform-provider-google_v7.43.0_x5:     "Intel Sapphire Rapids",
2026-09-03T00:52:35.335+0100 [DEBUG] provider.terraform-provider-google_v7.43.0_x5:     "Intel Skylake",
2026-09-03T00:52:35.335+0100 [DEBUG] provider.terraform-provider-google_v7.43.0_x5:     "Google Axion",
2026-09-03T00:52:35.335+0100 [DEBUG] provider.terraform-provider-google_v7.43.0_x5:     "AMD Turin"
2026-09-03T00:52:35.335+0100 [DEBUG] provider.terraform-provider-google_v7.43.0_x5:    ],
2026-09-03T00:52:35.335+0100 [DEBUG] provider.terraform-provider-google_v7.43.0_x5:    "supportsPzs": false
2026-09-03T00:52:35.335+0100 [DEBUG] provider.terraform-provider-google_v7.43.0_x5:   },
2026-09-03T00:52:35.335+0100 [DEBUG] provider.terraform-provider-google_v7.43.0_x5:   {
2026-09-03T00:52:35.335+0100 [DEBUG] provider.terraform-provider-google_v7.43.0_x5:    "kind": "compute#zone",
2026-09-03T00:52:35.335+0100 [DEBUG] provider.terraform-provider-google_v7.43.0_x5:    "id": "2101",
2026-09-03T00:52:35.335+0100 [DEBUG] provider.terraform-provider-google_v7.43.0_x5:    "creationTimestamp": "1969-12-31T16:00:00.000-08:00",
2026-09-03T00:52:35.335+0100 [DEBUG] provider.terraform-provider-google_v7.43.0_x5:    "name": "europe-west1-b",
2026-09-03T00:52:35.335+0100 [DEBUG] provider.terraform-provider-google_v7.43.0_x5:    "description": "europe-west1-b",
2026-09-03T00:52:35.335+0100 [DEBUG] provider.terraform-provider-google_v7.43.0_x5:    "status": "UP",
2026-09-03T00:52:35.335+0100 [DEBUG] provider.terraform-provider-google_v7.43.0_x5:    "region": "https://www.googleapis.com/compute/v1/projects/nomad-platform-gcp/regions/europe-west1",
2026-09-03T00:52:35.335+0100 [DEBUG] provider.terraform-provider-google_v7.43.0_x5:    "selfLink": "https://www.googleapis.com/compute/v1/projects/nomad-platform-gcp/zones/europe-west1-b",
2026-09-03T00:52:35.335+0100 [DEBUG] provider.terraform-provider-google_v7.43.0_x5:    "availableCpuPlatforms": [
2026-09-03T00:52:35.335+0100 [DEBUG] provider.terraform-provider-google_v7.43.0_x5:     "ARM Generic",
2026-09-03T00:52:35.335+0100 [DEBUG] provider.terraform-provider-google_v7.43.0_x5:     "Intel Broadwell",
2026-09-03T00:52:35.335+0100 [DEBUG] provider.terraform-provider-google_v7.43.0_x5:     "Intel Cascade Lake",
2026-09-03T00:52:35.335+0100 [DEBUG] provider.terraform-provider-google_v7.43.0_x5:     "Intel Emerald Rapids",
2026-09-03T00:52:35.335+0100 [DEBUG] provider.terraform-provider-google_v7.43.0_x5:     "AMD Genoa",
2026-09-03T00:52:35.335+0100 [DEBUG] provider.terraform-provider-google_v7.43.0_x5:     "Intel Granite Rapids",
2026-09-03T00:52:35.335+0100 [DEBUG] provider.terraform-provider-google_v7.43.0_x5:     "Intel Haswell",
2026-09-03T00:52:35.335+0100 [DEBUG] provider.terraform-provider-google_v7.43.0_x5:     "Intel Ice Lake",
2026-09-03T00:52:35.335+0100 [DEBUG] provider.terraform-provider-google_v7.43.0_x5:     "Intel Ivy Bridge",
2026-09-03T00:52:35.335+0100 [DEBUG] provider.terraform-provider-google_v7.43.0_x5:     "Google Axion",
2026-09-03T00:52:35.335+0100 [DEBUG] provider.terraform-provider-google_v7.43.0_x5:     "AMD Milan",
2026-09-03T00:52:35.335+0100 [DEBUG] provider.terraform-provider-google_v7.43.0_x5:     "AMD Rome",
2026-09-03T00:52:35.335+0100 [DEBUG] provider.terraform-provider-google_v7.43.0_x5:     "Intel Sandy Bridge",
2026-09-03T00:52:35.335+0100 [DEBUG] provider.terraform-provider-google_v7.43.0_x5:     "Intel Sapphire Rapids",
2026-09-03T00:52:35.335+0100 [DEBUG] provider.terraform-provider-google_v7.43.0_x5:     "Intel Skylake",
2026-09-03T00:52:35.335+0100 [DEBUG] provider.terraform-provider-google_v7.43.0_x5:     "Google Axion",
2026-09-03T00:52:35.335+0100 [DEBUG] provider.terraform-provider-google_v7.43.0_x5:     "AMD Turin"
2026-09-03T00:52:35.335+0100 [DEBUG] provider.terraform-provider-google_v7.43.0_x5:    ],
2026-09-03T00:52:35.335+0100 [DEBUG] provider.terraform-provider-google_v7.43.0_x5:    "supportsPzs": false
2026-09-03T00:52:35.335+0100 [DEBUG] provider.terraform-provider-google_v7.43.0_x5:   },
2026-09-03T00:52:35.335+0100 [DEBUG] provider.terraform-provider-google_v7.43.0_x5:   {
2026-09-03T00:52:35.335+0100 [DEBUG] provider.terraform-provider-google_v7.43.0_x5:    "kind": "compute#zone",
2026-09-03T00:52:35.335+0100 [DEBUG] provider.terraform-provider-google_v7.43.0_x5:    "id": "2104",
2026-09-03T00:52:35.335+0100 [DEBUG] provider.terraform-provider-google_v7.43.0_x5:    "creationTimestamp": "1969-12-31T16:00:00.000-08:00",
2026-09-03T00:52:35.335+0100 [DEBUG] provider.terraform-provider-google_v7.43.0_x5:    "name": "europe-west1-d",
2026-09-03T00:52:35.335+0100 [DEBUG] provider.terraform-provider-google_v7.43.0_x5:    "description": "europe-west1-d",
2026-09-03T00:52:35.335+0100 [DEBUG] provider.terraform-provider-google_v7.43.0_x5:    "status": "UP",
2026-09-03T00:52:35.335+0100 [DEBUG] provider.terraform-provider-google_v7.43.0_x5:    "region": "https://www.googleapis.com/compute/v1/projects/nomad-platform-gcp/regions/europe-west1",
2026-09-03T00:52:35.335+0100 [DEBUG] provider.terraform-provider-google_v7.43.0_x5:    "selfLink": "https://www.googleapis.com/compute/v1/projects/nomad-platform-gcp/zones/europe-west1-d",
2026-09-03T00:52:35.335+0100 [DEBUG] provider.terraform-provider-google_v7.43.0_x5:    "availableCpuPlatforms": [
2026-09-03T00:52:35.335+0100 [DEBUG] provider.terraform-provider-google_v7.43.0_x5:     "Intel Broadwell",
2026-09-03T00:52:35.335+0100 [DEBUG] provider.terraform-provider-google_v7.43.0_x5:     "Intel Cascade Lake",
2026-09-03T00:52:35.335+0100 [DEBUG] provider.terraform-provider-google_v7.43.0_x5:     "Intel Emerald Rapids",
2026-09-03T00:52:35.335+0100 [DEBUG] provider.terraform-provider-google_v7.43.0_x5:     "AMD Genoa",
2026-09-03T00:52:35.335+0100 [DEBUG] provider.terraform-provider-google_v7.43.0_x5:     "Intel Granite Rapids",
2026-09-03T00:52:35.335+0100 [DEBUG] provider.terraform-provider-google_v7.43.0_x5:     "Intel Haswell",
2026-09-03T00:52:35.335+0100 [DEBUG] provider.terraform-provider-google_v7.43.0_x5:     "Intel Ice Lake",
2026-09-03T00:52:35.335+0100 [DEBUG] provider.terraform-provider-google_v7.43.0_x5:     "Intel Ivy Bridge",
2026-09-03T00:52:35.335+0100 [DEBUG] provider.terraform-provider-google_v7.43.0_x5:     "Google Axion",
2026-09-03T00:52:35.335+0100 [DEBUG] provider.terraform-provider-google_v7.43.0_x5:     "AMD Milan",
2026-09-03T00:52:35.335+0100 [DEBUG] provider.terraform-provider-google_v7.43.0_x5:     "AMD Rome",
2026-09-03T00:52:35.335+0100 [DEBUG] provider.terraform-provider-google_v7.43.0_x5:     "Intel Sandy Bridge",
2026-09-03T00:52:35.335+0100 [DEBUG] provider.terraform-provider-google_v7.43.0_x5:     "Intel Sapphire Rapids",
2026-09-03T00:52:35.336+0100 [DEBUG] provider.terraform-provider-google_v7.43.0_x5:     "Intel Skylake",
2026-09-03T00:52:35.336+0100 [DEBUG] provider.terraform-provider-google_v7.43.0_x5:     "AMD Turin"
2026-09-03T00:52:35.336+0100 [DEBUG] provider.terraform-provider-google_v7.43.0_x5:    ],
2026-09-03T00:52:35.336+0100 [DEBUG] provider.terraform-provider-google_v7.43.0_x5:    "supportsPzs": false
2026-09-03T00:52:35.336+0100 [DEBUG] provider.terraform-provider-google_v7.43.0_x5:   },
2026-09-03T00:52:35.336+0100 [DEBUG] provider.terraform-provider-google_v7.43.0_x5:   {
2026-09-03T00:52:35.336+0100 [DEBUG] provider.terraform-provider-google_v7.43.0_x5:    "kind": "compute#zone",
2026-09-03T00:52:35.336+0100 [DEBUG] provider.terraform-provider-google_v7.43.0_x5:    "id": "2103",
2026-09-03T00:52:35.336+0100 [DEBUG] provider.terraform-provider-google_v7.43.0_x5:    "creationTimestamp": "1969-12-31T16:00:00.000-08:00",
2026-09-03T00:52:35.336+0100 [DEBUG] provider.terraform-provider-google_v7.43.0_x5:    "name": "europe-west1-c",
2026-09-03T00:52:35.336+0100 [DEBUG] provider.terraform-provider-google_v7.43.0_x5:    "description": "europe-west1-c",
2026-09-03T00:52:35.336+0100 [DEBUG] provider.terraform-provider-google_v7.43.0_x5:    "status": "UP",
2026-09-03T00:52:35.336+0100 [DEBUG] provider.terraform-provider-google_v7.43.0_x5:    "region": "https://www.googleapis.com/compute/v1/projects/nomad-platform-gcp/regions/europe-west1",
2026-09-03T00:52:35.336+0100 [DEBUG] provider.terraform-provider-google_v7.43.0_x5:    "selfLink": "https://www.googleapis.com/compute/v1/projects/nomad-platform-gcp/zones/europe-west1-c",
2026-09-03T00:52:35.336+0100 [DEBUG] provider.terraform-provider-google_v7.43.0_x5:    "availableCpuPlatforms": [
2026-09-03T00:52:35.336+0100 [DEBUG] provider.terraform-provider-google_v7.43.0_x5:     "ARM Generic",
2026-09-03T00:52:35.336+0100 [DEBUG] provider.terraform-provider-google_v7.43.0_x5:     "Intel Broadwell",
2026-09-03T00:52:35.336+0100 [DEBUG] provider.terraform-provider-google_v7.43.0_x5:     "Intel Cascade Lake",
2026-09-03T00:52:35.336+0100 [DEBUG] provider.terraform-provider-google_v7.43.0_x5:     "Intel Emerald Rapids",
2026-09-03T00:52:35.336+0100 [DEBUG] provider.terraform-provider-google_v7.43.0_x5:     "AMD Genoa",
2026-09-03T00:52:35.336+0100 [DEBUG] provider.terraform-provider-google_v7.43.0_x5:     "Intel Granite Rapids",
2026-09-03T00:52:35.336+0100 [DEBUG] provider.terraform-provider-google_v7.43.0_x5:     "Intel Haswell",
2026-09-03T00:52:35.336+0100 [DEBUG] provider.terraform-provider-google_v7.43.0_x5:     "Intel Ice Lake",
2026-09-03T00:52:35.336+0100 [DEBUG] provider.terraform-provider-google_v7.43.0_x5:     "Intel Ivy Bridge",
2026-09-03T00:52:35.336+0100 [DEBUG] provider.terraform-provider-google_v7.43.0_x5:     "Google Axion",
2026-09-03T00:52:35.336+0100 [DEBUG] provider.terraform-provider-google_v7.43.0_x5:     "AMD Milan",
2026-09-03T00:52:35.336+0100 [DEBUG] provider.terraform-provider-google_v7.43.0_x5:     "AMD Rome",
2026-09-03T00:52:35.336+0100 [DEBUG] provider.terraform-provider-google_v7.43.0_x5:     "Intel Sandy Bridge",
2026-09-03T00:52:35.336+0100 [DEBUG] provider.terraform-provider-google_v7.43.0_x5:     "Intel Sapphire Rapids",
2026-09-03T00:52:35.336+0100 [DEBUG] provider.terraform-provider-google_v7.43.0_x5:     "Intel Skylake",
2026-09-03T00:52:35.336+0100 [DEBUG] provider.terraform-provider-google_v7.43.0_x5:     "Google Axion",
2026-09-03T00:52:35.336+0100 [DEBUG] provider.terraform-provider-google_v7.43.0_x5:     "AMD Turin"
2026-09-03T00:52:35.336+0100 [DEBUG] provider.terraform-provider-google_v7.43.0_x5:    ],
2026-09-03T00:52:35.336+0100 [DEBUG] provider.terraform-provider-google_v7.43.0_x5:    "supportsPzs": false
2026-09-03T00:52:35.336+0100 [DEBUG] provider.terraform-provider-google_v7.43.0_x5:   },
2026-09-03T00:52:35.336+0100 [DEBUG] provider.terraform-provider-google_v7.43.0_x5:   {
2026-09-03T00:52:35.336+0100 [DEBUG] provider.terraform-provider-google_v7.43.0_x5:    "kind": "compute#zone",
2026-09-03T00:52:35.336+0100 [DEBUG] provider.terraform-provider-google_v7.43.0_x5:    "id": "2300",
2026-09-03T00:52:35.336+0100 [DEBUG] provider.terraform-provider-google_v7.43.0_x5:    "creationTimestamp": "1969-12-31T16:00:00.000-08:00",
2026-09-03T00:52:35.336+0100 [DEBUG] provider.terraform-provider-google_v7.43.0_x5:    "name": "europe-west3-c",
2026-09-03T00:52:35.336+0100 [DEBUG] provider.terraform-provider-google_v7.43.0_x5:    "description": "europe-west3-c",
2026-09-03T00:52:35.336+0100 [DEBUG] provider.terraform-provider-google_v7.43.0_x5:    "status": "UP",
2026-09-03T00:52:35.336+0100 [DEBUG] provider.terraform-provider-google_v7.43.0_x5:    "region": "https://www.googleapis.com/compute/v1/projects/nomad-platform-gcp/regions/europe-west3",
2026-09-03T00:52:35.336+0100 [DEBUG] provider.terraform-provider-google_v7.43.0_x5:    "selfLink": "https://www.googleapis.com/compute/v1/projects/nomad-platform-gcp/zones/europe-west3-c",
2026-09-03T00:52:35.336+0100 [DEBUG] provider.terraform-provider-google_v7.43.0_x5:    "availableCpuPlatforms": [
2026-09-03T00:52:35.336+0100 [DEBUG] provider.terraform-provider-google_v7.43.0_x5:     "Intel Broadwell",
2026-09-03T00:52:35.336+0100 [DEBUG] provider.terraform-provider-google_v7.43.0_x5:     "Intel Cascade Lake",
2026-09-03T00:52:35.336+0100 [DEBUG] provider.terraform-provider-google_v7.43.0_x5:     "Intel Emerald Rapids",
2026-09-03T00:52:35.336+0100 [DEBUG] provider.terraform-provider-google_v7.43.0_x5:     "AMD Genoa",
2026-09-03T00:52:35.336+0100 [DEBUG] provider.terraform-provider-google_v7.43.0_x5:     "Intel Granite Rapids",
2026-09-03T00:52:35.336+0100 [DEBUG] provider.terraform-provider-google_v7.43.0_x5:     "Intel Haswell",
2026-09-03T00:52:35.336+0100 [DEBUG] provider.terraform-provider-google_v7.43.0_x5:     "Intel Ice Lake",
2026-09-03T00:52:35.336+0100 [DEBUG] provider.terraform-provider-google_v7.43.0_x5:     "Intel Ivy Bridge",
2026-09-03T00:52:35.336+0100 [DEBUG] provider.terraform-provider-google_v7.43.0_x5:     "Google Axion",
2026-09-03T00:52:35.336+0100 [DEBUG] provider.terraform-provider-google_v7.43.0_x5:     "AMD Milan",
2026-09-03T00:52:35.336+0100 [DEBUG] provider.terraform-provider-google_v7.43.0_x5:     "AMD Rome",
2026-09-03T00:52:35.336+0100 [DEBUG] provider.terraform-provider-google_v7.43.0_x5:     "Intel Sandy Bridge",
2026-09-03T00:52:35.336+0100 [DEBUG] provider.terraform-provider-google_v7.43.0_x5:     "Intel Sapphire Rapids",
2026-09-03T00:52:35.336+0100 [DEBUG] provider.terraform-provider-google_v7.43.0_x5:     "Intel Skylake",
2026-09-03T00:52:35.336+0100 [DEBUG] provider.terraform-provider-google_v7.43.0_x5:     "Google Axion",
2026-09-03T00:52:35.336+0100 [DEBUG] provider.terraform-provider-google_v7.43.0_x5:     "AMD Turin"
2026-09-03T00:52:35.336+0100 [DEBUG] provider.terraform-provider-google_v7.43.0_x5:    ],
2026-09-03T00:52:35.336+0100 [DEBUG] provider.terraform-provider-google_v7.43.0_x5:    "supportsPzs": true
2026-09-03T00:52:35.336+0100 [DEBUG] provider.terraform-provider-google_v7.43.0_x5:   },
2026-09-03T00:52:35.336+0100 [DEBUG] provider.terraform-provider-google_v7.43.0_x5:   {
2026-09-03T00:52:35.336+0100 [DEBUG] provider.terraform-provider-google_v7.43.0_x5:    "kind": "compute#zone",
2026-09-03T00:52:35.336+0100 [DEBUG] provider.terraform-provider-google_v7.43.0_x5:    "id": "2301",
2026-09-03T00:52:35.336+0100 [DEBUG] provider.terraform-provider-google_v7.43.0_x5:    "creationTimestamp": "1969-12-31T16:00:00.000-08:00",
2026-09-03T00:52:35.336+0100 [DEBUG] provider.terraform-provider-google_v7.43.0_x5:    "name": "europe-west3-a",
2026-09-03T00:52:35.336+0100 [DEBUG] provider.terraform-provider-google_v7.43.0_x5:    "description": "europe-west3-a",
2026-09-03T00:52:35.336+0100 [DEBUG] provider.terraform-provider-google_v7.43.0_x5:    "status": "UP",
2026-09-03T00:52:35.336+0100 [DEBUG] provider.terraform-provider-google_v7.43.0_x5:    "region": "https://www.googleapis.com/compute/v1/projects/nomad-platform-gcp/regions/europe-west3",
2026-09-03T00:52:35.336+0100 [DEBUG] provider.terraform-provider-google_v7.43.0_x5:    "selfLink": "https://www.googleapis.com/compute/v1/projects/nomad-platform-gcp/zones/europe-west3-a",
2026-09-03T00:52:35.336+0100 [DEBUG] provider.terraform-provider-google_v7.43.0_x5:    "availableCpuPlatforms": [
2026-09-03T00:52:35.336+0100 [DEBUG] provider.terraform-provider-google_v7.43.0_x5:     "Intel Broadwell",
2026-09-03T00:52:35.336+0100 [DEBUG] provider.terraform-provider-google_v7.43.0_x5:     "Intel Cascade Lake",
2026-09-03T00:52:35.336+0100 [DEBUG] provider.terraform-provider-google_v7.43.0_x5:     "Intel Emerald Rapids",
2026-09-03T00:52:35.336+0100 [DEBUG] provider.terraform-provider-google_v7.43.0_x5:     "AMD Genoa",
2026-09-03T00:52:35.336+0100 [DEBUG] provider.terraform-provider-google_v7.43.0_x5:     "Intel Granite Rapids",
2026-09-03T00:52:35.336+0100 [DEBUG] provider.terraform-provider-google_v7.43.0_x5:     "Intel Haswell",
2026-09-03T00:52:35.336+0100 [DEBUG] provider.terraform-provider-google_v7.43.0_x5:     "Intel Ice Lake",
2026-09-03T00:52:35.336+0100 [DEBUG] provider.terraform-provider-google_v7.43.0_x5:     "Intel Ivy Bridge",
2026-09-03T00:52:35.336+0100 [DEBUG] provider.terraform-provider-google_v7.43.0_x5:     "Google Axion",
2026-09-03T00:52:35.336+0100 [DEBUG] provider.terraform-provider-google_v7.43.0_x5:     "AMD Milan",
2026-09-03T00:52:35.336+0100 [DEBUG] provider.terraform-provider-google_v7.43.0_x5:     "AMD Rome",
2026-09-03T00:52:35.336+0100 [DEBUG] provider.terraform-provider-google_v7.43.0_x5:     "Intel Sandy Bridge",
2026-09-03T00:52:35.336+0100 [DEBUG] provider.terraform-provider-google_v7.43.0_x5:     "Intel Sapphire Rapids",
2026-09-03T00:52:35.336+0100 [DEBUG] provider.terraform-provider-google_v7.43.0_x5:     "Intel Skylake",
2026-09-03T00:52:35.336+0100 [DEBUG] provider.terraform-provider-google_v7.43.0_x5:     "Google Axion",
2026-09-03T00:52:35.336+0100 [DEBUG] provider.terraform-provider-google_v7.43.0_x5:     "AMD Turin"
2026-09-03T00:52:35.336+0100 [DEBUG] provider.terraform-provider-google_v7.43.0_x5:    ],
2026-09-03T00:52:35.336+0100 [DEBUG] provider.terraform-provider-google_v7.43.0_x5:    "supportsPzs": true
2026-09-03T00:52:35.336+0100 [DEBUG] provider.terraform-provider-google_v7.43.0_x5:   },
2026-09-03T00:52:35.336+0100 [DEBUG] provider.terraform-provider-google_v7.43.0_x5:   {
2026-09-03T00:52:35.336+0100 [DEBUG] provider.terraform-provider-google_v7.43.0_x5:    "kind": "compute#zone",
2026-09-03T00:52:35.336+0100 [DEBUG] provider.terraform-provider-google_v7.43.0_x5:    "id": "2302",
2026-09-03T00:52:35.336+0100 [DEBUG] provider.terraform-provider-google_v7.43.0_x5:    "creationTimestamp": "1969-12-31T16:00:00.000-08:00",
2026-09-03T00:52:35.336+0100 [DEBUG] provider.terraform-provider-google_v7.43.0_x5:    "name": "europe-west3-b",
2026-09-03T00:52:35.336+0100 [DEBUG] provider.terraform-provider-google_v7.43.0_x5:    "description": "europe-west3-b",
2026-09-03T00:52:35.336+0100 [DEBUG] provider.terraform-provider-google_v7.43.0_x5:    "status": "UP",
2026-09-03T00:52:35.336+0100 [DEBUG] provider.terraform-provider-google_v7.43.0_x5:    "region": "https://www.googleapis.com/compute/v1/projects/nomad-platform-gcp/regions/europe-west3",
2026-09-03T00:52:35.336+0100 [DEBUG] provider.terraform-provider-google_v7.43.0_x5:    "selfLink": "https://www.googleapis.com/compute/v1/projects/nomad-platform-gcp/zones/europe-west3-b",
2026-09-03T00:52:35.336+0100 [DEBUG] provider.terraform-provider-google_v7.43.0_x5:    "availableCpuPlatforms": [
2026-09-03T00:52:35.336+0100 [DEBUG] provider.terraform-provider-google_v7.43.0_x5:     "Intel Broadwell",
2026-09-03T00:52:35.336+0100 [DEBUG] provider.terraform-provider-google_v7.43.0_x5:     "Intel Cascade Lake",
2026-09-03T00:52:35.336+0100 [DEBUG] provider.terraform-provider-google_v7.43.0_x5:     "Intel Emerald Rapids",
2026-09-03T00:52:35.336+0100 [DEBUG] provider.terraform-provider-google_v7.43.0_x5:     "AMD Genoa",
2026-09-03T00:52:35.336+0100 [DEBUG] provider.terraform-provider-google_v7.43.0_x5:     "Intel Granite Rapids",
2026-09-03T00:52:35.336+0100 [DEBUG] provider.terraform-provider-google_v7.43.0_x5:     "Intel Haswell",
2026-09-03T00:52:35.336+0100 [DEBUG] provider.terraform-provider-google_v7.43.0_x5:     "Intel Ice Lake",
2026-09-03T00:52:35.336+0100 [DEBUG] provider.terraform-provider-google_v7.43.0_x5:     "Intel Ivy Bridge",
2026-09-03T00:52:35.336+0100 [DEBUG] provider.terraform-provider-google_v7.43.0_x5:     "Google Axion",
2026-09-03T00:52:35.336+0100 [DEBUG] provider.terraform-provider-google_v7.43.0_x5:     "AMD Milan",
2026-09-03T00:52:35.336+0100 [DEBUG] provider.terraform-provider-google_v7.43.0_x5:     "AMD Rome",
2026-09-03T00:52:35.336+0100 [DEBUG] provider.terraform-provider-google_v7.43.0_x5:     "Intel Sandy Bridge",
2026-09-03T00:52:35.336+0100 [DEBUG] provider.terraform-provider-google_v7.43.0_x5:     "Intel Sapphire Rapids",
2026-09-03T00:52:35.336+0100 [DEBUG] provider.terraform-provider-google_v7.43.0_x5:     "Intel Skylake",
2026-09-03T00:52:35.336+0100 [DEBUG] provider.terraform-provider-google_v7.43.0_x5:     "Google Axion",
2026-09-03T00:52:35.336+0100 [DEBUG] provider.terraform-provider-google_v7.43.0_x5:     "AMD Turin"
2026-09-03T00:52:35.336+0100 [DEBUG] provider.terraform-provider-google_v7.43.0_x5:    ],
2026-09-03T00:52:35.336+0100 [DEBUG] provider.terraform-provider-google_v7.43.0_x5:    "supportsPzs": true
2026-09-03T00:52:35.336+0100 [DEBUG] provider.terraform-provider-google_v7.43.0_x5:   },
2026-09-03T00:52:35.336+0100 [DEBUG] provider.terraform-provider-google_v7.43.0_x5:   {
2026-09-03T00:52:35.336+0100 [DEBUG] provider.terraform-provider-google_v7.43.0_x5:    "kind": "compute#zone",
2026-09-03T00:52:35.336+0100 [DEBUG] provider.terraform-provider-google_v7.43.0_x5:    "id": "2292",
2026-09-03T00:52:35.336+0100 [DEBUG] provider.terraform-provider-google_v7.43.0_x5:    "creationTimestamp": "1969-12-31T16:00:00.000-08:00",
2026-09-03T00:52:35.336+0100 [DEBUG] provider.terraform-provider-google_v7.43.0_x5:    "name": "europe-west2-c",
2026-09-03T00:52:35.336+0100 [DEBUG] provider.terraform-provider-google_v7.43.0_x5:    "description": "europe-west2-c",
2026-09-03T00:52:35.336+0100 [DEBUG] provider.terraform-provider-google_v7.43.0_x5:    "status": "UP",
2026-09-03T00:52:35.336+0100 [DEBUG] provider.terraform-provider-google_v7.43.0_x5:    "region": "https://www.googleapis.com/compute/v1/projects/nomad-platform-gcp/regions/europe-west2",
2026-09-03T00:52:35.336+0100 [DEBUG] provider.terraform-provider-google_v7.43.0_x5:    "selfLink": "https://www.googleapis.com/compute/v1/projects/nomad-platform-gcp/zones/europe-west2-c",
2026-09-03T00:52:35.336+0100 [DEBUG] provider.terraform-provider-google_v7.43.0_x5:    "availableCpuPlatforms": [
2026-09-03T00:52:35.336+0100 [DEBUG] provider.terraform-provider-google_v7.43.0_x5:     "Intel Broadwell",
2026-09-03T00:52:35.336+0100 [DEBUG] provider.terraform-provider-google_v7.43.0_x5:     "Intel Cascade Lake",
2026-09-03T00:52:35.336+0100 [DEBUG] provider.terraform-provider-google_v7.43.0_x5:     "Intel Emerald Rapids",
2026-09-03T00:52:35.336+0100 [DEBUG] provider.terraform-provider-google_v7.43.0_x5:     "Intel Granite Rapids",
2026-09-03T00:52:35.336+0100 [DEBUG] provider.terraform-provider-google_v7.43.0_x5:     "Intel Haswell",
2026-09-03T00:52:35.336+0100 [DEBUG] provider.terraform-provider-google_v7.43.0_x5:     "Intel Ice Lake",
2026-09-03T00:52:35.337+0100 [DEBUG] provider.terraform-provider-google_v7.43.0_x5:     "Intel Ivy Bridge",
2026-09-03T00:52:35.337+0100 [DEBUG] provider.terraform-provider-google_v7.43.0_x5:     "Google Axion",
2026-09-03T00:52:35.337+0100 [DEBUG] provider.terraform-provider-google_v7.43.0_x5:     "AMD Milan",
2026-09-03T00:52:35.337+0100 [DEBUG] provider.terraform-provider-google_v7.43.0_x5:     "AMD Rome",
2026-09-03T00:52:35.337+0100 [DEBUG] provider.terraform-provider-google_v7.43.0_x5:     "Intel Sandy Bridge",
2026-09-03T00:52:35.337+0100 [DEBUG] provider.terraform-provider-google_v7.43.0_x5:     "Intel Sapphire Rapids",
2026-09-03T00:52:35.337+0100 [DEBUG] provider.terraform-provider-google_v7.43.0_x5:     "Intel Skylake",
2026-09-03T00:52:35.337+0100 [DEBUG] provider.terraform-provider-google_v7.43.0_x5:     "Google Axion",
2026-09-03T00:52:35.337+0100 [DEBUG] provider.terraform-provider-google_v7.43.0_x5:     "AMD Turin"
2026-09-03T00:52:35.337+0100 [DEBUG] provider.terraform-provider-google_v7.43.0_x5:    ],
2026-09-03T00:52:35.337+0100 [DEBUG] provider.terraform-provider-google_v7.43.0_x5:    "supportsPzs": true
2026-09-03T00:52:35.337+0100 [DEBUG] provider.terraform-provider-google_v7.43.0_x5:   },
2026-09-03T00:52:35.337+0100 [DEBUG] provider.terraform-provider-google_v7.43.0_x5:   {
2026-09-03T00:52:35.337+0100 [DEBUG] provider.terraform-provider-google_v7.43.0_x5:    "kind": "compute#zone",
2026-09-03T00:52:35.337+0100 [DEBUG] provider.terraform-provider-google_v7.43.0_x5:    "id": "2291",
2026-09-03T00:52:35.337+0100 [DEBUG] provider.terraform-provider-google_v7.43.0_x5:    "creationTimestamp": "1969-12-31T16:00:00.000-08:00",
2026-09-03T00:52:35.337+0100 [DEBUG] provider.terraform-provider-google_v7.43.0_x5:    "name": "europe-west2-b",
2026-09-03T00:52:35.337+0100 [DEBUG] provider.terraform-provider-google_v7.43.0_x5:    "description": "europe-west2-b",
2026-09-03T00:52:35.337+0100 [DEBUG] provider.terraform-provider-google_v7.43.0_x5:    "status": "UP",
2026-09-03T00:52:35.337+0100 [DEBUG] provider.terraform-provider-google_v7.43.0_x5:    "region": "https://www.googleapis.com/compute/v1/projects/nomad-platform-gcp/regions/europe-west2",
2026-09-03T00:52:35.337+0100 [DEBUG] provider.terraform-provider-google_v7.43.0_x5:    "selfLink": "https://www.googleapis.com/compute/v1/projects/nomad-platform-gcp/zones/europe-west2-b",
2026-09-03T00:52:35.337+0100 [DEBUG] provider.terraform-provider-google_v7.43.0_x5:    "availableCpuPlatforms": [
2026-09-03T00:52:35.337+0100 [DEBUG] provider.terraform-provider-google_v7.43.0_x5:     "ARM Generic",
2026-09-03T00:52:35.337+0100 [DEBUG] provider.terraform-provider-google_v7.43.0_x5:     "Intel Broadwell",
2026-09-03T00:52:35.337+0100 [DEBUG] provider.terraform-provider-google_v7.43.0_x5:     "Intel Cascade Lake",
2026-09-03T00:52:35.337+0100 [DEBUG] provider.terraform-provider-google_v7.43.0_x5:     "Intel Emerald Rapids",
2026-09-03T00:52:35.337+0100 [DEBUG] provider.terraform-provider-google_v7.43.0_x5:     "AMD Genoa",
2026-09-03T00:52:35.337+0100 [DEBUG] provider.terraform-provider-google_v7.43.0_x5:     "Intel Granite Rapids",
2026-09-03T00:52:35.337+0100 [DEBUG] provider.terraform-provider-google_v7.43.0_x5:     "Intel Haswell",
2026-09-03T00:52:35.337+0100 [DEBUG] provider.terraform-provider-google_v7.43.0_x5:     "Intel Ice Lake",
2026-09-03T00:52:35.337+0100 [DEBUG] provider.terraform-provider-google_v7.43.0_x5:     "Intel Ivy Bridge",
2026-09-03T00:52:35.337+0100 [DEBUG] provider.terraform-provider-google_v7.43.0_x5:     "Google Axion",
2026-09-03T00:52:35.337+0100 [DEBUG] provider.terraform-provider-google_v7.43.0_x5:     "AMD Milan",
2026-09-03T00:52:35.337+0100 [DEBUG] provider.terraform-provider-google_v7.43.0_x5:     "AMD Rome",
2026-09-03T00:52:35.337+0100 [DEBUG] provider.terraform-provider-google_v7.43.0_x5:     "Intel Sandy Bridge",
2026-09-03T00:52:35.337+0100 [DEBUG] provider.terraform-provider-google_v7.43.0_x5:     "Intel Sapphire Rapids",
2026-09-03T00:52:35.337+0100 [DEBUG] provider.terraform-provider-google_v7.43.0_x5:     "Intel Skylake",
2026-09-03T00:52:35.337+0100 [DEBUG] provider.terraform-provider-google_v7.43.0_x5:     "Google Axion",
2026-09-03T00:52:35.337+0100 [DEBUG] provider.terraform-provider-google_v7.43.0_x5:     "AMD Turin"
2026-09-03T00:52:35.337+0100 [DEBUG] provider.terraform-provider-google_v7.43.0_x5:    ],
2026-09-03T00:52:35.337+0100 [DEBUG] provider.terraform-provider-google_v7.43.0_x5:    "supportsPzs": true
2026-09-03T00:52:35.337+0100 [DEBUG] provider.terraform-provider-google_v7.43.0_x5:   },
2026-09-03T00:52:35.337+0100 [DEBUG] provider.terraform-provider-google_v7.43.0_x5:   {
2026-09-03T00:52:35.337+0100 [DEBUG] provider.terraform-provider-google_v7.43.0_x5:    "kind": "compute#zone",
2026-09-03T00:52:35.337+0100 [DEBUG] provider.terraform-provider-google_v7.43.0_x5:    "id": "2290",
2026-09-03T00:52:35.337+0100 [DEBUG] provider.terraform-provider-google_v7.43.0_x5:    "creationTimestamp": "1969-12-31T16:00:00.000-08:00",
2026-09-03T00:52:35.337+0100 [DEBUG] provider.terraform-provider-google_v7.43.0_x5:    "name": "europe-west2-a",
2026-09-03T00:52:35.337+0100 [DEBUG] provider.terraform-provider-google_v7.43.0_x5:    "description": "europe-west2-a",
2026-09-03T00:52:35.337+0100 [DEBUG] provider.terraform-provider-google_v7.43.0_x5:    "status": "UP",
2026-09-03T00:52:35.337+0100 [DEBUG] provider.terraform-provider-google_v7.43.0_x5:    "region": "https://www.googleapis.com/compute/v1/projects/nomad-platform-gcp/regions/europe-west2",
2026-09-03T00:52:35.337+0100 [DEBUG] provider.terraform-provider-google_v7.43.0_x5:    "selfLink": "https://www.googleapis.com/compute/v1/projects/nomad-platform-gcp/zones/europe-west2-a",
2026-09-03T00:52:35.337+0100 [DEBUG] provider.terraform-provider-google_v7.43.0_x5:    "availableCpuPlatforms": [
2026-09-03T00:52:35.337+0100 [DEBUG] provider.terraform-provider-google_v7.43.0_x5:     "Intel Broadwell",
2026-09-03T00:52:35.337+0100 [DEBUG] provider.terraform-provider-google_v7.43.0_x5:     "Intel Cascade Lake",
2026-09-03T00:52:35.337+0100 [DEBUG] provider.terraform-provider-google_v7.43.0_x5:     "Intel Emerald Rapids",
2026-09-03T00:52:35.337+0100 [DEBUG] provider.terraform-provider-google_v7.43.0_x5:     "AMD Genoa",
2026-09-03T00:52:35.337+0100 [DEBUG] provider.terraform-provider-google_v7.43.0_x5:     "Intel Granite Rapids",
2026-09-03T00:52:35.337+0100 [DEBUG] provider.terraform-provider-google_v7.43.0_x5:     "Intel Haswell",
2026-09-03T00:52:35.337+0100 [DEBUG] provider.terraform-provider-google_v7.43.0_x5:     "Intel Ice Lake",
2026-09-03T00:52:35.337+0100 [DEBUG] provider.terraform-provider-google_v7.43.0_x5:     "Intel Ivy Bridge",
2026-09-03T00:52:35.337+0100 [DEBUG] provider.terraform-provider-google_v7.43.0_x5:     "Google Axion",
2026-09-03T00:52:35.337+0100 [DEBUG] provider.terraform-provider-google_v7.43.0_x5:     "AMD Milan",
2026-09-03T00:52:35.337+0100 [DEBUG] provider.terraform-provider-google_v7.43.0_x5:     "AMD Rome",
2026-09-03T00:52:35.337+0100 [DEBUG] provider.terraform-provider-google_v7.43.0_x5:     "Intel Sandy Bridge",
2026-09-03T00:52:35.337+0100 [DEBUG] provider.terraform-provider-google_v7.43.0_x5:     "Intel Sapphire Rapids",
2026-09-03T00:52:35.337+0100 [DEBUG] provider.terraform-provider-google_v7.43.0_x5:     "Intel Skylake",
2026-09-03T00:52:35.337+0100 [DEBUG] provider.terraform-provider-google_v7.43.0_x5:     "Google Axion",
2026-09-03T00:52:35.338+0100 [DEBUG] provider.terraform-provider-google_v7.43.0_x5:     "AMD Turin"
2026-09-03T00:52:35.338+0100 [DEBUG] provider.terraform-provider-google_v7.43.0_x5:    ],
2026-09-03T00:52:35.338+0100 [DEBUG] provider.terraform-provider-google_v7.43.0_x5:    "supportsPzs": true
2026-09-03T00:52:35.338+0100 [DEBUG] provider.terraform-provider-google_v7.43.0_x5:   },
2026-09-03T00:52:35.338+0100 [DEBUG] provider.terraform-provider-google_v7.43.0_x5:   {
2026-09-03T00:52:35.338+0100 [DEBUG] provider.terraform-provider-google_v7.43.0_x5:    "kind": "compute#zone",
2026-09-03T00:52:35.338+0100 [DEBUG] provider.terraform-provider-google_v7.43.0_x5:    "id": "2221",
2026-09-03T00:52:35.338+0100 [DEBUG] provider.terraform-provider-google_v7.43.0_x5:    "creationTimestamp": "1969-12-31T16:00:00.000-08:00",
2026-09-03T00:52:35.338+0100 [DEBUG] provider.terraform-provider-google_v7.43.0_x5:    "name": "asia-east1-b",
2026-09-03T00:52:35.338+0100 [DEBUG] provider.terraform-provider-google_v7.43.0_x5:    "description": "asia-east1-b",
2026-09-03T00:52:35.338+0100 [DEBUG] provider.terraform-provider-google_v7.43.0_x5:    "status": "UP",
2026-09-03T00:52:35.338+0100 [DEBUG] provider.terraform-provider-google_v7.43.0_x5:    "region": "https://www.googleapis.com/compute/v1/projects/nomad-platform-gcp/regions/asia-east1",
2026-09-03T00:52:35.338+0100 [DEBUG] provider.terraform-provider-google_v7.43.0_x5:    "selfLink": "https://www.googleapis.com/compute/v1/projects/nomad-platform-gcp/zones/asia-east1-b",
2026-09-03T00:52:35.338+0100 [DEBUG] provider.terraform-provider-google_v7.43.0_x5:    "availableCpuPlatforms": [
2026-09-03T00:52:35.338+0100 [DEBUG] provider.terraform-provider-google_v7.43.0_x5:     "Intel Broadwell",
2026-09-03T00:52:35.338+0100 [DEBUG] provider.terraform-provider-google_v7.43.0_x5:     "Intel Cascade Lake",
2026-09-03T00:52:35.338+0100 [DEBUG] provider.terraform-provider-google_v7.43.0_x5:     "Intel Emerald Rapids",
2026-09-03T00:52:35.338+0100 [DEBUG] provider.terraform-provider-google_v7.43.0_x5:     "AMD Genoa",
2026-09-03T00:52:35.338+0100 [DEBUG] provider.terraform-provider-google_v7.43.0_x5:     "Intel Granite Rapids",
2026-09-03T00:52:35.338+0100 [DEBUG] provider.terraform-provider-google_v7.43.0_x5:     "Intel Haswell",
2026-09-03T00:52:35.338+0100 [DEBUG] provider.terraform-provider-google_v7.43.0_x5:     "Intel Ice Lake",
2026-09-03T00:52:35.338+0100 [DEBUG] provider.terraform-provider-google_v7.43.0_x5:     "Intel Ivy Bridge",
2026-09-03T00:52:35.338+0100 [DEBUG] provider.terraform-provider-google_v7.43.0_x5:     "Google Axion",
2026-09-03T00:52:35.338+0100 [DEBUG] provider.terraform-provider-google_v7.43.0_x5:     "AMD Milan",
2026-09-03T00:52:35.338+0100 [DEBUG] provider.terraform-provider-google_v7.43.0_x5:     "AMD Rome",
2026-09-03T00:52:35.338+0100 [DEBUG] provider.terraform-provider-google_v7.43.0_x5:     "Intel Sandy Bridge",
2026-09-03T00:52:35.338+0100 [DEBUG] provider.terraform-provider-google_v7.43.0_x5:     "Intel Sapphire Rapids",
2026-09-03T00:52:35.338+0100 [DEBUG] provider.terraform-provider-google_v7.43.0_x5:     "Intel Skylake",
2026-09-03T00:52:35.338+0100 [DEBUG] provider.terraform-provider-google_v7.43.0_x5:     "AMD Turin"
2026-09-03T00:52:35.338+0100 [DEBUG] provider.terraform-provider-google_v7.43.0_x5:    ],
2026-09-03T00:52:35.338+0100 [DEBUG] provider.terraform-provider-google_v7.43.0_x5:    "supportsPzs": false
2026-09-03T00:52:35.338+0100 [DEBUG] provider.terraform-provider-google_v7.43.0_x5:   },
2026-09-03T00:52:35.338+0100 [DEBUG] provider.terraform-provider-google_v7.43.0_x5:   {
2026-09-03T00:52:35.338+0100 [DEBUG] provider.terraform-provider-google_v7.43.0_x5:    "kind": "compute#zone",
2026-09-03T00:52:35.338+0100 [DEBUG] provider.terraform-provider-google_v7.43.0_x5:    "id": "2220",
2026-09-03T00:52:35.338+0100 [DEBUG] provider.terraform-provider-google_v7.43.0_x5:    "creationTimestamp": "1969-12-31T16:00:00.000-08:00",
2026-09-03T00:52:35.338+0100 [DEBUG] provider.terraform-provider-google_v7.43.0_x5:    "name": "asia-east1-a",
2026-09-03T00:52:35.338+0100 [DEBUG] provider.terraform-provider-google_v7.43.0_x5:    "description": "asia-east1-a",
2026-09-03T00:52:35.338+0100 [DEBUG] provider.terraform-provider-google_v7.43.0_x5:    "status": "UP",
2026-09-03T00:52:35.338+0100 [DEBUG] provider.terraform-provider-google_v7.43.0_x5:    "region": "https://www.googleapis.com/compute/v1/projects/nomad-platform-gcp/regions/asia-east1",
2026-09-03T00:52:35.338+0100 [DEBUG] provider.terraform-provider-google_v7.43.0_x5:    "selfLink": "https://www.googleapis.com/compute/v1/projects/nomad-platform-gcp/zones/asia-east1-a",
2026-09-03T00:52:35.338+0100 [DEBUG] provider.terraform-provider-google_v7.43.0_x5:    "availableCpuPlatforms": [
2026-09-03T00:52:35.338+0100 [DEBUG] provider.terraform-provider-google_v7.43.0_x5:     "Intel Broadwell",
2026-09-03T00:52:35.338+0100 [DEBUG] provider.terraform-provider-google_v7.43.0_x5:     "Intel Cascade Lake",
2026-09-03T00:52:35.338+0100 [DEBUG] provider.terraform-provider-google_v7.43.0_x5:     "Intel Emerald Rapids",
2026-09-03T00:52:35.338+0100 [DEBUG] provider.terraform-provider-google_v7.43.0_x5:     "AMD Genoa",
2026-09-03T00:52:35.338+0100 [DEBUG] provider.terraform-provider-google_v7.43.0_x5:     "Intel Granite Rapids",
2026-09-03T00:52:35.338+0100 [DEBUG] provider.terraform-provider-google_v7.43.0_x5:     "Intel Haswell",
2026-09-03T00:52:35.338+0100 [DEBUG] provider.terraform-provider-google_v7.43.0_x5:     "Intel Ice Lake",
2026-09-03T00:52:35.338+0100 [DEBUG] provider.terraform-provider-google_v7.43.0_x5:     "Intel Ivy Bridge",
2026-09-03T00:52:35.338+0100 [DEBUG] provider.terraform-provider-google_v7.43.0_x5:     "Google Axion",
2026-09-03T00:52:35.338+0100 [DEBUG] provider.terraform-provider-google_v7.43.0_x5:     "AMD Milan",
2026-09-03T00:52:35.338+0100 [DEBUG] provider.terraform-provider-google_v7.43.0_x5:     "AMD Rome",
2026-09-03T00:52:35.338+0100 [DEBUG] provider.terraform-provider-google_v7.43.0_x5:     "Intel Sandy Bridge",
2026-09-03T00:52:35.338+0100 [DEBUG] provider.terraform-provider-google_v7.43.0_x5:     "Intel Sapphire Rapids",
2026-09-03T00:52:35.338+0100 [DEBUG] provider.terraform-provider-google_v7.43.0_x5:     "Intel Skylake",
2026-09-03T00:52:35.338+0100 [DEBUG] provider.terraform-provider-google_v7.43.0_x5:     "AMD Turin"
2026-09-03T00:52:35.338+0100 [DEBUG] provider.terraform-provider-google_v7.43.0_x5:    ],
2026-09-03T00:52:35.338+0100 [DEBUG] provider.terraform-provider-google_v7.43.0_x5:    "supportsPzs": false
2026-09-03T00:52:35.338+0100 [DEBUG] provider.terraform-provider-google_v7.43.0_x5:   },
2026-09-03T00:52:35.338+0100 [DEBUG] provider.terraform-provider-google_v7.43.0_x5:   {
2026-09-03T00:52:35.338+0100 [DEBUG] provider.terraform-provider-google_v7.43.0_x5:    "kind": "compute#zone",
2026-09-03T00:52:35.338+0100 [DEBUG] provider.terraform-provider-google_v7.43.0_x5:    "id": "2222",
2026-09-03T00:52:35.338+0100 [DEBUG] provider.terraform-provider-google_v7.43.0_x5:    "creationTimestamp": "1969-12-31T16:00:00.000-08:00",
2026-09-03T00:52:35.338+0100 [DEBUG] provider.terraform-provider-google_v7.43.0_x5:    "name": "asia-east1-c",
2026-09-03T00:52:35.338+0100 [DEBUG] provider.terraform-provider-google_v7.43.0_x5:    "description": "asia-east1-c",
2026-09-03T00:52:35.338+0100 [DEBUG] provider.terraform-provider-google_v7.43.0_x5:    "status": "UP",
2026-09-03T00:52:35.338+0100 [DEBUG] provider.terraform-provider-google_v7.43.0_x5:    "region": "https://www.googleapis.com/compute/v1/projects/nomad-platform-gcp/regions/asia-east1",
2026-09-03T00:52:35.338+0100 [DEBUG] provider.terraform-provider-google_v7.43.0_x5:    "selfLink": "https://www.googleapis.com/compute/v1/projects/nomad-platform-gcp/zones/asia-east1-c",
2026-09-03T00:52:35.338+0100 [DEBUG] provider.terraform-provider-google_v7.43.0_x5:    "availableCpuPlatforms": [
2026-09-03T00:52:35.338+0100 [DEBUG] provider.terraform-provider-google_v7.43.0_x5:     "Intel Broadwell",
2026-09-03T00:52:35.338+0100 [DEBUG] provider.terraform-provider-google_v7.43.0_x5:     "Intel Cascade Lake",
2026-09-03T00:52:35.338+0100 [DEBUG] provider.terraform-provider-google_v7.43.0_x5:     "Intel Emerald Rapids",
2026-09-03T00:52:35.338+0100 [DEBUG] provider.terraform-provider-google_v7.43.0_x5:     "AMD Genoa",
2026-09-03T00:52:35.338+0100 [DEBUG] provider.terraform-provider-google_v7.43.0_x5:     "Intel Granite Rapids",
2026-09-03T00:52:35.338+0100 [DEBUG] provider.terraform-provider-google_v7.43.0_x5:     "Intel Haswell",
2026-09-03T00:52:35.338+0100 [DEBUG] provider.terraform-provider-google_v7.43.0_x5:     "Intel Ice Lake",
2026-09-03T00:52:35.338+0100 [DEBUG] provider.terraform-provider-google_v7.43.0_x5:     "Intel Ivy Bridge",
2026-09-03T00:52:35.338+0100 [DEBUG] provider.terraform-provider-google_v7.43.0_x5:     "Google Axion",
2026-09-03T00:52:35.338+0100 [DEBUG] provider.terraform-provider-google_v7.43.0_x5:     "AMD Milan",
2026-09-03T00:52:35.338+0100 [DEBUG] provider.terraform-provider-google_v7.43.0_x5:     "AMD Rome",
2026-09-03T00:52:35.338+0100 [DEBUG] provider.terraform-provider-google_v7.43.0_x5:     "Intel Sandy Bridge",
2026-09-03T00:52:35.338+0100 [DEBUG] provider.terraform-provider-google_v7.43.0_x5:     "Intel Sapphire Rapids",
2026-09-03T00:52:35.338+0100 [DEBUG] provider.terraform-provider-google_v7.43.0_x5:     "Intel Skylake"
2026-09-03T00:52:35.338+0100 [DEBUG] provider.terraform-provider-google_v7.43.0_x5:    ],
2026-09-03T00:52:35.338+0100 [DEBUG] provider.terraform-provider-google_v7.43.0_x5:    "supportsPzs": false
2026-09-03T00:52:35.338+0100 [DEBUG] provider.terraform-provider-google_v7.43.0_x5:   },
2026-09-03T00:52:35.338+0100 [DEBUG] provider.terraform-provider-google_v7.43.0_x5:   {
2026-09-03T00:52:35.338+0100 [DEBUG] provider.terraform-provider-google_v7.43.0_x5:    "kind": "compute#zone",
2026-09-03T00:52:35.338+0100 [DEBUG] provider.terraform-provider-google_v7.43.0_x5:    "id": "2261",
2026-09-03T00:52:35.338+0100 [DEBUG] provider.terraform-provider-google_v7.43.0_x5:    "creationTimestamp": "1969-12-31T16:00:00.000-08:00",
2026-09-03T00:52:35.338+0100 [DEBUG] provider.terraform-provider-google_v7.43.0_x5:    "name": "asia-southeast1-b",
2026-09-03T00:52:35.338+0100 [DEBUG] provider.terraform-provider-google_v7.43.0_x5:    "description": "asia-southeast1-b",
2026-09-03T00:52:35.338+0100 [DEBUG] provider.terraform-provider-google_v7.43.0_x5:    "status": "UP",
2026-09-03T00:52:35.338+0100 [DEBUG] provider.terraform-provider-google_v7.43.0_x5:    "region": "https://www.googleapis.com/compute/v1/projects/nomad-platform-gcp/regions/asia-southeast1",
2026-09-03T00:52:35.338+0100 [DEBUG] provider.terraform-provider-google_v7.43.0_x5:    "selfLink": "https://www.googleapis.com/compute/v1/projects/nomad-platform-gcp/zones/asia-southeast1-b",
2026-09-03T00:52:35.338+0100 [DEBUG] provider.terraform-provider-google_v7.43.0_x5:    "availableCpuPlatforms": [
2026-09-03T00:52:35.338+0100 [DEBUG] provider.terraform-provider-google_v7.43.0_x5:     "Ampere Altra",
2026-09-03T00:52:35.338+0100 [DEBUG] provider.terraform-provider-google_v7.43.0_x5:     "ARM Generic",
2026-09-03T00:52:35.338+0100 [DEBUG] provider.terraform-provider-google_v7.43.0_x5:     "Intel Broadwell",
2026-09-03T00:52:35.338+0100 [DEBUG] provider.terraform-provider-google_v7.43.0_x5:     "Intel Cascade Lake",
2026-09-03T00:52:35.338+0100 [DEBUG] provider.terraform-provider-google_v7.43.0_x5:     "Intel Emerald Rapids",
2026-09-03T00:52:35.338+0100 [DEBUG] provider.terraform-provider-google_v7.43.0_x5:     "AMD Genoa",
2026-09-03T00:52:35.338+0100 [DEBUG] provider.terraform-provider-google_v7.43.0_x5:     "Intel Granite Rapids",
2026-09-03T00:52:35.338+0100 [DEBUG] provider.terraform-provider-google_v7.43.0_x5:     "Intel Haswell",
2026-09-03T00:52:35.338+0100 [DEBUG] provider.terraform-provider-google_v7.43.0_x5:     "Intel Ice Lake",
2026-09-03T00:52:35.338+0100 [DEBUG] provider.terraform-provider-google_v7.43.0_x5:     "Intel Ivy Bridge",
2026-09-03T00:52:35.338+0100 [DEBUG] provider.terraform-provider-google_v7.43.0_x5:     "Google Axion",
2026-09-03T00:52:35.338+0100 [DEBUG] provider.terraform-provider-google_v7.43.0_x5:     "AMD Milan",
2026-09-03T00:52:35.338+0100 [DEBUG] provider.terraform-provider-google_v7.43.0_x5:     "AMD Rome",
2026-09-03T00:52:35.338+0100 [DEBUG] provider.terraform-provider-google_v7.43.0_x5:     "Intel Sandy Bridge",
2026-09-03T00:52:35.338+0100 [DEBUG] provider.terraform-provider-google_v7.43.0_x5:     "Intel Sapphire Rapids",
2026-09-03T00:52:35.338+0100 [DEBUG] provider.terraform-provider-google_v7.43.0_x5:     "Intel Skylake",
2026-09-03T00:52:35.338+0100 [DEBUG] provider.terraform-provider-google_v7.43.0_x5:     "Google Axion",
2026-09-03T00:52:35.338+0100 [DEBUG] provider.terraform-provider-google_v7.43.0_x5:     "AMD Turin"
2026-09-03T00:52:35.339+0100 [DEBUG] provider.terraform-provider-google_v7.43.0_x5:    ],
2026-09-03T00:52:35.339+0100 [DEBUG] provider.terraform-provider-google_v7.43.0_x5:    "supportsPzs": true
2026-09-03T00:52:35.339+0100 [DEBUG] provider.terraform-provider-google_v7.43.0_x5:   },
2026-09-03T00:52:35.339+0100 [DEBUG] provider.terraform-provider-google_v7.43.0_x5:   {
2026-09-03T00:52:35.339+0100 [DEBUG] provider.terraform-provider-google_v7.43.0_x5:    "kind": "compute#zone",
2026-09-03T00:52:35.339+0100 [DEBUG] provider.terraform-provider-google_v7.43.0_x5:    "id": "2260",
2026-09-03T00:52:35.339+0100 [DEBUG] provider.terraform-provider-google_v7.43.0_x5:    "creationTimestamp": "1969-12-31T16:00:00.000-08:00",
2026-09-03T00:52:35.339+0100 [DEBUG] provider.terraform-provider-google_v7.43.0_x5:    "name": "asia-southeast1-a",
2026-09-03T00:52:35.339+0100 [DEBUG] provider.terraform-provider-google_v7.43.0_x5:    "description": "asia-southeast1-a",
2026-09-03T00:52:35.339+0100 [DEBUG] provider.terraform-provider-google_v7.43.0_x5:    "status": "UP",
2026-09-03T00:52:35.339+0100 [DEBUG] provider.terraform-provider-google_v7.43.0_x5:    "region": "https://www.googleapis.com/compute/v1/projects/nomad-platform-gcp/regions/asia-southeast1",
2026-09-03T00:52:35.339+0100 [DEBUG] provider.terraform-provider-google_v7.43.0_x5:    "selfLink": "https://www.googleapis.com/compute/v1/projects/nomad-platform-gcp/zones/asia-southeast1-a",
2026-09-03T00:52:35.339+0100 [DEBUG] provider.terraform-provider-google_v7.43.0_x5:    "availableCpuPlatforms": [
2026-09-03T00:52:35.339+0100 [DEBUG] provider.terraform-provider-google_v7.43.0_x5:     "Intel Broadwell",
2026-09-03T00:52:35.339+0100 [DEBUG] provider.terraform-provider-google_v7.43.0_x5:     "Intel Cascade Lake",
2026-09-03T00:52:35.339+0100 [DEBUG] provider.terraform-provider-google_v7.43.0_x5:     "Intel Emerald Rapids",
2026-09-03T00:52:35.339+0100 [DEBUG] provider.terraform-provider-google_v7.43.0_x5:     "AMD Genoa",
2026-09-03T00:52:35.339+0100 [DEBUG] provider.terraform-provider-google_v7.43.0_x5:     "Intel Granite Rapids",
2026-09-03T00:52:35.339+0100 [DEBUG] provider.terraform-provider-google_v7.43.0_x5:     "Intel Haswell",
2026-09-03T00:52:35.339+0100 [DEBUG] provider.terraform-provider-google_v7.43.0_x5:     "Intel Ice Lake",
2026-09-03T00:52:35.339+0100 [DEBUG] provider.terraform-provider-google_v7.43.0_x5:     "Intel Ivy Bridge",
2026-09-03T00:52:35.339+0100 [DEBUG] provider.terraform-provider-google_v7.43.0_x5:     "Google Axion",
2026-09-03T00:52:35.339+0100 [DEBUG] provider.terraform-provider-google_v7.43.0_x5:     "AMD Milan",
2026-09-03T00:52:35.339+0100 [DEBUG] provider.terraform-provider-google_v7.43.0_x5:     "AMD Rome",
2026-09-03T00:52:35.339+0100 [DEBUG] provider.terraform-provider-google_v7.43.0_x5:     "Intel Sandy Bridge",
2026-09-03T00:52:35.339+0100 [DEBUG] provider.terraform-provider-google_v7.43.0_x5:     "Intel Sapphire Rapids",
2026-09-03T00:52:35.339+0100 [DEBUG] provider.terraform-provider-google_v7.43.0_x5:     "Intel Skylake",
2026-09-03T00:52:35.339+0100 [DEBUG] provider.terraform-provider-google_v7.43.0_x5:     "Google Axion",
2026-09-03T00:52:35.339+0100 [DEBUG] provider.terraform-provider-google_v7.43.0_x5:     "AMD Turin"
2026-09-03T00:52:35.339+0100 [DEBUG] provider.terraform-provider-google_v7.43.0_x5:    ],
2026-09-03T00:52:35.339+0100 [DEBUG] provider.terraform-provider-google_v7.43.0_x5:    "supportsPzs": true
2026-09-03T00:52:35.339+0100 [DEBUG] provider.terraform-provider-google_v7.43.0_x5:   },
2026-09-03T00:52:35.339+0100 [DEBUG] provider.terraform-provider-google_v7.43.0_x5:   {
2026-09-03T00:52:35.339+0100 [DEBUG] provider.terraform-provider-google_v7.43.0_x5:    "kind": "compute#zone",
2026-09-03T00:52:35.339+0100 [DEBUG] provider.terraform-provider-google_v7.43.0_x5:    "id": "2262",
2026-09-03T00:52:35.339+0100 [DEBUG] provider.terraform-provider-google_v7.43.0_x5:    "creationTimestamp": "1969-12-31T16:00:00.000-08:00",
2026-09-03T00:52:35.339+0100 [DEBUG] provider.terraform-provider-google_v7.43.0_x5:    "name": "asia-southeast1-c",
2026-09-03T00:52:35.339+0100 [DEBUG] provider.terraform-provider-google_v7.43.0_x5:    "description": "asia-southeast1-c",
2026-09-03T00:52:35.339+0100 [DEBUG] provider.terraform-provider-google_v7.43.0_x5:    "status": "UP",
2026-09-03T00:52:35.339+0100 [DEBUG] provider.terraform-provider-google_v7.43.0_x5:    "region": "https://www.googleapis.com/compute/v1/projects/nomad-platform-gcp/regions/asia-southeast1",
2026-09-03T00:52:35.339+0100 [DEBUG] provider.terraform-provider-google_v7.43.0_x5:    "selfLink": "https://www.googleapis.com/compute/v1/projects/nomad-platform-gcp/zones/asia-southeast1-c",
2026-09-03T00:52:35.339+0100 [DEBUG] provider.terraform-provider-google_v7.43.0_x5:    "availableCpuPlatforms": [
2026-09-03T00:52:35.339+0100 [DEBUG] provider.terraform-provider-google_v7.43.0_x5:     "Ampere Altra",
2026-09-03T00:52:35.339+0100 [DEBUG] provider.terraform-provider-google_v7.43.0_x5:     "Intel Broadwell",
2026-09-03T00:52:35.339+0100 [DEBUG] provider.terraform-provider-google_v7.43.0_x5:     "Intel Cascade Lake",
2026-09-03T00:52:35.339+0100 [DEBUG] provider.terraform-provider-google_v7.43.0_x5:     "Intel Emerald Rapids",
2026-09-03T00:52:35.339+0100 [DEBUG] provider.terraform-provider-google_v7.43.0_x5:     "AMD Genoa",
2026-09-03T00:52:35.339+0100 [DEBUG] provider.terraform-provider-google_v7.43.0_x5:     "Intel Granite Rapids",
2026-09-03T00:52:35.339+0100 [DEBUG] provider.terraform-provider-google_v7.43.0_x5:     "Intel Haswell",
2026-09-03T00:52:35.339+0100 [DEBUG] provider.terraform-provider-google_v7.43.0_x5:     "Intel Ice Lake",
2026-09-03T00:52:35.339+0100 [DEBUG] provider.terraform-provider-google_v7.43.0_x5:     "Intel Ivy Bridge",
2026-09-03T00:52:35.339+0100 [DEBUG] provider.terraform-provider-google_v7.43.0_x5:     "Google Axion",
2026-09-03T00:52:35.339+0100 [DEBUG] provider.terraform-provider-google_v7.43.0_x5:     "AMD Milan",
2026-09-03T00:52:35.339+0100 [DEBUG] provider.terraform-provider-google_v7.43.0_x5:     "AMD Rome",
2026-09-03T00:52:35.339+0100 [DEBUG] provider.terraform-provider-google_v7.43.0_x5:     "Intel Sandy Bridge",
2026-09-03T00:52:35.339+0100 [DEBUG] provider.terraform-provider-google_v7.43.0_x5:     "Intel Sapphire Rapids",
2026-09-03T00:52:35.339+0100 [DEBUG] provider.terraform-provider-google_v7.43.0_x5:     "Intel Skylake",
2026-09-03T00:52:35.339+0100 [DEBUG] provider.terraform-provider-google_v7.43.0_x5:     "Google Axion",
2026-09-03T00:52:35.339+0100 [DEBUG] provider.terraform-provider-google_v7.43.0_x5:     "AMD Turin"
2026-09-03T00:52:35.339+0100 [DEBUG] provider.terraform-provider-google_v7.43.0_x5:    ],
2026-09-03T00:52:35.339+0100 [DEBUG] provider.terraform-provider-google_v7.43.0_x5:    "supportsPzs": true
2026-09-03T00:52:35.339+0100 [DEBUG] provider.terraform-provider-google_v7.43.0_x5:   },
2026-09-03T00:52:35.339+0100 [DEBUG] provider.terraform-provider-google_v7.43.0_x5:   {
2026-09-03T00:52:35.339+0100 [DEBUG] provider.terraform-provider-google_v7.43.0_x5:    "kind": "compute#zone",
2026-09-03T00:52:35.339+0100 [DEBUG] provider.terraform-provider-google_v7.43.0_x5:    "id": "2251",
2026-09-03T00:52:35.339+0100 [DEBUG] provider.terraform-provider-google_v7.43.0_x5:    "creationTimestamp": "1969-12-31T16:00:00.000-08:00",
2026-09-03T00:52:35.339+0100 [DEBUG] provider.terraform-provider-google_v7.43.0_x5:    "name": "asia-northeast1-b",
2026-09-03T00:52:35.339+0100 [DEBUG] provider.terraform-provider-google_v7.43.0_x5:    "description": "asia-northeast1-b",
2026-09-03T00:52:35.339+0100 [DEBUG] provider.terraform-provider-google_v7.43.0_x5:    "status": "UP",
2026-09-03T00:52:35.339+0100 [DEBUG] provider.terraform-provider-google_v7.43.0_x5:    "region": "https://www.googleapis.com/compute/v1/projects/nomad-platform-gcp/regions/asia-northeast1",
2026-09-03T00:52:35.339+0100 [DEBUG] provider.terraform-provider-google_v7.43.0_x5:    "selfLink": "https://www.googleapis.com/compute/v1/projects/nomad-platform-gcp/zones/asia-northeast1-b",
2026-09-03T00:52:35.339+0100 [DEBUG] provider.terraform-provider-google_v7.43.0_x5:    "availableCpuPlatforms": [
2026-09-03T00:52:35.339+0100 [DEBUG] provider.terraform-provider-google_v7.43.0_x5:     "Intel Broadwell",
2026-09-03T00:52:35.339+0100 [DEBUG] provider.terraform-provider-google_v7.43.0_x5:     "Intel Cascade Lake",
2026-09-03T00:52:35.339+0100 [DEBUG] provider.terraform-provider-google_v7.43.0_x5:     "Intel Emerald Rapids",
2026-09-03T00:52:35.339+0100 [DEBUG] provider.terraform-provider-google_v7.43.0_x5:     "AMD Genoa",
2026-09-03T00:52:35.339+0100 [DEBUG] provider.terraform-provider-google_v7.43.0_x5:     "Intel Granite Rapids",
2026-09-03T00:52:35.339+0100 [DEBUG] provider.terraform-provider-google_v7.43.0_x5:     "Intel Haswell",
2026-09-03T00:52:35.339+0100 [DEBUG] provider.terraform-provider-google_v7.43.0_x5:     "Intel Ice Lake",
2026-09-03T00:52:35.339+0100 [DEBUG] provider.terraform-provider-google_v7.43.0_x5:     "Intel Ivy Bridge",
2026-09-03T00:52:35.339+0100 [DEBUG] provider.terraform-provider-google_v7.43.0_x5:     "Google Axion",
2026-09-03T00:52:35.339+0100 [DEBUG] provider.terraform-provider-google_v7.43.0_x5:     "AMD Milan",
2026-09-03T00:52:35.339+0100 [DEBUG] provider.terraform-provider-google_v7.43.0_x5:     "AMD Rome",
2026-09-03T00:52:35.339+0100 [DEBUG] provider.terraform-provider-google_v7.43.0_x5:     "Intel Sandy Bridge",
2026-09-03T00:52:35.339+0100 [DEBUG] provider.terraform-provider-google_v7.43.0_x5:     "Intel Sapphire Rapids",
2026-09-03T00:52:35.339+0100 [DEBUG] provider.terraform-provider-google_v7.43.0_x5:     "Intel Skylake",
2026-09-03T00:52:35.339+0100 [DEBUG] provider.terraform-provider-google_v7.43.0_x5:     "Google Axion",
2026-09-03T00:52:35.339+0100 [DEBUG] provider.terraform-provider-google_v7.43.0_x5:     "AMD Turin"
2026-09-03T00:52:35.339+0100 [DEBUG] provider.terraform-provider-google_v7.43.0_x5:    ],
2026-09-03T00:52:35.339+0100 [DEBUG] provider.terraform-provider-google_v7.43.0_x5:    "supportsPzs": false
2026-09-03T00:52:35.339+0100 [DEBUG] provider.terraform-provider-google_v7.43.0_x5:   },
2026-09-03T00:52:35.339+0100 [DEBUG] provider.terraform-provider-google_v7.43.0_x5:   {
2026-09-03T00:52:35.339+0100 [DEBUG] provider.terraform-provider-google_v7.43.0_x5:    "kind": "compute#zone",
2026-09-03T00:52:35.339+0100 [DEBUG] provider.terraform-provider-google_v7.43.0_x5:    "id": "2252",
2026-09-03T00:52:35.339+0100 [DEBUG] provider.terraform-provider-google_v7.43.0_x5:    "creationTimestamp": "1969-12-31T16:00:00.000-08:00",
2026-09-03T00:52:35.339+0100 [DEBUG] provider.terraform-provider-google_v7.43.0_x5:    "name": "asia-northeast1-c",
2026-09-03T00:52:35.339+0100 [DEBUG] provider.terraform-provider-google_v7.43.0_x5:    "description": "asia-northeast1-c",
2026-09-03T00:52:35.339+0100 [DEBUG] provider.terraform-provider-google_v7.43.0_x5:    "status": "UP",
2026-09-03T00:52:35.339+0100 [DEBUG] provider.terraform-provider-google_v7.43.0_x5:    "region": "https://www.googleapis.com/compute/v1/projects/nomad-platform-gcp/regions/asia-northeast1",
2026-09-03T00:52:35.339+0100 [DEBUG] provider.terraform-provider-google_v7.43.0_x5:    "selfLink": "https://www.googleapis.com/compute/v1/projects/nomad-platform-gcp/zones/asia-northeast1-c",
2026-09-03T00:52:35.339+0100 [DEBUG] provider.terraform-provider-google_v7.43.0_x5:    "availableCpuPlatforms": [
2026-09-03T00:52:35.339+0100 [DEBUG] provider.terraform-provider-google_v7.43.0_x5:     "Intel Broadwell",
2026-09-03T00:52:35.339+0100 [DEBUG] provider.terraform-provider-google_v7.43.0_x5:     "Intel Cascade Lake",
2026-09-03T00:52:35.339+0100 [DEBUG] provider.terraform-provider-google_v7.43.0_x5:     "Intel Emerald Rapids",
2026-09-03T00:52:35.339+0100 [DEBUG] provider.terraform-provider-google_v7.43.0_x5:     "Intel Granite Rapids",
2026-09-03T00:52:35.339+0100 [DEBUG] provider.terraform-provider-google_v7.43.0_x5:     "Intel Haswell",
2026-09-03T00:52:35.339+0100 [DEBUG] provider.terraform-provider-google_v7.43.0_x5:     "Intel Ice Lake",
2026-09-03T00:52:35.339+0100 [DEBUG] provider.terraform-provider-google_v7.43.0_x5:     "Intel Ivy Bridge",
2026-09-03T00:52:35.339+0100 [DEBUG] provider.terraform-provider-google_v7.43.0_x5:     "Google Axion",
2026-09-03T00:52:35.339+0100 [DEBUG] provider.terraform-provider-google_v7.43.0_x5:     "AMD Milan",
2026-09-03T00:52:35.339+0100 [DEBUG] provider.terraform-provider-google_v7.43.0_x5:     "AMD Rome",
2026-09-03T00:52:35.339+0100 [DEBUG] provider.terraform-provider-google_v7.43.0_x5:     "Intel Sandy Bridge",
2026-09-03T00:52:35.339+0100 [DEBUG] provider.terraform-provider-google_v7.43.0_x5:     "Intel Sapphire Rapids",
2026-09-03T00:52:35.339+0100 [DEBUG] provider.terraform-provider-google_v7.43.0_x5:     "Intel Skylake",
2026-09-03T00:52:35.339+0100 [DEBUG] provider.terraform-provider-google_v7.43.0_x5:     "AMD Turin"
2026-09-03T00:52:35.339+0100 [DEBUG] provider.terraform-provider-google_v7.43.0_x5:    ],
2026-09-03T00:52:35.339+0100 [DEBUG] provider.terraform-provider-google_v7.43.0_x5:    "supportsPzs": false
2026-09-03T00:52:35.339+0100 [DEBUG] provider.terraform-provider-google_v7.43.0_x5:   },
2026-09-03T00:52:35.339+0100 [DEBUG] provider.terraform-provider-google_v7.43.0_x5:   {
2026-09-03T00:52:35.339+0100 [DEBUG] provider.terraform-provider-google_v7.43.0_x5:    "kind": "compute#zone",
2026-09-03T00:52:35.339+0100 [DEBUG] provider.terraform-provider-google_v7.43.0_x5:    "id": "2250",
2026-09-03T00:52:35.340+0100 [DEBUG] provider.terraform-provider-google_v7.43.0_x5:    "creationTimestamp": "1969-12-31T16:00:00.000-08:00",
2026-09-03T00:52:35.340+0100 [DEBUG] provider.terraform-provider-google_v7.43.0_x5:    "name": "asia-northeast1-a",
2026-09-03T00:52:35.340+0100 [DEBUG] provider.terraform-provider-google_v7.43.0_x5:    "description": "asia-northeast1-a",
2026-09-03T00:52:35.340+0100 [DEBUG] provider.terraform-provider-google_v7.43.0_x5:    "status": "UP",
2026-09-03T00:52:35.340+0100 [DEBUG] provider.terraform-provider-google_v7.43.0_x5:    "region": "https://www.googleapis.com/compute/v1/projects/nomad-platform-gcp/regions/asia-northeast1",
2026-09-03T00:52:35.340+0100 [DEBUG] provider.terraform-provider-google_v7.43.0_x5:    "selfLink": "https://www.googleapis.com/compute/v1/projects/nomad-platform-gcp/zones/asia-northeast1-a",
2026-09-03T00:52:35.340+0100 [DEBUG] provider.terraform-provider-google_v7.43.0_x5:    "availableCpuPlatforms": [
2026-09-03T00:52:35.340+0100 [DEBUG] provider.terraform-provider-google_v7.43.0_x5:     "Intel Broadwell",
2026-09-03T00:52:35.340+0100 [DEBUG] provider.terraform-provider-google_v7.43.0_x5:     "Intel Cascade Lake",
2026-09-03T00:52:35.340+0100 [DEBUG] provider.terraform-provider-google_v7.43.0_x5:     "Intel Emerald Rapids",
2026-09-03T00:52:35.340+0100 [DEBUG] provider.terraform-provider-google_v7.43.0_x5:     "Intel Haswell",
2026-09-03T00:52:35.340+0100 [DEBUG] provider.terraform-provider-google_v7.43.0_x5:     "Intel Ice Lake",
2026-09-03T00:52:35.340+0100 [DEBUG] provider.terraform-provider-google_v7.43.0_x5:     "Intel Ivy Bridge",
2026-09-03T00:52:35.340+0100 [DEBUG] provider.terraform-provider-google_v7.43.0_x5:     "AMD Milan",
2026-09-03T00:52:35.340+0100 [DEBUG] provider.terraform-provider-google_v7.43.0_x5:     "AMD Rome",
2026-09-03T00:52:35.340+0100 [DEBUG] provider.terraform-provider-google_v7.43.0_x5:     "Intel Sandy Bridge",
2026-09-03T00:52:35.340+0100 [DEBUG] provider.terraform-provider-google_v7.43.0_x5:     "Intel Sapphire Rapids",
2026-09-03T00:52:35.340+0100 [DEBUG] provider.terraform-provider-google_v7.43.0_x5:     "Intel Skylake",
2026-09-03T00:52:35.340+0100 [DEBUG] provider.terraform-provider-google_v7.43.0_x5:     "Google Axion"
2026-09-03T00:52:35.340+0100 [DEBUG] provider.terraform-provider-google_v7.43.0_x5:    ],
2026-09-03T00:52:35.340+0100 [DEBUG] provider.terraform-provider-google_v7.43.0_x5:    "supportsPzs": false
2026-09-03T00:52:35.340+0100 [DEBUG] provider.terraform-provider-google_v7.43.0_x5:   },
2026-09-03T00:52:35.340+0100 [DEBUG] provider.terraform-provider-google_v7.43.0_x5:   {
2026-09-03T00:52:35.340+0100 [DEBUG] provider.terraform-provider-google_v7.43.0_x5:    "kind": "compute#zone",
2026-09-03T00:52:35.340+0100 [DEBUG] provider.terraform-provider-google_v7.43.0_x5:    "id": "2322",
2026-09-03T00:52:35.340+0100 [DEBUG] provider.terraform-provider-google_v7.43.0_x5:    "creationTimestamp": "1969-12-31T16:00:00.000-08:00",
2026-09-03T00:52:35.340+0100 [DEBUG] provider.terraform-provider-google_v7.43.0_x5:    "name": "asia-south1-c",
2026-09-03T00:52:35.340+0100 [DEBUG] provider.terraform-provider-google_v7.43.0_x5:    "description": "asia-south1-c",
2026-09-03T00:52:35.340+0100 [DEBUG] provider.terraform-provider-google_v7.43.0_x5:    "status": "UP",
2026-09-03T00:52:35.340+0100 [DEBUG] provider.terraform-provider-google_v7.43.0_x5:    "region": "https://www.googleapis.com/compute/v1/projects/nomad-platform-gcp/regions/asia-south1",
2026-09-03T00:52:35.340+0100 [DEBUG] provider.terraform-provider-google_v7.43.0_x5:    "selfLink": "https://www.googleapis.com/compute/v1/projects/nomad-platform-gcp/zones/asia-south1-c",
2026-09-03T00:52:35.340+0100 [DEBUG] provider.terraform-provider-google_v7.43.0_x5:    "availableCpuPlatforms": [
2026-09-03T00:52:35.340+0100 [DEBUG] provider.terraform-provider-google_v7.43.0_x5:     "Intel Broadwell",
2026-09-03T00:52:35.340+0100 [DEBUG] provider.terraform-provider-google_v7.43.0_x5:     "Intel Cascade Lake",
2026-09-03T00:52:35.340+0100 [DEBUG] provider.terraform-provider-google_v7.43.0_x5:     "Intel Emerald Rapids",
2026-09-03T00:52:35.340+0100 [DEBUG] provider.terraform-provider-google_v7.43.0_x5:     "AMD Genoa",
2026-09-03T00:52:35.340+0100 [DEBUG] provider.terraform-provider-google_v7.43.0_x5:     "Intel Granite Rapids",
2026-09-03T00:52:35.340+0100 [DEBUG] provider.terraform-provider-google_v7.43.0_x5:     "Intel Haswell",
2026-09-03T00:52:35.340+0100 [DEBUG] provider.terraform-provider-google_v7.43.0_x5:     "Intel Ice Lake",
2026-09-03T00:52:35.340+0100 [DEBUG] provider.terraform-provider-google_v7.43.0_x5:     "Intel Ivy Bridge",
2026-09-03T00:52:35.340+0100 [DEBUG] provider.terraform-provider-google_v7.43.0_x5:     "Google Axion",
2026-09-03T00:52:35.340+0100 [DEBUG] provider.terraform-provider-google_v7.43.0_x5:     "AMD Milan",
2026-09-03T00:52:35.340+0100 [DEBUG] provider.terraform-provider-google_v7.43.0_x5:     "AMD Rome",
2026-09-03T00:52:35.340+0100 [DEBUG] provider.terraform-provider-google_v7.43.0_x5:     "Intel Sandy Bridge",
2026-09-03T00:52:35.340+0100 [DEBUG] provider.terraform-provider-google_v7.43.0_x5:     "Intel Sapphire Rapids",
2026-09-03T00:52:35.340+0100 [DEBUG] provider.terraform-provider-google_v7.43.0_x5:     "Intel Skylake",
2026-09-03T00:52:35.340+0100 [DEBUG] provider.terraform-provider-google_v7.43.0_x5:     "Google Axion",
2026-09-03T00:52:35.340+0100 [DEBUG] provider.terraform-provider-google_v7.43.0_x5:     "AMD Turin"
2026-09-03T00:52:35.340+0100 [DEBUG] provider.terraform-provider-google_v7.43.0_x5:    ],
2026-09-03T00:52:35.340+0100 [DEBUG] provider.terraform-provider-google_v7.43.0_x5:    "supportsPzs": true
2026-09-03T00:52:35.340+0100 [DEBUG] provider.terraform-provider-google_v7.43.0_x5:   },
2026-09-03T00:52:35.340+0100 [DEBUG] provider.terraform-provider-google_v7.43.0_x5:   {
2026-09-03T00:52:35.340+0100 [DEBUG] provider.terraform-provider-google_v7.43.0_x5:    "kind": "compute#zone",
2026-09-03T00:52:35.340+0100 [DEBUG] provider.terraform-provider-google_v7.43.0_x5:    "id": "2320",
2026-09-03T00:52:35.340+0100 [DEBUG] provider.terraform-provider-google_v7.43.0_x5:    "creationTimestamp": "1969-12-31T16:00:00.000-08:00",
2026-09-03T00:52:35.340+0100 [DEBUG] provider.terraform-provider-google_v7.43.0_x5:    "name": "asia-south1-b",
2026-09-03T00:52:35.340+0100 [DEBUG] provider.terraform-provider-google_v7.43.0_x5:    "description": "asia-south1-b",
2026-09-03T00:52:35.340+0100 [DEBUG] provider.terraform-provider-google_v7.43.0_x5:    "status": "UP",
2026-09-03T00:52:35.340+0100 [DEBUG] provider.terraform-provider-google_v7.43.0_x5:    "region": "https://www.googleapis.com/compute/v1/projects/nomad-platform-gcp/regions/asia-south1",
2026-09-03T00:52:35.340+0100 [DEBUG] provider.terraform-provider-google_v7.43.0_x5:    "selfLink": "https://www.googleapis.com/compute/v1/projects/nomad-platform-gcp/zones/asia-south1-b",
2026-09-03T00:52:35.340+0100 [DEBUG] provider.terraform-provider-google_v7.43.0_x5:    "availableCpuPlatforms": [
2026-09-03T00:52:35.340+0100 [DEBUG] provider.terraform-provider-google_v7.43.0_x5:     "Intel Broadwell",
2026-09-03T00:52:35.340+0100 [DEBUG] provider.terraform-provider-google_v7.43.0_x5:     "Intel Cascade Lake",
2026-09-03T00:52:35.340+0100 [DEBUG] provider.terraform-provider-google_v7.43.0_x5:     "Intel Emerald Rapids",
2026-09-03T00:52:35.340+0100 [DEBUG] provider.terraform-provider-google_v7.43.0_x5:     "AMD Genoa",
2026-09-03T00:52:35.340+0100 [DEBUG] provider.terraform-provider-google_v7.43.0_x5:     "Intel Granite Rapids",
2026-09-03T00:52:35.340+0100 [DEBUG] provider.terraform-provider-google_v7.43.0_x5:     "Intel Haswell",
2026-09-03T00:52:35.340+0100 [DEBUG] provider.terraform-provider-google_v7.43.0_x5:     "Intel Ice Lake",
2026-09-03T00:52:35.340+0100 [DEBUG] provider.terraform-provider-google_v7.43.0_x5:     "Intel Ivy Bridge",
2026-09-03T00:52:35.340+0100 [DEBUG] provider.terraform-provider-google_v7.43.0_x5:     "Google Axion",
2026-09-03T00:52:35.340+0100 [DEBUG] provider.terraform-provider-google_v7.43.0_x5:     "AMD Milan",
2026-09-03T00:52:35.340+0100 [DEBUG] provider.terraform-provider-google_v7.43.0_x5:     "AMD Rome",
2026-09-03T00:52:35.340+0100 [DEBUG] provider.terraform-provider-google_v7.43.0_x5:     "Intel Sandy Bridge",
2026-09-03T00:52:35.340+0100 [DEBUG] provider.terraform-provider-google_v7.43.0_x5:     "Intel Sapphire Rapids",
2026-09-03T00:52:35.340+0100 [DEBUG] provider.terraform-provider-google_v7.43.0_x5:     "Intel Skylake",
2026-09-03T00:52:35.340+0100 [DEBUG] provider.terraform-provider-google_v7.43.0_x5:     "AMD Turin"
2026-09-03T00:52:35.340+0100 [DEBUG] provider.terraform-provider-google_v7.43.0_x5:    ],
2026-09-03T00:52:35.340+0100 [DEBUG] provider.terraform-provider-google_v7.43.0_x5:    "supportsPzs": true
2026-09-03T00:52:35.340+0100 [DEBUG] provider.terraform-provider-google_v7.43.0_x5:   },
2026-09-03T00:52:35.340+0100 [DEBUG] provider.terraform-provider-google_v7.43.0_x5:   {
2026-09-03T00:52:35.340+0100 [DEBUG] provider.terraform-provider-google_v7.43.0_x5:    "kind": "compute#zone",
2026-09-03T00:52:35.340+0100 [DEBUG] provider.terraform-provider-google_v7.43.0_x5:    "id": "2321",
2026-09-03T00:52:35.340+0100 [DEBUG] provider.terraform-provider-google_v7.43.0_x5:    "creationTimestamp": "1969-12-31T16:00:00.000-08:00",
2026-09-03T00:52:35.340+0100 [DEBUG] provider.terraform-provider-google_v7.43.0_x5:    "name": "asia-south1-a",
2026-09-03T00:52:35.340+0100 [DEBUG] provider.terraform-provider-google_v7.43.0_x5:    "description": "asia-south1-a",
2026-09-03T00:52:35.340+0100 [DEBUG] provider.terraform-provider-google_v7.43.0_x5:    "status": "UP",
2026-09-03T00:52:35.340+0100 [DEBUG] provider.terraform-provider-google_v7.43.0_x5:    "region": "https://www.googleapis.com/compute/v1/projects/nomad-platform-gcp/regions/asia-south1",
2026-09-03T00:52:35.340+0100 [DEBUG] provider.terraform-provider-google_v7.43.0_x5:    "selfLink": "https://www.googleapis.com/compute/v1/projects/nomad-platform-gcp/zones/asia-south1-a",
2026-09-03T00:52:35.340+0100 [DEBUG] provider.terraform-provider-google_v7.43.0_x5:    "availableCpuPlatforms": [
2026-09-03T00:52:35.340+0100 [DEBUG] provider.terraform-provider-google_v7.43.0_x5:     "Intel Broadwell",
2026-09-03T00:52:35.340+0100 [DEBUG] provider.terraform-provider-google_v7.43.0_x5:     "Intel Cascade Lake",
2026-09-03T00:52:35.340+0100 [DEBUG] provider.terraform-provider-google_v7.43.0_x5:     "Intel Emerald Rapids",
2026-09-03T00:52:35.336+0100 [DEBUG] ReferenceTransformer: "module.mig.google_compute_health_check.this[\"nomad-dev-ondemand\"]" references: []
2026-09-03T00:52:35.341+0100 [DEBUG] ReferenceTransformer: "module.mig.google_compute_health_check.this[\"nomad-dev-spot\"]" references: []
2026-09-03T00:52:35.342+0100 [DEBUG] provider.terraform-provider-google_v7.43.0_x5:     "AMD Genoa",
2026-09-03T00:52:35.342+0100 [DEBUG] provider.terraform-provider-google_v7.43.0_x5:     "Intel Granite Rapids",
2026-09-03T00:52:35.342+0100 [DEBUG] provider.terraform-provider-google_v7.43.0_x5:     "Intel Haswell",
2026-09-03T00:52:35.342+0100 [DEBUG] provider.terraform-provider-google_v7.43.0_x5:     "Intel Ice Lake",
2026-09-03T00:52:35.342+0100 [DEBUG] provider.terraform-provider-google_v7.43.0_x5:     "Intel Ivy Bridge",
2026-09-03T00:52:35.342+0100 [DEBUG] provider.terraform-provider-google_v7.43.0_x5:     "Google Axion",
2026-09-03T00:52:35.342+0100 [DEBUG] provider.terraform-provider-google_v7.43.0_x5:     "AMD Milan",
2026-09-03T00:52:35.342+0100 [DEBUG] provider.terraform-provider-google_v7.43.0_x5:     "AMD Rome",
2026-09-03T00:52:35.342+0100 [DEBUG] provider.terraform-provider-google_v7.43.0_x5:     "Intel Sandy Bridge",
2026-09-03T00:52:35.342+0100 [DEBUG] provider.terraform-provider-google_v7.43.0_x5:     "Intel Sapphire Rapids",
2026-09-03T00:52:35.342+0100 [DEBUG] provider.terraform-provider-google_v7.43.0_x5:     "Intel Skylake",
2026-09-03T00:52:35.342+0100 [DEBUG] provider.terraform-provider-google_v7.43.0_x5:     "AMD Turin"
2026-09-03T00:52:35.342+0100 [DEBUG] provider.terraform-provider-google_v7.43.0_x5:    ],
2026-09-03T00:52:35.342+0100 [DEBUG] provider.terraform-provider-google_v7.43.0_x5:    "supportsPzs": true
2026-09-03T00:52:35.342+0100 [DEBUG] provider.terraform-provider-google_v7.43.0_x5:   },
2026-09-03T00:52:35.342+0100 [DEBUG] provider.terraform-provider-google_v7.43.0_x5:   {
2026-09-03T00:52:35.342+0100 [DEBUG] provider.terraform-provider-google_v7.43.0_x5:    "kind": "compute#zone",
2026-09-03T00:52:35.342+0100 [DEBUG] provider.terraform-provider-google_v7.43.0_x5:    "id": "2282",
2026-09-03T00:52:35.342+0100 [DEBUG] provider.terraform-provider-google_v7.43.0_x5:    "creationTimestamp": "1969-12-31T16:00:00.000-08:00",
2026-09-03T00:52:35.342+0100 [DEBUG] provider.terraform-provider-google_v7.43.0_x5:    "name": "australia-southeast1-b",
2026-09-03T00:52:35.342+0100 [DEBUG] provider.terraform-provider-google_v7.43.0_x5:    "description": "australia-southeast1-b",
2026-09-03T00:52:35.343+0100 [DEBUG] provider.terraform-provider-google_v7.43.0_x5:    "status": "UP",
2026-09-03T00:52:35.343+0100 [DEBUG] provider.terraform-provider-google_v7.43.0_x5:    "region": "https://www.googleapis.com/compute/v1/projects/nomad-platform-gcp/regions/australia-southeast1",
2026-09-03T00:52:35.343+0100 [DEBUG] provider.terraform-provider-google_v7.43.0_x5:    "selfLink": "https://www.googleapis.com/compute/v1/projects/nomad-platform-gcp/zones/australia-southeast1-b",
2026-09-03T00:52:35.343+0100 [DEBUG] provider.terraform-provider-google_v7.43.0_x5:    "availableCpuPlatforms": [
2026-09-03T00:52:35.343+0100 [DEBUG] provider.terraform-provider-google_v7.43.0_x5:     "Intel Broadwell",
2026-09-03T00:52:35.343+0100 [DEBUG] provider.terraform-provider-google_v7.43.0_x5:     "Intel Cascade Lake",
2026-09-03T00:52:35.343+0100 [DEBUG] provider.terraform-provider-google_v7.43.0_x5:     "Intel Emerald Rapids",
2026-09-03T00:52:35.343+0100 [DEBUG] provider.terraform-provider-google_v7.43.0_x5:     "AMD Genoa",
2026-09-03T00:52:35.343+0100 [DEBUG] provider.terraform-provider-google_v7.43.0_x5:     "Intel Granite Rapids",
2026-09-03T00:52:35.343+0100 [DEBUG] provider.terraform-provider-google_v7.43.0_x5:     "Intel Haswell",
2026-09-03T00:52:35.343+0100 [DEBUG] provider.terraform-provider-google_v7.43.0_x5:     "Intel Ice Lake",
2026-09-03T00:52:35.343+0100 [DEBUG] provider.terraform-provider-google_v7.43.0_x5:     "Intel Ivy Bridge",
2026-09-03T00:52:35.343+0100 [DEBUG] provider.terraform-provider-google_v7.43.0_x5:     "AMD Milan",
2026-09-03T00:52:35.343+0100 [DEBUG] provider.terraform-provider-google_v7.43.0_x5:     "AMD Rome",
2026-09-03T00:52:35.343+0100 [DEBUG] provider.terraform-provider-google_v7.43.0_x5:     "Intel Sandy Bridge",
2026-09-03T00:52:35.343+0100 [DEBUG] provider.terraform-provider-google_v7.43.0_x5:     "Intel Sapphire Rapids",
2026-09-03T00:52:35.343+0100 [DEBUG] provider.terraform-provider-google_v7.43.0_x5:     "Intel Skylake"
2026-09-03T00:52:35.343+0100 [DEBUG] provider.terraform-provider-google_v7.43.0_x5:    ],
2026-09-03T00:52:35.343+0100 [DEBUG] provider.terraform-provider-google_v7.43.0_x5:    "supportsPzs": true
2026-09-03T00:52:35.343+0100 [DEBUG] provider.terraform-provider-google_v7.43.0_x5:   },
2026-09-03T00:52:35.343+0100 [DEBUG] provider.terraform-provider-google_v7.43.0_x5:   {
2026-09-03T00:52:35.343+0100 [DEBUG] provider.terraform-provider-google_v7.43.0_x5:    "kind": "compute#zone",
2026-09-03T00:52:35.343+0100 [DEBUG] provider.terraform-provider-google_v7.43.0_x5:    "id": "2280",
2026-09-03T00:52:35.343+0100 [DEBUG] provider.terraform-provider-google_v7.43.0_x5:    "creationTimestamp": "1969-12-31T16:00:00.000-08:00",
2026-09-03T00:52:35.343+0100 [DEBUG] provider.terraform-provider-google_v7.43.0_x5:    "name": "australia-southeast1-c",
2026-09-03T00:52:35.343+0100 [DEBUG] provider.terraform-provider-google_v7.43.0_x5:    "description": "australia-southeast1-c",
2026-09-03T00:52:35.343+0100 [DEBUG] provider.terraform-provider-google_v7.43.0_x5:    "status": "UP",
2026-09-03T00:52:35.343+0100 [DEBUG] provider.terraform-provider-google_v7.43.0_x5:    "region": "https://www.googleapis.com/compute/v1/projects/nomad-platform-gcp/regions/australia-southeast1",
2026-09-03T00:52:35.343+0100 [DEBUG] provider.terraform-provider-google_v7.43.0_x5:    "selfLink": "https://www.googleapis.com/compute/v1/projects/nomad-platform-gcp/zones/australia-southeast1-c",
2026-09-03T00:52:35.343+0100 [DEBUG] provider.terraform-provider-google_v7.43.0_x5:    "availableCpuPlatforms": [
2026-09-03T00:52:35.343+0100 [DEBUG] provider.terraform-provider-google_v7.43.0_x5:     "Intel Broadwell",
2026-09-03T00:52:35.343+0100 [DEBUG] provider.terraform-provider-google_v7.43.0_x5:     "Intel Cascade Lake",
2026-09-03T00:52:35.343+0100 [DEBUG] provider.terraform-provider-google_v7.43.0_x5:     "Intel Emerald Rapids",
2026-09-03T00:52:35.343+0100 [DEBUG] provider.terraform-provider-google_v7.43.0_x5:     "AMD Genoa",
2026-09-03T00:52:35.343+0100 [DEBUG] provider.terraform-provider-google_v7.43.0_x5:     "Intel Granite Rapids",
2026-09-03T00:52:35.343+0100 [DEBUG] provider.terraform-provider-google_v7.43.0_x5:     "Intel Haswell",
2026-09-03T00:52:35.343+0100 [DEBUG] provider.terraform-provider-google_v7.43.0_x5:     "Intel Ice Lake",
2026-09-03T00:52:35.343+0100 [DEBUG] provider.terraform-provider-google_v7.43.0_x5:     "Intel Ivy Bridge",
2026-09-03T00:52:35.343+0100 [DEBUG] provider.terraform-provider-google_v7.43.0_x5:     "Google Axion",
2026-09-03T00:52:35.343+0100 [DEBUG] provider.terraform-provider-google_v7.43.0_x5:     "AMD Milan",
2026-09-03T00:52:35.343+0100 [DEBUG] provider.terraform-provider-google_v7.43.0_x5:     "AMD Rome",
2026-09-03T00:52:35.343+0100 [DEBUG] provider.terraform-provider-google_v7.43.0_x5:     "Intel Sandy Bridge",
2026-09-03T00:52:35.343+0100 [DEBUG] provider.terraform-provider-google_v7.43.0_x5:     "Intel Sapphire Rapids",
2026-09-03T00:52:35.343+0100 [DEBUG] provider.terraform-provider-google_v7.43.0_x5:     "Intel Skylake",
2026-09-03T00:52:35.343+0100 [DEBUG] provider.terraform-provider-google_v7.43.0_x5:     "AMD Turin"
2026-09-03T00:52:35.343+0100 [DEBUG] provider.terraform-provider-google_v7.43.0_x5:    ],
2026-09-03T00:52:35.343+0100 [DEBUG] provider.terraform-provider-google_v7.43.0_x5:    "supportsPzs": true
2026-09-03T00:52:35.343+0100 [DEBUG] provider.terraform-provider-google_v7.43.0_x5:   },
2026-09-03T00:52:35.343+0100 [DEBUG] provider.terraform-provider-google_v7.43.0_x5:   {
2026-09-03T00:52:35.343+0100 [DEBUG] provider.terraform-provider-google_v7.43.0_x5:    "kind": "compute#zone",
2026-09-03T00:52:35.343+0100 [DEBUG] provider.terraform-provider-google_v7.43.0_x5:    "id": "2281",
2026-09-03T00:52:35.343+0100 [DEBUG] provider.terraform-provider-google_v7.43.0_x5:    "creationTimestamp": "1969-12-31T16:00:00.000-08:00",
2026-09-03T00:52:35.343+0100 [DEBUG] provider.terraform-provider-google_v7.43.0_x5:    "name": "australia-southeast1-a",
2026-09-03T00:52:35.343+0100 [DEBUG] provider.terraform-provider-google_v7.43.0_x5:    "description": "australia-southeast1-a",
2026-09-03T00:52:35.343+0100 [DEBUG] provider.terraform-provider-google_v7.43.0_x5:    "status": "UP",
2026-09-03T00:52:35.343+0100 [DEBUG] provider.terraform-provider-google_v7.43.0_x5:    "region": "https://www.googleapis.com/compute/v1/projects/nomad-platform-gcp/regions/australia-southeast1",
2026-09-03T00:52:35.343+0100 [DEBUG] provider.terraform-provider-google_v7.43.0_x5:    "selfLink": "https://www.googleapis.com/compute/v1/projects/nomad-platform-gcp/zones/australia-southeast1-a",
2026-09-03T00:52:35.343+0100 [DEBUG] provider.terraform-provider-google_v7.43.0_x5:    "availableCpuPlatforms": [
2026-09-03T00:52:35.343+0100 [DEBUG] provider.terraform-provider-google_v7.43.0_x5:     "Intel Broadwell",
2026-09-03T00:52:35.343+0100 [DEBUG] provider.terraform-provider-google_v7.43.0_x5:     "Intel Cascade Lake",
2026-09-03T00:52:35.343+0100 [DEBUG] provider.terraform-provider-google_v7.43.0_x5:     "Intel Emerald Rapids",
2026-09-03T00:52:35.343+0100 [DEBUG] provider.terraform-provider-google_v7.43.0_x5:     "Intel Haswell",
2026-09-03T00:52:35.343+0100 [DEBUG] provider.terraform-provider-google_v7.43.0_x5:     "Intel Ice Lake",
2026-09-03T00:52:35.343+0100 [DEBUG] provider.terraform-provider-google_v7.43.0_x5:     "Intel Ivy Bridge",
2026-09-03T00:52:35.343+0100 [DEBUG] provider.terraform-provider-google_v7.43.0_x5:     "AMD Milan",
2026-09-03T00:52:35.343+0100 [DEBUG] provider.terraform-provider-google_v7.43.0_x5:     "AMD Rome",
2026-09-03T00:52:35.343+0100 [DEBUG] provider.terraform-provider-google_v7.43.0_x5:     "Intel Sandy Bridge",
2026-09-03T00:52:35.343+0100 [DEBUG] provider.terraform-provider-google_v7.43.0_x5:     "Intel Sapphire Rapids",
2026-09-03T00:52:35.343+0100 [DEBUG] provider.terraform-provider-google_v7.43.0_x5:     "Intel Skylake"
2026-09-03T00:52:35.343+0100 [DEBUG] provider.terraform-provider-google_v7.43.0_x5:    ],
2026-09-03T00:52:35.343+0100 [DEBUG] provider.terraform-provider-google_v7.43.0_x5:    "supportsPzs": true
2026-09-03T00:52:35.343+0100 [DEBUG] provider.terraform-provider-google_v7.43.0_x5:   },
2026-09-03T00:52:35.343+0100 [DEBUG] provider.terraform-provider-google_v7.43.0_x5:   {
2026-09-03T00:52:35.343+0100 [DEBUG] provider.terraform-provider-google_v7.43.0_x5:    "kind": "compute#zone",
2026-09-03T00:52:35.343+0100 [DEBUG] provider.terraform-provider-google_v7.43.0_x5:    "id": "2311",
2026-09-03T00:52:35.343+0100 [DEBUG] provider.terraform-provider-google_v7.43.0_x5:    "creationTimestamp": "1969-12-31T16:00:00.000-08:00",
2026-09-03T00:52:35.343+0100 [DEBUG] provider.terraform-provider-google_v7.43.0_x5:    "name": "southamerica-east1-b",
2026-09-03T00:52:35.343+0100 [DEBUG] provider.terraform-provider-google_v7.43.0_x5:    "description": "southamerica-east1-b",
2026-09-03T00:52:35.343+0100 [DEBUG] provider.terraform-provider-google_v7.43.0_x5:    "status": "UP",
2026-09-03T00:52:35.343+0100 [DEBUG] provider.terraform-provider-google_v7.43.0_x5:    "region": "https://www.googleapis.com/compute/v1/projects/nomad-platform-gcp/regions/southamerica-east1",
2026-09-03T00:52:35.343+0100 [DEBUG] provider.terraform-provider-google_v7.43.0_x5:    "selfLink": "https://www.googleapis.com/compute/v1/projects/nomad-platform-gcp/zones/southamerica-east1-b",
2026-09-03T00:52:35.343+0100 [DEBUG] provider.terraform-provider-google_v7.43.0_x5:    "availableCpuPlatforms": [
2026-09-03T00:52:35.343+0100 [DEBUG] provider.terraform-provider-google_v7.43.0_x5:     "Intel Broadwell",
2026-09-03T00:52:35.343+0100 [DEBUG] provider.terraform-provider-google_v7.43.0_x5:     "Intel Cascade Lake",
2026-09-03T00:52:35.343+0100 [DEBUG] provider.terraform-provider-google_v7.43.0_x5:     "Intel Emerald Rapids",
2026-09-03T00:52:35.343+0100 [DEBUG] provider.terraform-provider-google_v7.43.0_x5:     "Intel Granite Rapids",
2026-09-03T00:52:35.343+0100 [DEBUG] provider.terraform-provider-google_v7.43.0_x5:     "Intel Haswell",
2026-09-03T00:52:35.343+0100 [DEBUG] provider.terraform-provider-google_v7.43.0_x5:     "Intel Ice Lake",
2026-09-03T00:52:35.343+0100 [DEBUG] provider.terraform-provider-google_v7.43.0_x5:     "Intel Ivy Bridge",
2026-09-03T00:52:35.343+0100 [DEBUG] provider.terraform-provider-google_v7.43.0_x5:     "Google Axion",
2026-09-03T00:52:35.343+0100 [DEBUG] provider.terraform-provider-google_v7.43.0_x5:     "AMD Milan",
2026-09-03T00:52:35.344+0100 [DEBUG] provider.terraform-provider-google_v7.43.0_x5:     "AMD Rome",
2026-09-03T00:52:35.344+0100 [DEBUG] provider.terraform-provider-google_v7.43.0_x5:     "Intel Sandy Bridge",
2026-09-03T00:52:35.344+0100 [DEBUG] provider.terraform-provider-google_v7.43.0_x5:     "Intel Sapphire Rapids",
2026-09-03T00:52:35.344+0100 [DEBUG] provider.terraform-provider-google_v7.43.0_x5:     "Intel Skylake",
2026-09-03T00:52:35.344+0100 [DEBUG] provider.terraform-provider-google_v7.43.0_x5:     "AMD Turin"
2026-09-03T00:52:35.344+0100 [DEBUG] provider.terraform-provider-google_v7.43.0_x5:    ],
2026-09-03T00:52:35.344+0100 [DEBUG] provider.terraform-provider-google_v7.43.0_x5:    "supportsPzs": true
2026-09-03T00:52:35.344+0100 [DEBUG] provider.terraform-provider-google_v7.43.0_x5:   },
2026-09-03T00:52:35.344+0100 [DEBUG] provider.terraform-provider-google_v7.43.0_x5:   {
2026-09-03T00:52:35.344+0100 [DEBUG] provider.terraform-provider-google_v7.43.0_x5:    "kind": "compute#zone",
2026-09-03T00:52:35.344+0100 [DEBUG] provider.terraform-provider-google_v7.43.0_x5:    "id": "2312",
2026-09-03T00:52:35.344+0100 [DEBUG] provider.terraform-provider-google_v7.43.0_x5:    "creationTimestamp": "1969-12-31T16:00:00.000-08:00",
2026-09-03T00:52:35.344+0100 [DEBUG] provider.terraform-provider-google_v7.43.0_x5:    "name": "southamerica-east1-c",
2026-09-03T00:52:35.344+0100 [DEBUG] provider.terraform-provider-google_v7.43.0_x5:    "description": "southamerica-east1-c",
2026-09-03T00:52:35.344+0100 [DEBUG] provider.terraform-provider-google_v7.43.0_x5:    "status": "UP",
2026-09-03T00:52:35.344+0100 [DEBUG] provider.terraform-provider-google_v7.43.0_x5:    "region": "https://www.googleapis.com/compute/v1/projects/nomad-platform-gcp/regions/southamerica-east1",
2026-09-03T00:52:35.344+0100 [DEBUG] provider.terraform-provider-google_v7.43.0_x5:    "selfLink": "https://www.googleapis.com/compute/v1/projects/nomad-platform-gcp/zones/southamerica-east1-c",
2026-09-03T00:52:35.344+0100 [DEBUG] provider.terraform-provider-google_v7.43.0_x5:    "availableCpuPlatforms": [
2026-09-03T00:52:35.344+0100 [DEBUG] provider.terraform-provider-google_v7.43.0_x5:     "Intel Broadwell",
2026-09-03T00:52:35.344+0100 [DEBUG] provider.terraform-provider-google_v7.43.0_x5:     "Intel Cascade Lake",
2026-09-03T00:52:35.344+0100 [DEBUG] provider.terraform-provider-google_v7.43.0_x5:     "Intel Emerald Rapids",
2026-09-03T00:52:35.344+0100 [DEBUG] provider.terraform-provider-google_v7.43.0_x5:     "AMD Genoa",
2026-09-03T00:52:35.344+0100 [DEBUG] provider.terraform-provider-google_v7.43.0_x5:     "Intel Haswell",
2026-09-03T00:52:35.344+0100 [DEBUG] provider.terraform-provider-google_v7.43.0_x5:     "Intel Ice Lake",
2026-09-03T00:52:35.344+0100 [DEBUG] provider.terraform-provider-google_v7.43.0_x5:     "Intel Ivy Bridge",
2026-09-03T00:52:35.344+0100 [DEBUG] provider.terraform-provider-google_v7.43.0_x5:     "Google Axion",
2026-09-03T00:52:35.344+0100 [DEBUG] provider.terraform-provider-google_v7.43.0_x5:     "AMD Milan",
2026-09-03T00:52:35.344+0100 [DEBUG] provider.terraform-provider-google_v7.43.0_x5:     "AMD Rome",
2026-09-03T00:52:35.344+0100 [DEBUG] provider.terraform-provider-google_v7.43.0_x5:     "Intel Sandy Bridge",
2026-09-03T00:52:35.344+0100 [DEBUG] provider.terraform-provider-google_v7.43.0_x5:     "Intel Sapphire Rapids",
2026-09-03T00:52:35.344+0100 [DEBUG] provider.terraform-provider-google_v7.43.0_x5:     "Intel Skylake"
2026-09-03T00:52:35.344+0100 [DEBUG] provider.terraform-provider-google_v7.43.0_x5:    ],
2026-09-03T00:52:35.344+0100 [DEBUG] provider.terraform-provider-google_v7.43.0_x5:    "supportsPzs": true
2026-09-03T00:52:35.344+0100 [DEBUG] provider.terraform-provider-google_v7.43.0_x5:   },
2026-09-03T00:52:35.344+0100 [DEBUG] provider.terraform-provider-google_v7.43.0_x5:   {
2026-09-03T00:52:35.344+0100 [DEBUG] provider.terraform-provider-google_v7.43.0_x5:    "kind": "compute#zone",
2026-09-03T00:52:35.344+0100 [DEBUG] provider.terraform-provider-google_v7.43.0_x5:    "id": "2310",
2026-09-03T00:52:35.344+0100 [DEBUG] provider.terraform-provider-google_v7.43.0_x5:    "creationTimestamp": "1969-12-31T16:00:00.000-08:00",
2026-09-03T00:52:35.344+0100 [DEBUG] provider.terraform-provider-google_v7.43.0_x5:    "name": "southamerica-east1-a",
2026-09-03T00:52:35.344+0100 [DEBUG] provider.terraform-provider-google_v7.43.0_x5:    "description": "southamerica-east1-a",
2026-09-03T00:52:35.344+0100 [DEBUG] provider.terraform-provider-google_v7.43.0_x5:    "status": "UP",
2026-09-03T00:52:35.344+0100 [DEBUG] provider.terraform-provider-google_v7.43.0_x5:    "region": "https://www.googleapis.com/compute/v1/projects/nomad-platform-gcp/regions/southamerica-east1",
2026-09-03T00:52:35.344+0100 [DEBUG] provider.terraform-provider-google_v7.43.0_x5:    "selfLink": "https://www.googleapis.com/compute/v1/projects/nomad-platform-gcp/zones/southamerica-east1-a",
2026-09-03T00:52:35.344+0100 [DEBUG] provider.terraform-provider-google_v7.43.0_x5:    "availableCpuPlatforms": [
2026-09-03T00:52:35.344+0100 [DEBUG] provider.terraform-provider-google_v7.43.0_x5:     "Intel Broadwell",
2026-09-03T00:52:35.344+0100 [DEBUG] provider.terraform-provider-google_v7.43.0_x5:     "Intel Cascade Lake",
2026-09-03T00:52:35.344+0100 [DEBUG] provider.terraform-provider-google_v7.43.0_x5:     "Intel Emerald Rapids",
2026-09-03T00:52:35.344+0100 [DEBUG] provider.terraform-provider-google_v7.43.0_x5:     "Intel Granite Rapids",
2026-09-03T00:52:35.344+0100 [DEBUG] provider.terraform-provider-google_v7.43.0_x5:     "Intel Haswell",
2026-09-03T00:52:35.344+0100 [DEBUG] provider.terraform-provider-google_v7.43.0_x5:     "Intel Ice Lake",
2026-09-03T00:52:35.344+0100 [DEBUG] provider.terraform-provider-google_v7.43.0_x5:     "Intel Ivy Bridge",
2026-09-03T00:52:35.344+0100 [DEBUG] provider.terraform-provider-google_v7.43.0_x5:     "AMD Milan",
2026-09-03T00:52:35.344+0100 [DEBUG] provider.terraform-provider-google_v7.43.0_x5:     "AMD Rome",
2026-09-03T00:52:35.344+0100 [DEBUG] provider.terraform-provider-google_v7.43.0_x5:     "Intel Sandy Bridge",
2026-09-03T00:52:35.344+0100 [DEBUG] provider.terraform-provider-google_v7.43.0_x5:     "Intel Sapphire Rapids",
2026-09-03T00:52:35.344+0100 [DEBUG] provider.terraform-provider-google_v7.43.0_x5:     "Intel Skylake",
2026-09-03T00:52:35.344+0100 [DEBUG] provider.terraform-provider-google_v7.43.0_x5:     "AMD Turin"
2026-09-03T00:52:35.344+0100 [DEBUG] provider.terraform-provider-google_v7.43.0_x5:    ],
2026-09-03T00:52:35.344+0100 [DEBUG] provider.terraform-provider-google_v7.43.0_x5:    "supportsPzs": true
2026-09-03T00:52:35.344+0100 [DEBUG] provider.terraform-provider-google_v7.43.0_x5:   },
2026-09-03T00:52:35.344+0100 [DEBUG] provider.terraform-provider-google_v7.43.0_x5:   {
2026-09-03T00:52:35.344+0100 [DEBUG] provider.terraform-provider-google_v7.43.0_x5:    "kind": "compute#zone",
2026-09-03T00:52:35.344+0100 [DEBUG] provider.terraform-provider-google_v7.43.0_x5:    "id": "2611",
2026-09-03T00:52:35.344+0100 [DEBUG] provider.terraform-provider-google_v7.43.0_x5:    "creationTimestamp": "1969-12-31T16:00:00.000-08:00",
2026-09-03T00:52:35.344+0100 [DEBUG] provider.terraform-provider-google_v7.43.0_x5:    "name": "africa-south1-a",
2026-09-03T00:52:35.344+0100 [DEBUG] provider.terraform-provider-google_v7.43.0_x5:    "description": "africa-south1-a",
2026-09-03T00:52:35.344+0100 [DEBUG] provider.terraform-provider-google_v7.43.0_x5:    "status": "UP",
2026-09-03T00:52:35.344+0100 [DEBUG] provider.terraform-provider-google_v7.43.0_x5:    "region": "https://www.googleapis.com/compute/v1/projects/nomad-platform-gcp/regions/africa-south1",
2026-09-03T00:52:35.344+0100 [DEBUG] provider.terraform-provider-google_v7.43.0_x5:    "selfLink": "https://www.googleapis.com/compute/v1/projects/nomad-platform-gcp/zones/africa-south1-a",
2026-09-03T00:52:35.344+0100 [DEBUG] provider.terraform-provider-google_v7.43.0_x5:    "availableCpuPlatforms": [
2026-09-03T00:52:35.344+0100 [DEBUG] provider.terraform-provider-google_v7.43.0_x5:     "Intel Broadwell",
2026-09-03T00:52:35.344+0100 [DEBUG] provider.terraform-provider-google_v7.43.0_x5:     "Intel Cascade Lake",
2026-09-03T00:52:35.344+0100 [DEBUG] provider.terraform-provider-google_v7.43.0_x5:     "Intel Emerald Rapids",
2026-09-03T00:52:35.344+0100 [DEBUG] provider.terraform-provider-google_v7.43.0_x5:     "Intel Granite Rapids",
2026-09-03T00:52:35.345+0100 [DEBUG] provider.terraform-provider-google_v7.43.0_x5:     "Intel Haswell",
2026-09-03T00:52:35.345+0100 [DEBUG] provider.terraform-provider-google_v7.43.0_x5:     "Intel Ice Lake",
2026-09-03T00:52:35.345+0100 [DEBUG] provider.terraform-provider-google_v7.43.0_x5:     "Intel Ivy Bridge",
2026-09-03T00:52:35.345+0100 [DEBUG] provider.terraform-provider-google_v7.43.0_x5:     "Google Axion",
2026-09-03T00:52:35.345+0100 [DEBUG] provider.terraform-provider-google_v7.43.0_x5:     "AMD Milan",
2026-09-03T00:52:35.345+0100 [DEBUG] provider.terraform-provider-google_v7.43.0_x5:     "AMD Rome",
2026-09-03T00:52:35.345+0100 [DEBUG] provider.terraform-provider-google_v7.43.0_x5:     "AMD Turin"
2026-09-03T00:52:35.345+0100 [DEBUG] provider.terraform-provider-google_v7.43.0_x5:    ],
2026-09-03T00:52:35.345+0100 [DEBUG] provider.terraform-provider-google_v7.43.0_x5:    "supportsPzs": true
2026-09-03T00:52:35.345+0100 [DEBUG] provider.terraform-provider-google_v7.43.0_x5:   },
2026-09-03T00:52:35.345+0100 [DEBUG] provider.terraform-provider-google_v7.43.0_x5:   {
2026-09-03T00:52:35.345+0100 [DEBUG] provider.terraform-provider-google_v7.43.0_x5:    "kind": "compute#zone",
2026-09-03T00:52:35.345+0100 [DEBUG] provider.terraform-provider-google_v7.43.0_x5:    "id": "2610",
2026-09-03T00:52:35.345+0100 [DEBUG] provider.terraform-provider-google_v7.43.0_x5:    "creationTimestamp": "1969-12-31T16:00:00.000-08:00",
2026-09-03T00:52:35.345+0100 [DEBUG] provider.terraform-provider-google_v7.43.0_x5:    "name": "africa-south1-b",
2026-09-03T00:52:35.345+0100 [DEBUG] provider.terraform-provider-google_v7.43.0_x5:    "description": "africa-south1-b",
2026-09-03T00:52:35.345+0100 [DEBUG] provider.terraform-provider-google_v7.43.0_x5:    "status": "UP",
2026-09-03T00:52:35.345+0100 [DEBUG] provider.terraform-provider-google_v7.43.0_x5:    "region": "https://www.googleapis.com/compute/v1/projects/nomad-platform-gcp/regions/africa-south1",
2026-09-03T00:52:35.345+0100 [DEBUG] provider.terraform-provider-google_v7.43.0_x5:    "selfLink": "https://www.googleapis.com/compute/v1/projects/nomad-platform-gcp/zones/africa-south1-b",
2026-09-03T00:52:35.345+0100 [DEBUG] provider.terraform-provider-google_v7.43.0_x5:    "availableCpuPlatforms": [
2026-09-03T00:52:35.345+0100 [DEBUG] provider.terraform-provider-google_v7.43.0_x5:     "Intel Broadwell",
2026-09-03T00:52:35.345+0100 [DEBUG] provider.terraform-provider-google_v7.43.0_x5:     "Intel Cascade Lake",
2026-09-03T00:52:35.345+0100 [DEBUG] provider.terraform-provider-google_v7.43.0_x5:     "Intel Emerald Rapids",
2026-09-03T00:52:35.345+0100 [DEBUG] provider.terraform-provider-google_v7.43.0_x5:     "Intel Granite Rapids",
2026-09-03T00:52:35.345+0100 [DEBUG] provider.terraform-provider-google_v7.43.0_x5:     "Intel Haswell",
2026-09-03T00:52:35.345+0100 [DEBUG] provider.terraform-provider-google_v7.43.0_x5:     "Intel Ice Lake",
2026-09-03T00:52:35.345+0100 [DEBUG] provider.terraform-provider-google_v7.43.0_x5:     "Intel Ivy Bridge",
2026-09-03T00:52:35.345+0100 [DEBUG] provider.terraform-provider-google_v7.43.0_x5:     "AMD Milan",
2026-09-03T00:52:35.345+0100 [DEBUG] provider.terraform-provider-google_v7.43.0_x5:     "AMD Rome"
2026-09-03T00:52:35.345+0100 [DEBUG] provider.terraform-provider-google_v7.43.0_x5:    ],
2026-09-03T00:52:35.345+0100 [DEBUG] provider.terraform-provider-google_v7.43.0_x5:    "supportsPzs": true
2026-09-03T00:52:35.345+0100 [DEBUG] provider.terraform-provider-google_v7.43.0_x5:   },
2026-09-03T00:52:35.345+0100 [DEBUG] provider.terraform-provider-google_v7.43.0_x5:   {
2026-09-03T00:52:35.345+0100 [DEBUG] provider.terraform-provider-google_v7.43.0_x5:    "kind": "compute#zone",
2026-09-03T00:52:35.345+0100 [DEBUG] provider.terraform-provider-google_v7.43.0_x5:    "id": "2612",
2026-09-03T00:52:35.345+0100 [DEBUG] provider.terraform-provider-google_v7.43.0_x5:    "creationTimestamp": "1969-12-31T16:00:00.000-08:00",
2026-09-03T00:52:35.345+0100 [DEBUG] provider.terraform-provider-google_v7.43.0_x5:    "name": "africa-south1-c",
2026-09-03T00:52:35.345+0100 [DEBUG] provider.terraform-provider-google_v7.43.0_x5:    "description": "africa-south1-c",
2026-09-03T00:52:35.345+0100 [DEBUG] provider.terraform-provider-google_v7.43.0_x5:    "status": "UP",
2026-09-03T00:52:35.345+0100 [DEBUG] provider.terraform-provider-google_v7.43.0_x5:    "region": "https://www.googleapis.com/compute/v1/projects/nomad-platform-gcp/regions/africa-south1",
2026-09-03T00:52:35.345+0100 [DEBUG] provider.terraform-provider-google_v7.43.0_x5:    "selfLink": "https://www.googleapis.com/compute/v1/projects/nomad-platform-gcp/zones/africa-south1-c",
2026-09-03T00:52:35.345+0100 [DEBUG] provider.terraform-provider-google_v7.43.0_x5:    "availableCpuPlatforms": [
2026-09-03T00:52:35.345+0100 [DEBUG] provider.terraform-provider-google_v7.43.0_x5:     "Intel Broadwell",
2026-09-03T00:52:35.345+0100 [DEBUG] provider.terraform-provider-google_v7.43.0_x5:     "Intel Cascade Lake",
2026-09-03T00:52:35.345+0100 [DEBUG] provider.terraform-provider-google_v7.43.0_x5:     "Intel Emerald Rapids",
2026-09-03T00:52:35.345+0100 [DEBUG] provider.terraform-provider-google_v7.43.0_x5:     "Intel Granite Rapids",
2026-09-03T00:52:35.345+0100 [DEBUG] provider.terraform-provider-google_v7.43.0_x5:     "Intel Haswell",
2026-09-03T00:52:35.345+0100 [DEBUG] provider.terraform-provider-google_v7.43.0_x5:     "Intel Ice Lake",
2026-09-03T00:52:35.345+0100 [DEBUG] provider.terraform-provider-google_v7.43.0_x5:     "Intel Ivy Bridge",
2026-09-03T00:52:35.345+0100 [DEBUG] provider.terraform-provider-google_v7.43.0_x5:     "AMD Milan",
2026-09-03T00:52:35.345+0100 [DEBUG] provider.terraform-provider-google_v7.43.0_x5:     "AMD Rome",
2026-09-03T00:52:35.345+0100 [DEBUG] provider.terraform-provider-google_v7.43.0_x5:     "AMD Turin"
2026-09-03T00:52:35.345+0100 [DEBUG] provider.terraform-provider-google_v7.43.0_x5:    ],
2026-09-03T00:52:35.345+0100 [DEBUG] provider.terraform-provider-google_v7.43.0_x5:    "supportsPzs": true
2026-09-03T00:52:35.345+0100 [DEBUG] provider.terraform-provider-google_v7.43.0_x5:   },
2026-09-03T00:52:35.345+0100 [DEBUG] provider.terraform-provider-google_v7.43.0_x5:   {
2026-09-03T00:52:35.345+0100 [DEBUG] provider.terraform-provider-google_v7.43.0_x5:    "kind": "compute#zone",
2026-09-03T00:52:35.345+0100 [DEBUG] provider.terraform-provider-google_v7.43.0_x5:    "id": "2372",
2026-09-03T00:52:35.345+0100 [DEBUG] provider.terraform-provider-google_v7.43.0_x5:    "creationTimestamp": "1969-12-31T16:00:00.000-08:00",
2026-09-03T00:52:35.345+0100 [DEBUG] provider.terraform-provider-google_v7.43.0_x5:    "name": "asia-east2-a",
2026-09-03T00:52:35.345+0100 [DEBUG] provider.terraform-provider-google_v7.43.0_x5:    "description": "asia-east2-a",
2026-09-03T00:52:35.345+0100 [DEBUG] provider.terraform-provider-google_v7.43.0_x5:    "status": "UP",
2026-09-03T00:52:35.345+0100 [DEBUG] provider.terraform-provider-google_v7.43.0_x5:    "region": "https://www.googleapis.com/compute/v1/projects/nomad-platform-gcp/regions/asia-east2",
2026-09-03T00:52:35.345+0100 [DEBUG] provider.terraform-provider-google_v7.43.0_x5:    "selfLink": "https://www.googleapis.com/compute/v1/projects/nomad-platform-gcp/zones/asia-east2-a",
2026-09-03T00:52:35.345+0100 [DEBUG] provider.terraform-provider-google_v7.43.0_x5:    "availableCpuPlatforms": [
2026-09-03T00:52:35.345+0100 [DEBUG] provider.terraform-provider-google_v7.43.0_x5:     "Intel Broadwell",
2026-09-03T00:52:35.345+0100 [DEBUG] provider.terraform-provider-google_v7.43.0_x5:     "Intel Cascade Lake",
2026-09-03T00:52:35.345+0100 [DEBUG] provider.terraform-provider-google_v7.43.0_x5:     "Intel Emerald Rapids",
2026-09-03T00:52:35.345+0100 [DEBUG] provider.terraform-provider-google_v7.43.0_x5:     "Intel Granite Rapids",
2026-09-03T00:52:35.345+0100 [DEBUG] provider.terraform-provider-google_v7.43.0_x5:     "Intel Haswell",
2026-09-03T00:52:35.345+0100 [DEBUG] provider.terraform-provider-google_v7.43.0_x5:     "Intel Ice Lake",
2026-09-03T00:52:35.345+0100 [DEBUG] provider.terraform-provider-google_v7.43.0_x5:     "Intel Ivy Bridge",
2026-09-03T00:52:35.345+0100 [DEBUG] provider.terraform-provider-google_v7.43.0_x5:     "AMD Milan",
2026-09-03T00:52:35.345+0100 [DEBUG] provider.terraform-provider-google_v7.43.0_x5:     "AMD Rome",
2026-09-03T00:52:35.345+0100 [DEBUG] provider.terraform-provider-google_v7.43.0_x5:     "Intel Sandy Bridge",
2026-09-03T00:52:35.345+0100 [DEBUG] provider.terraform-provider-google_v7.43.0_x5:     "Intel Sapphire Rapids",
2026-09-03T00:52:35.345+0100 [DEBUG] provider.terraform-provider-google_v7.43.0_x5:     "Intel Skylake"
2026-09-03T00:52:35.345+0100 [DEBUG] provider.terraform-provider-google_v7.43.0_x5:    ],
2026-09-03T00:52:35.345+0100 [DEBUG] provider.terraform-provider-google_v7.43.0_x5:    "supportsPzs": true
2026-09-03T00:52:35.345+0100 [DEBUG] provider.terraform-provider-google_v7.43.0_x5:   },
2026-09-03T00:52:35.345+0100 [DEBUG] provider.terraform-provider-google_v7.43.0_x5:   {
2026-09-03T00:52:35.345+0100 [DEBUG] provider.terraform-provider-google_v7.43.0_x5:    "kind": "compute#zone",
2026-09-03T00:52:35.345+0100 [DEBUG] provider.terraform-provider-google_v7.43.0_x5:    "id": "2371",
2026-09-03T00:52:35.345+0100 [DEBUG] provider.terraform-provider-google_v7.43.0_x5:    "creationTimestamp": "1969-12-31T16:00:00.000-08:00",
2026-09-03T00:52:35.345+0100 [DEBUG] provider.terraform-provider-google_v7.43.0_x5:    "name": "asia-east2-b",
2026-09-03T00:52:35.345+0100 [DEBUG] provider.terraform-provider-google_v7.43.0_x5:    "description": "asia-east2-b",
2026-09-03T00:52:35.345+0100 [DEBUG] provider.terraform-provider-google_v7.43.0_x5:    "status": "UP",
2026-09-03T00:52:35.345+0100 [DEBUG] provider.terraform-provider-google_v7.43.0_x5:    "region": "https://www.googleapis.com/compute/v1/projects/nomad-platform-gcp/regions/asia-east2",
2026-09-03T00:52:35.345+0100 [DEBUG] provider.terraform-provider-google_v7.43.0_x5:    "selfLink": "https://www.googleapis.com/compute/v1/projects/nomad-platform-gcp/zones/asia-east2-b",
2026-09-03T00:52:35.345+0100 [DEBUG] provider.terraform-provider-google_v7.43.0_x5:    "availableCpuPlatforms": [
2026-09-03T00:52:35.345+0100 [DEBUG] provider.terraform-provider-google_v7.43.0_x5:     "Intel Broadwell",
2026-09-03T00:52:35.345+0100 [DEBUG] provider.terraform-provider-google_v7.43.0_x5:     "Intel Cascade Lake",
2026-09-03T00:52:35.345+0100 [DEBUG] provider.terraform-provider-google_v7.43.0_x5:     "Intel Emerald Rapids",
2026-09-03T00:52:35.345+0100 [DEBUG] provider.terraform-provider-google_v7.43.0_x5:     "Intel Haswell",
2026-09-03T00:52:35.345+0100 [DEBUG] provider.terraform-provider-google_v7.43.0_x5:     "Intel Ice Lake",
2026-09-03T00:52:35.345+0100 [DEBUG] provider.terraform-provider-google_v7.43.0_x5:     "Intel Ivy Bridge",
2026-09-03T00:52:35.345+0100 [DEBUG] provider.terraform-provider-google_v7.43.0_x5:     "AMD Milan",
2026-09-03T00:52:35.345+0100 [DEBUG] provider.terraform-provider-google_v7.43.0_x5:     "AMD Rome",
2026-09-03T00:52:35.345+0100 [DEBUG] provider.terraform-provider-google_v7.43.0_x5:     "Intel Sandy Bridge",
2026-09-03T00:52:35.345+0100 [DEBUG] provider.terraform-provider-google_v7.43.0_x5:     "Intel Skylake"
2026-09-03T00:52:35.346+0100 [DEBUG] provider.terraform-provider-google_v7.43.0_x5:    ],
2026-09-03T00:52:35.346+0100 [DEBUG] provider.terraform-provider-google_v7.43.0_x5:    "supportsPzs": true
2026-09-03T00:52:35.346+0100 [DEBUG] provider.terraform-provider-google_v7.43.0_x5:   },
2026-09-03T00:52:35.346+0100 [DEBUG] provider.terraform-provider-google_v7.43.0_x5:   {
2026-09-03T00:52:35.346+0100 [DEBUG] provider.terraform-provider-google_v7.43.0_x5:    "kind": "compute#zone",
2026-09-03T00:52:35.346+0100 [DEBUG] provider.terraform-provider-google_v7.43.0_x5:    "id": "2370",
2026-09-03T00:52:35.346+0100 [DEBUG] provider.terraform-provider-google_v7.43.0_x5:    "creationTimestamp": "1969-12-31T16:00:00.000-08:00",
2026-09-03T00:52:35.346+0100 [DEBUG] provider.terraform-provider-google_v7.43.0_x5:    "name": "asia-east2-c",
2026-09-03T00:52:35.346+0100 [DEBUG] provider.terraform-provider-google_v7.43.0_x5:    "description": "asia-east2-c",
2026-09-03T00:52:35.346+0100 [DEBUG] provider.terraform-provider-google_v7.43.0_x5:    "status": "UP",
2026-09-03T00:52:35.346+0100 [DEBUG] provider.terraform-provider-google_v7.43.0_x5:    "region": "https://www.googleapis.com/compute/v1/projects/nomad-platform-gcp/regions/asia-east2",
2026-09-03T00:52:35.346+0100 [DEBUG] provider.terraform-provider-google_v7.43.0_x5:    "selfLink": "https://www.googleapis.com/compute/v1/projects/nomad-platform-gcp/zones/asia-east2-c",
2026-09-03T00:52:35.346+0100 [DEBUG] provider.terraform-provider-google_v7.43.0_x5:    "availableCpuPlatforms": [
2026-09-03T00:52:35.346+0100 [DEBUG] provider.terraform-provider-google_v7.43.0_x5:     "Intel Broadwell",
2026-09-03T00:52:35.346+0100 [DEBUG] provider.terraform-provider-google_v7.43.0_x5:     "Intel Cascade Lake",
2026-09-03T00:52:35.346+0100 [DEBUG] provider.terraform-provider-google_v7.43.0_x5:     "Intel Emerald Rapids",
2026-09-03T00:52:35.346+0100 [DEBUG] provider.terraform-provider-google_v7.43.0_x5:     "Intel Granite Rapids",
2026-09-03T00:52:35.346+0100 [DEBUG] provider.terraform-provider-google_v7.43.0_x5:     "Intel Haswell",
2026-09-03T00:52:35.346+0100 [DEBUG] provider.terraform-provider-google_v7.43.0_x5:     "Intel Ice Lake",
2026-09-03T00:52:35.346+0100 [DEBUG] provider.terraform-provider-google_v7.43.0_x5:     "Intel Ivy Bridge",
2026-09-03T00:52:35.346+0100 [DEBUG] provider.terraform-provider-google_v7.43.0_x5:     "AMD Milan",
2026-09-03T00:52:35.346+0100 [DEBUG] provider.terraform-provider-google_v7.43.0_x5:     "AMD Rome",
2026-09-03T00:52:35.346+0100 [DEBUG] provider.terraform-provider-google_v7.43.0_x5:     "Intel Sandy Bridge",
2026-09-03T00:52:35.346+0100 [DEBUG] provider.terraform-provider-google_v7.43.0_x5:     "Intel Sapphire Rapids",
2026-09-03T00:52:35.346+0100 [DEBUG] provider.terraform-provider-google_v7.43.0_x5:     "Intel Skylake"
2026-09-03T00:52:35.346+0100 [DEBUG] provider.terraform-provider-google_v7.43.0_x5:    ],
2026-09-03T00:52:35.346+0100 [DEBUG] provider.terraform-provider-google_v7.43.0_x5:    "supportsPzs": true
2026-09-03T00:52:35.346+0100 [DEBUG] provider.terraform-provider-google_v7.43.0_x5:   },
2026-09-03T00:52:35.346+0100 [DEBUG] provider.terraform-provider-google_v7.43.0_x5:   {
2026-09-03T00:52:35.346+0100 [DEBUG] provider.terraform-provider-google_v7.43.0_x5:    "kind": "compute#zone",
2026-09-03T00:52:35.346+0100 [DEBUG] provider.terraform-provider-google_v7.43.0_x5:    "id": "2392",
2026-09-03T00:52:35.346+0100 [DEBUG] provider.terraform-provider-google_v7.43.0_x5:    "creationTimestamp": "1969-12-31T16:00:00.000-08:00",
2026-09-03T00:52:35.346+0100 [DEBUG] provider.terraform-provider-google_v7.43.0_x5:    "name": "asia-northeast2-a",
2026-09-03T00:52:35.346+0100 [DEBUG] provider.terraform-provider-google_v7.43.0_x5:    "description": "asia-northeast2-a",
2026-09-03T00:52:35.346+0100 [DEBUG] provider.terraform-provider-google_v7.43.0_x5:    "status": "UP",
2026-09-03T00:52:35.346+0100 [DEBUG] provider.terraform-provider-google_v7.43.0_x5:    "region": "https://www.googleapis.com/compute/v1/projects/nomad-platform-gcp/regions/asia-northeast2",
2026-09-03T00:52:35.346+0100 [DEBUG] provider.terraform-provider-google_v7.43.0_x5:    "selfLink": "https://www.googleapis.com/compute/v1/projects/nomad-platform-gcp/zones/asia-northeast2-a",
2026-09-03T00:52:35.346+0100 [DEBUG] provider.terraform-provider-google_v7.43.0_x5:    "availableCpuPlatforms": [
2026-09-03T00:52:35.346+0100 [DEBUG] provider.terraform-provider-google_v7.43.0_x5:     "Intel Broadwell",
2026-09-03T00:52:35.346+0100 [DEBUG] provider.terraform-provider-google_v7.43.0_x5:     "Intel Cascade Lake",
2026-09-03T00:52:35.346+0100 [DEBUG] provider.terraform-provider-google_v7.43.0_x5:     "Intel Emerald Rapids",
2026-09-03T00:52:35.346+0100 [DEBUG] provider.terraform-provider-google_v7.43.0_x5:     "Intel Haswell",
2026-09-03T00:52:35.346+0100 [DEBUG] provider.terraform-provider-google_v7.43.0_x5:     "Intel Ice Lake",
2026-09-03T00:52:35.346+0100 [DEBUG] provider.terraform-provider-google_v7.43.0_x5:     "Intel Ivy Bridge",
2026-09-03T00:52:35.346+0100 [DEBUG] provider.terraform-provider-google_v7.43.0_x5:     "AMD Milan",
2026-09-03T00:52:35.346+0100 [DEBUG] provider.terraform-provider-google_v7.43.0_x5:     "AMD Rome",
2026-09-03T00:52:35.346+0100 [DEBUG] provider.terraform-provider-google_v7.43.0_x5:     "Intel Sandy Bridge",
2026-09-03T00:52:35.346+0100 [DEBUG] provider.terraform-provider-google_v7.43.0_x5:     "Intel Sapphire Rapids",
2026-09-03T00:52:35.346+0100 [DEBUG] provider.terraform-provider-google_v7.43.0_x5:     "Intel Skylake"
2026-09-03T00:52:35.346+0100 [DEBUG] provider.terraform-provider-google_v7.43.0_x5:    ],
2026-09-03T00:52:35.346+0100 [DEBUG] provider.terraform-provider-google_v7.43.0_x5:    "supportsPzs": false
2026-09-03T00:52:35.346+0100 [DEBUG] provider.terraform-provider-google_v7.43.0_x5:   },
2026-09-03T00:52:35.346+0100 [DEBUG] provider.terraform-provider-google_v7.43.0_x5:   {
2026-09-03T00:52:35.346+0100 [DEBUG] provider.terraform-provider-google_v7.43.0_x5:    "kind": "compute#zone",
2026-09-03T00:52:35.346+0100 [DEBUG] provider.terraform-provider-google_v7.43.0_x5:    "id": "2390",
2026-09-03T00:52:35.346+0100 [DEBUG] provider.terraform-provider-google_v7.43.0_x5:    "creationTimestamp": "1969-12-31T16:00:00.000-08:00",
2026-09-03T00:52:35.346+0100 [DEBUG] provider.terraform-provider-google_v7.43.0_x5:    "name": "asia-northeast2-b",
2026-09-03T00:52:35.346+0100 [DEBUG] provider.terraform-provider-google_v7.43.0_x5:    "description": "asia-northeast2-b",
2026-09-03T00:52:35.346+0100 [DEBUG] provider.terraform-provider-google_v7.43.0_x5:    "status": "UP",
2026-09-03T00:52:35.346+0100 [DEBUG] provider.terraform-provider-google_v7.43.0_x5:    "region": "https://www.googleapis.com/compute/v1/projects/nomad-platform-gcp/regions/asia-northeast2",
2026-09-03T00:52:35.346+0100 [DEBUG] provider.terraform-provider-google_v7.43.0_x5:    "selfLink": "https://www.googleapis.com/compute/v1/projects/nomad-platform-gcp/zones/asia-northeast2-b",
2026-09-03T00:52:35.346+0100 [DEBUG] provider.terraform-provider-google_v7.43.0_x5:    "availableCpuPlatforms": [
2026-09-03T00:52:35.346+0100 [DEBUG] provider.terraform-provider-google_v7.43.0_x5:     "Intel Broadwell",
2026-09-03T00:52:35.346+0100 [DEBUG] provider.terraform-provider-google_v7.43.0_x5:     "Intel Cascade Lake",
2026-09-03T00:52:35.346+0100 [DEBUG] provider.terraform-provider-google_v7.43.0_x5:     "Intel Emerald Rapids",
2026-09-03T00:52:35.346+0100 [DEBUG] provider.terraform-provider-google_v7.43.0_x5:     "Intel Haswell",
2026-09-03T00:52:35.346+0100 [DEBUG] provider.terraform-provider-google_v7.43.0_x5:     "Intel Ice Lake",
2026-09-03T00:52:35.346+0100 [DEBUG] provider.terraform-provider-google_v7.43.0_x5:     "Intel Ivy Bridge",
2026-09-03T00:52:35.346+0100 [DEBUG] provider.terraform-provider-google_v7.43.0_x5:     "AMD Milan",
2026-09-03T00:52:35.346+0100 [DEBUG] provider.terraform-provider-google_v7.43.0_x5:     "AMD Rome",
2026-09-03T00:52:35.346+0100 [DEBUG] provider.terraform-provider-google_v7.43.0_x5:     "Intel Sandy Bridge",
2026-09-03T00:52:35.346+0100 [DEBUG] provider.terraform-provider-google_v7.43.0_x5:     "Intel Skylake"
2026-09-03T00:52:35.346+0100 [DEBUG] provider.terraform-provider-google_v7.43.0_x5:    ],
2026-09-03T00:52:35.346+0100 [DEBUG] provider.terraform-provider-google_v7.43.0_x5:    "supportsPzs": false
2026-09-03T00:52:35.346+0100 [DEBUG] provider.terraform-provider-google_v7.43.0_x5:   },
2026-09-03T00:52:35.346+0100 [DEBUG] provider.terraform-provider-google_v7.43.0_x5:   {
2026-09-03T00:52:35.346+0100 [DEBUG] provider.terraform-provider-google_v7.43.0_x5:    "kind": "compute#zone",
2026-09-03T00:52:35.346+0100 [DEBUG] provider.terraform-provider-google_v7.43.0_x5:    "id": "2391",
2026-09-03T00:52:35.346+0100 [DEBUG] provider.terraform-provider-google_v7.43.0_x5:    "creationTimestamp": "1969-12-31T16:00:00.000-08:00",
2026-09-03T00:52:35.346+0100 [DEBUG] provider.terraform-provider-google_v7.43.0_x5:    "name": "asia-northeast2-c",
2026-09-03T00:52:35.346+0100 [DEBUG] provider.terraform-provider-google_v7.43.0_x5:    "description": "asia-northeast2-c",
2026-09-03T00:52:35.346+0100 [DEBUG] provider.terraform-provider-google_v7.43.0_x5:    "status": "UP",
2026-09-03T00:52:35.346+0100 [DEBUG] provider.terraform-provider-google_v7.43.0_x5:    "region": "https://www.googleapis.com/compute/v1/projects/nomad-platform-gcp/regions/asia-northeast2",
2026-09-03T00:52:35.346+0100 [DEBUG] provider.terraform-provider-google_v7.43.0_x5:    "selfLink": "https://www.googleapis.com/compute/v1/projects/nomad-platform-gcp/zones/asia-northeast2-c",
2026-09-03T00:52:35.346+0100 [DEBUG] provider.terraform-provider-google_v7.43.0_x5:    "availableCpuPlatforms": [
2026-09-03T00:52:35.346+0100 [DEBUG] provider.terraform-provider-google_v7.43.0_x5:     "Intel Broadwell",
2026-09-03T00:52:35.346+0100 [DEBUG] provider.terraform-provider-google_v7.43.0_x5:     "Intel Cascade Lake",
2026-09-03T00:52:35.346+0100 [DEBUG] provider.terraform-provider-google_v7.43.0_x5:     "Intel Emerald Rapids",
2026-09-03T00:52:35.346+0100 [DEBUG] provider.terraform-provider-google_v7.43.0_x5:     "Intel Haswell",
2026-09-03T00:52:35.346+0100 [DEBUG] provider.terraform-provider-google_v7.43.0_x5:     "Intel Ice Lake",
2026-09-03T00:52:35.346+0100 [DEBUG] provider.terraform-provider-google_v7.43.0_x5:     "Intel Ivy Bridge",
2026-09-03T00:52:35.346+0100 [DEBUG] provider.terraform-provider-google_v7.43.0_x5:     "AMD Milan",
2026-09-03T00:52:35.346+0100 [DEBUG] provider.terraform-provider-google_v7.43.0_x5:     "AMD Rome",
2026-09-03T00:52:35.346+0100 [DEBUG] provider.terraform-provider-google_v7.43.0_x5:     "Intel Sandy Bridge",
2026-09-03T00:52:35.346+0100 [DEBUG] provider.terraform-provider-google_v7.43.0_x5:     "Intel Sapphire Rapids",
2026-09-03T00:52:35.346+0100 [DEBUG] provider.terraform-provider-google_v7.43.0_x5:     "Intel Skylake"
2026-09-03T00:52:35.346+0100 [DEBUG] provider.terraform-provider-google_v7.43.0_x5:    ],
2026-09-03T00:52:35.346+0100 [DEBUG] provider.terraform-provider-google_v7.43.0_x5:    "supportsPzs": false
2026-09-03T00:52:35.346+0100 [DEBUG] provider.terraform-provider-google_v7.43.0_x5:   },
2026-09-03T00:52:35.346+0100 [DEBUG] provider.terraform-provider-google_v7.43.0_x5:   {
2026-09-03T00:52:35.346+0100 [DEBUG] provider.terraform-provider-google_v7.43.0_x5:    "kind": "compute#zone",
2026-09-03T00:52:35.346+0100 [DEBUG] provider.terraform-provider-google_v7.43.0_x5:    "id": "2410",
2026-09-03T00:52:35.346+0100 [DEBUG] provider.terraform-provider-google_v7.43.0_x5:    "creationTimestamp": "1969-12-31T16:00:00.000-08:00",
2026-09-03T00:52:35.346+0100 [DEBUG] provider.terraform-provider-google_v7.43.0_x5:    "name": "asia-northeast3-a",
2026-09-03T00:52:35.346+0100 [DEBUG] provider.terraform-provider-google_v7.43.0_x5:    "description": "asia-northeast3-a",
2026-09-03T00:52:35.346+0100 [DEBUG] provider.terraform-provider-google_v7.43.0_x5:    "status": "UP",
2026-09-03T00:52:35.346+0100 [DEBUG] provider.terraform-provider-google_v7.43.0_x5:    "region": "https://www.googleapis.com/compute/v1/projects/nomad-platform-gcp/regions/asia-northeast3",
2026-09-03T00:52:35.346+0100 [DEBUG] provider.terraform-provider-google_v7.43.0_x5:    "selfLink": "https://www.googleapis.com/compute/v1/projects/nomad-platform-gcp/zones/asia-northeast3-a",
2026-09-03T00:52:35.346+0100 [DEBUG] provider.terraform-provider-google_v7.43.0_x5:    "availableCpuPlatforms": [
2026-09-03T00:52:35.346+0100 [DEBUG] provider.terraform-provider-google_v7.43.0_x5:     "Intel Broadwell",
2026-09-03T00:52:35.346+0100 [DEBUG] provider.terraform-provider-google_v7.43.0_x5:     "Intel Cascade Lake",
2026-09-03T00:52:35.346+0100 [DEBUG] provider.terraform-provider-google_v7.43.0_x5:     "Intel Emerald Rapids",
2026-09-03T00:52:35.346+0100 [DEBUG] provider.terraform-provider-google_v7.43.0_x5:     "Intel Granite Rapids",
2026-09-03T00:52:35.346+0100 [DEBUG] provider.terraform-provider-google_v7.43.0_x5:     "Intel Haswell",
2026-09-03T00:52:35.346+0100 [DEBUG] provider.terraform-provider-google_v7.43.0_x5:     "Intel Ice Lake",
2026-09-03T00:52:35.346+0100 [DEBUG] provider.terraform-provider-google_v7.43.0_x5:     "Intel Ivy Bridge",
2026-09-03T00:52:35.346+0100 [DEBUG] provider.terraform-provider-google_v7.43.0_x5:     "AMD Milan",
2026-09-03T00:52:35.346+0100 [DEBUG] provider.terraform-provider-google_v7.43.0_x5:     "AMD Rome",
2026-09-03T00:52:35.346+0100 [DEBUG] provider.terraform-provider-google_v7.43.0_x5:     "Intel Sandy Bridge",
2026-09-03T00:52:35.346+0100 [DEBUG] provider.terraform-provider-google_v7.43.0_x5:     "Intel Sapphire Rapids",
2026-09-03T00:52:35.346+0100 [DEBUG] provider.terraform-provider-google_v7.43.0_x5:     "Intel Skylake"
2026-09-03T00:52:35.346+0100 [DEBUG] provider.terraform-provider-google_v7.43.0_x5:    ],
2026-09-03T00:52:35.346+0100 [DEBUG] provider.terraform-provider-google_v7.43.0_x5:    "supportsPzs": true
2026-09-03T00:52:35.346+0100 [DEBUG] provider.terraform-provider-google_v7.43.0_x5:   },
2026-09-03T00:52:35.346+0100 [DEBUG] provider.terraform-provider-google_v7.43.0_x5:   {
2026-09-03T00:52:35.346+0100 [DEBUG] provider.terraform-provider-google_v7.43.0_x5:    "kind": "compute#zone",
2026-09-03T00:52:35.346+0100 [DEBUG] provider.terraform-provider-google_v7.43.0_x5:    "id": "2412",
2026-09-03T00:52:35.346+0100 [DEBUG] provider.terraform-provider-google_v7.43.0_x5:    "creationTimestamp": "1969-12-31T16:00:00.000-08:00",
2026-09-03T00:52:35.346+0100 [DEBUG] provider.terraform-provider-google_v7.43.0_x5:    "name": "asia-northeast3-b",
2026-09-03T00:52:35.346+0100 [DEBUG] provider.terraform-provider-google_v7.43.0_x5:    "description": "asia-northeast3-b",
2026-09-03T00:52:35.346+0100 [DEBUG] provider.terraform-provider-google_v7.43.0_x5:    "status": "UP",
2026-09-03T00:52:35.346+0100 [DEBUG] provider.terraform-provider-google_v7.43.0_x5:    "region": "https://www.googleapis.com/compute/v1/projects/nomad-platform-gcp/regions/asia-northeast3",
2026-09-03T00:52:35.346+0100 [DEBUG] provider.terraform-provider-google_v7.43.0_x5:    "selfLink": "https://www.googleapis.com/compute/v1/projects/nomad-platform-gcp/zones/asia-northeast3-b",
2026-09-03T00:52:35.346+0100 [DEBUG] provider.terraform-provider-google_v7.43.0_x5:    "availableCpuPlatforms": [
2026-09-03T00:52:35.346+0100 [DEBUG] provider.terraform-provider-google_v7.43.0_x5:     "Intel Broadwell",
2026-09-03T00:52:35.346+0100 [DEBUG] provider.terraform-provider-google_v7.43.0_x5:     "Intel Cascade Lake",
2026-09-03T00:52:35.346+0100 [DEBUG] provider.terraform-provider-google_v7.43.0_x5:     "Intel Emerald Rapids",
2026-09-03T00:52:35.346+0100 [DEBUG] provider.terraform-provider-google_v7.43.0_x5:     "Intel Granite Rapids",
2026-09-03T00:52:35.346+0100 [DEBUG] provider.terraform-provider-google_v7.43.0_x5:     "Intel Haswell",
2026-09-03T00:52:35.346+0100 [DEBUG] provider.terraform-provider-google_v7.43.0_x5:     "Intel Ice Lake",
2026-09-03T00:52:35.346+0100 [DEBUG] provider.terraform-provider-google_v7.43.0_x5:     "Intel Ivy Bridge",
2026-09-03T00:52:35.346+0100 [DEBUG] provider.terraform-provider-google_v7.43.0_x5:     "AMD Milan",
2026-09-03T00:52:35.347+0100 [DEBUG] provider.terraform-provider-google_v7.43.0_x5:     "AMD Rome",
2026-09-03T00:52:35.347+0100 [DEBUG] provider.terraform-provider-google_v7.43.0_x5:     "Intel Sandy Bridge",
2026-09-03T00:52:35.347+0100 [DEBUG] provider.terraform-provider-google_v7.43.0_x5:     "Intel Sapphire Rapids",
2026-09-03T00:52:35.347+0100 [DEBUG] provider.terraform-provider-google_v7.43.0_x5:     "Intel Skylake"
2026-09-03T00:52:35.347+0100 [DEBUG] provider.terraform-provider-google_v7.43.0_x5:    ],
2026-09-03T00:52:35.347+0100 [DEBUG] provider.terraform-provider-google_v7.43.0_x5:    "supportsPzs": true
2026-09-03T00:52:35.347+0100 [DEBUG] provider.terraform-provider-google_v7.43.0_x5:   },
2026-09-03T00:52:35.347+0100 [DEBUG] provider.terraform-provider-google_v7.43.0_x5:   {
2026-09-03T00:52:35.347+0100 [DEBUG] provider.terraform-provider-google_v7.43.0_x5:    "kind": "compute#zone",
2026-09-03T00:52:35.347+0100 [DEBUG] provider.terraform-provider-google_v7.43.0_x5:    "id": "2411",
2026-09-03T00:52:35.347+0100 [DEBUG] provider.terraform-provider-google_v7.43.0_x5:    "creationTimestamp": "1969-12-31T16:00:00.000-08:00",
2026-09-03T00:52:35.347+0100 [DEBUG] provider.terraform-provider-google_v7.43.0_x5:    "name": "asia-northeast3-c",
2026-09-03T00:52:35.347+0100 [DEBUG] provider.terraform-provider-google_v7.43.0_x5:    "description": "asia-northeast3-c",
2026-09-03T00:52:35.347+0100 [DEBUG] provider.terraform-provider-google_v7.43.0_x5:    "status": "UP",
2026-09-03T00:52:35.347+0100 [DEBUG] provider.terraform-provider-google_v7.43.0_x5:    "region": "https://www.googleapis.com/compute/v1/projects/nomad-platform-gcp/regions/asia-northeast3",
2026-09-03T00:52:35.347+0100 [DEBUG] provider.terraform-provider-google_v7.43.0_x5:    "selfLink": "https://www.googleapis.com/compute/v1/projects/nomad-platform-gcp/zones/asia-northeast3-c",
2026-09-03T00:52:35.347+0100 [DEBUG] provider.terraform-provider-google_v7.43.0_x5:    "availableCpuPlatforms": [
2026-09-03T00:52:35.347+0100 [DEBUG] provider.terraform-provider-google_v7.43.0_x5:     "Intel Broadwell",
2026-09-03T00:52:35.347+0100 [DEBUG] provider.terraform-provider-google_v7.43.0_x5:     "Intel Cascade Lake",
2026-09-03T00:52:35.347+0100 [DEBUG] provider.terraform-provider-google_v7.43.0_x5:     "Intel Emerald Rapids",
2026-09-03T00:52:35.347+0100 [DEBUG] provider.terraform-provider-google_v7.43.0_x5:     "Intel Granite Rapids",
2026-09-03T00:52:35.347+0100 [DEBUG] provider.terraform-provider-google_v7.43.0_x5:     "Intel Haswell",
2026-09-03T00:52:35.347+0100 [DEBUG] provider.terraform-provider-google_v7.43.0_x5:     "Intel Ice Lake",
2026-09-03T00:52:35.347+0100 [DEBUG] provider.terraform-provider-google_v7.43.0_x5:     "Intel Ivy Bridge",
2026-09-03T00:52:35.347+0100 [DEBUG] provider.terraform-provider-google_v7.43.0_x5:     "AMD Milan",
2026-09-03T00:52:35.347+0100 [DEBUG] provider.terraform-provider-google_v7.43.0_x5:     "AMD Rome",
2026-09-03T00:52:35.347+0100 [DEBUG] provider.terraform-provider-google_v7.43.0_x5:     "Intel Sandy Bridge",
2026-09-03T00:52:35.347+0100 [DEBUG] provider.terraform-provider-google_v7.43.0_x5:     "Intel Sapphire Rapids",
2026-09-03T00:52:35.347+0100 [DEBUG] provider.terraform-provider-google_v7.43.0_x5:     "Intel Skylake"
2026-09-03T00:52:35.347+0100 [DEBUG] provider.terraform-provider-google_v7.43.0_x5:    ],
2026-09-03T00:52:35.347+0100 [DEBUG] provider.terraform-provider-google_v7.43.0_x5:    "supportsPzs": true
2026-09-03T00:52:35.347+0100 [DEBUG] provider.terraform-provider-google_v7.43.0_x5:   },
2026-09-03T00:52:35.347+0100 [DEBUG] provider.terraform-provider-google_v7.43.0_x5:   {
2026-09-03T00:52:35.347+0100 [DEBUG] provider.terraform-provider-google_v7.43.0_x5:    "kind": "compute#zone",
2026-09-03T00:52:35.347+0100 [DEBUG] provider.terraform-provider-google_v7.43.0_x5:    "id": "2470",
2026-09-03T00:52:35.347+0100 [DEBUG] provider.terraform-provider-google_v7.43.0_x5:    "creationTimestamp": "1969-12-31T16:00:00.000-08:00",
2026-09-03T00:52:35.347+0100 [DEBUG] provider.terraform-provider-google_v7.43.0_x5:    "name": "asia-south2-a",
2026-09-03T00:52:35.347+0100 [DEBUG] provider.terraform-provider-google_v7.43.0_x5:    "description": "asia-south2-a",
2026-09-03T00:52:35.347+0100 [DEBUG] provider.terraform-provider-google_v7.43.0_x5:    "status": "UP",
2026-09-03T00:52:35.347+0100 [DEBUG] provider.terraform-provider-google_v7.43.0_x5:    "region": "https://www.googleapis.com/compute/v1/projects/nomad-platform-gcp/regions/asia-south2",
2026-09-03T00:52:35.347+0100 [DEBUG] provider.terraform-provider-google_v7.43.0_x5:    "selfLink": "https://www.googleapis.com/compute/v1/projects/nomad-platform-gcp/zones/asia-south2-a",
2026-09-03T00:52:35.347+0100 [DEBUG] provider.terraform-provider-google_v7.43.0_x5:    "availableCpuPlatforms": [
2026-09-03T00:52:35.347+0100 [DEBUG] provider.terraform-provider-google_v7.43.0_x5:     "Intel Broadwell",
2026-09-03T00:52:35.347+0100 [DEBUG] provider.terraform-provider-google_v7.43.0_x5:     "Intel Cascade Lake",
2026-09-03T00:52:35.347+0100 [DEBUG] provider.terraform-provider-google_v7.43.0_x5:     "Intel Emerald Rapids",
2026-09-03T00:52:35.347+0100 [DEBUG] provider.terraform-provider-google_v7.43.0_x5:     "Intel Granite Rapids",
2026-09-03T00:52:35.347+0100 [DEBUG] provider.terraform-provider-google_v7.43.0_x5:     "Intel Haswell",
2026-09-03T00:52:35.347+0100 [DEBUG] provider.terraform-provider-google_v7.43.0_x5:     "Intel Ice Lake",
2026-09-03T00:52:35.347+0100 [DEBUG] provider.terraform-provider-google_v7.43.0_x5:     "Intel Ivy Bridge",
2026-09-03T00:52:35.347+0100 [DEBUG] provider.terraform-provider-google_v7.43.0_x5:     "AMD Milan",
2026-09-03T00:52:35.347+0100 [DEBUG] provider.terraform-provider-google_v7.43.0_x5:     "AMD Rome",
2026-09-03T00:52:35.347+0100 [DEBUG] provider.terraform-provider-google_v7.43.0_x5:     "Intel Sandy Bridge",
2026-09-03T00:52:35.347+0100 [DEBUG] provider.terraform-provider-google_v7.43.0_x5:     "Intel Sapphire Rapids",
2026-09-03T00:52:35.347+0100 [DEBUG] provider.terraform-provider-google_v7.43.0_x5:     "Intel Skylake",
2026-09-03T00:52:35.347+0100 [DEBUG] provider.terraform-provider-google_v7.43.0_x5:     "AMD Turin"
2026-09-03T00:52:35.347+0100 [DEBUG] provider.terraform-provider-google_v7.43.0_x5:    ],
2026-09-03T00:52:35.347+0100 [DEBUG] provider.terraform-provider-google_v7.43.0_x5:    "supportsPzs": false
2026-09-03T00:52:35.347+0100 [DEBUG] provider.terraform-provider-google_v7.43.0_x5:   },
2026-09-03T00:52:35.347+0100 [DEBUG] provider.terraform-provider-google_v7.43.0_x5:   {
2026-09-03T00:52:35.347+0100 [DEBUG] provider.terraform-provider-google_v7.43.0_x5:    "kind": "compute#zone",
2026-09-03T00:52:35.347+0100 [DEBUG] provider.terraform-provider-google_v7.43.0_x5:    "id": "2472",
2026-09-03T00:52:35.347+0100 [DEBUG] provider.terraform-provider-google_v7.43.0_x5:    "creationTimestamp": "1969-12-31T16:00:00.000-08:00",
2026-09-03T00:52:35.347+0100 [DEBUG] provider.terraform-provider-google_v7.43.0_x5:    "name": "asia-south2-b",
2026-09-03T00:52:35.347+0100 [DEBUG] provider.terraform-provider-google_v7.43.0_x5:    "description": "asia-south2-b",
2026-09-03T00:52:35.347+0100 [DEBUG] provider.terraform-provider-google_v7.43.0_x5:    "status": "UP",
2026-09-03T00:52:35.347+0100 [DEBUG] provider.terraform-provider-google_v7.43.0_x5:    "region": "https://www.googleapis.com/compute/v1/projects/nomad-platform-gcp/regions/asia-south2",
2026-09-03T00:52:35.347+0100 [DEBUG] provider.terraform-provider-google_v7.43.0_x5:    "selfLink": "https://www.googleapis.com/compute/v1/projects/nomad-platform-gcp/zones/asia-south2-b",
2026-09-03T00:52:35.347+0100 [DEBUG] provider.terraform-provider-google_v7.43.0_x5:    "availableCpuPlatforms": [
2026-09-03T00:52:35.347+0100 [DEBUG] provider.terraform-provider-google_v7.43.0_x5:     "Intel Broadwell",
2026-09-03T00:52:35.347+0100 [DEBUG] provider.terraform-provider-google_v7.43.0_x5:     "Intel Cascade Lake",
2026-09-03T00:52:35.347+0100 [DEBUG] provider.terraform-provider-google_v7.43.0_x5:     "Intel Emerald Rapids",
2026-09-03T00:52:35.347+0100 [DEBUG] provider.terraform-provider-google_v7.43.0_x5:     "Intel Granite Rapids",
2026-09-03T00:52:35.347+0100 [DEBUG] provider.terraform-provider-google_v7.43.0_x5:     "Intel Haswell",
2026-09-03T00:52:35.347+0100 [DEBUG] provider.terraform-provider-google_v7.43.0_x5:     "Intel Ice Lake",
2026-09-03T00:52:35.347+0100 [DEBUG] provider.terraform-provider-google_v7.43.0_x5:     "Intel Ivy Bridge",
2026-09-03T00:52:35.347+0100 [DEBUG] provider.terraform-provider-google_v7.43.0_x5:     "AMD Milan",
2026-09-03T00:52:35.347+0100 [DEBUG] provider.terraform-provider-google_v7.43.0_x5:     "AMD Rome",
2026-09-03T00:52:35.347+0100 [DEBUG] provider.terraform-provider-google_v7.43.0_x5:     "Intel Sandy Bridge",
2026-09-03T00:52:35.347+0100 [DEBUG] provider.terraform-provider-google_v7.43.0_x5:     "Intel Sapphire Rapids",
2026-09-03T00:52:35.347+0100 [DEBUG] provider.terraform-provider-google_v7.43.0_x5:     "Intel Skylake"
2026-09-03T00:52:35.347+0100 [DEBUG] provider.terraform-provider-google_v7.43.0_x5:    ],
2026-09-03T00:52:35.347+0100 [DEBUG] provider.terraform-provider-google_v7.43.0_x5:    "supportsPzs": false
2026-09-03T00:52:35.347+0100 [DEBUG] provider.terraform-provider-google_v7.43.0_x5:   },
2026-09-03T00:52:35.347+0100 [DEBUG] provider.terraform-provider-google_v7.43.0_x5:   {
2026-09-03T00:52:35.347+0100 [DEBUG] provider.terraform-provider-google_v7.43.0_x5:    "kind": "compute#zone",
2026-09-03T00:52:35.347+0100 [DEBUG] provider.terraform-provider-google_v7.43.0_x5:    "id": "2471",
2026-09-03T00:52:35.347+0100 [DEBUG] provider.terraform-provider-google_v7.43.0_x5:    "creationTimestamp": "1969-12-31T16:00:00.000-08:00",
2026-09-03T00:52:35.347+0100 [DEBUG] provider.terraform-provider-google_v7.43.0_x5:    "name": "asia-south2-c",
2026-09-03T00:52:35.347+0100 [DEBUG] provider.terraform-provider-google_v7.43.0_x5:    "description": "asia-south2-c",
2026-09-03T00:52:35.347+0100 [DEBUG] provider.terraform-provider-google_v7.43.0_x5:    "status": "UP",
2026-09-03T00:52:35.347+0100 [DEBUG] provider.terraform-provider-google_v7.43.0_x5:    "region": "https://www.googleapis.com/compute/v1/projects/nomad-platform-gcp/regions/asia-south2",
2026-09-03T00:52:35.347+0100 [DEBUG] provider.terraform-provider-google_v7.43.0_x5:    "selfLink": "https://www.googleapis.com/compute/v1/projects/nomad-platform-gcp/zones/asia-south2-c",
2026-09-03T00:52:35.347+0100 [DEBUG] provider.terraform-provider-google_v7.43.0_x5:    "availableCpuPlatforms": [
2026-09-03T00:52:35.347+0100 [DEBUG] provider.terraform-provider-google_v7.43.0_x5:     "Intel Broadwell",
2026-09-03T00:52:35.347+0100 [DEBUG] provider.terraform-provider-google_v7.43.0_x5:     "Intel Cascade Lake",
2026-09-03T00:52:35.347+0100 [DEBUG] provider.terraform-provider-google_v7.43.0_x5:     "Intel Emerald Rapids",
2026-09-03T00:52:35.347+0100 [DEBUG] provider.terraform-provider-google_v7.43.0_x5:     "Intel Granite Rapids",
2026-09-03T00:52:35.347+0100 [DEBUG] provider.terraform-provider-google_v7.43.0_x5:     "Intel Haswell",
2026-09-03T00:52:35.347+0100 [DEBUG] provider.terraform-provider-google_v7.43.0_x5:     "Intel Ice Lake",
2026-09-03T00:52:35.347+0100 [DEBUG] provider.terraform-provider-google_v7.43.0_x5:     "Intel Ivy Bridge",
2026-09-03T00:52:35.347+0100 [DEBUG] provider.terraform-provider-google_v7.43.0_x5:     "AMD Milan",
2026-09-03T00:52:35.347+0100 [DEBUG] provider.terraform-provider-google_v7.43.0_x5:     "AMD Rome",
2026-09-03T00:52:35.347+0100 [DEBUG] provider.terraform-provider-google_v7.43.0_x5:     "Intel Sandy Bridge",
2026-09-03T00:52:35.347+0100 [DEBUG] provider.terraform-provider-google_v7.43.0_x5:     "Intel Sapphire Rapids",
2026-09-03T00:52:35.347+0100 [DEBUG] provider.terraform-provider-google_v7.43.0_x5:     "Intel Skylake",
2026-09-03T00:52:35.347+0100 [DEBUG] provider.terraform-provider-google_v7.43.0_x5:     "AMD Turin"
2026-09-03T00:52:35.347+0100 [DEBUG] provider.terraform-provider-google_v7.43.0_x5:    ],
2026-09-03T00:52:35.347+0100 [DEBUG] provider.terraform-provider-google_v7.43.0_x5:    "supportsPzs": false
2026-09-03T00:52:35.347+0100 [DEBUG] provider.terraform-provider-google_v7.43.0_x5:   },
2026-09-03T00:52:35.347+0100 [DEBUG] provider.terraform-provider-google_v7.43.0_x5:   {
2026-09-03T00:52:35.347+0100 [DEBUG] provider.terraform-provider-google_v7.43.0_x5:    "kind": "compute#zone",
2026-09-03T00:52:35.347+0100 [DEBUG] provider.terraform-provider-google_v7.43.0_x5:    "id": "2440",
2026-09-03T00:52:35.347+0100 [DEBUG] provider.terraform-provider-google_v7.43.0_x5:    "creationTimestamp": "1969-12-31T16:00:00.000-08:00",
2026-09-03T00:52:35.347+0100 [DEBUG] provider.terraform-provider-google_v7.43.0_x5:    "name": "asia-southeast2-a",
2026-09-03T00:52:35.347+0100 [DEBUG] provider.terraform-provider-google_v7.43.0_x5:    "description": "asia-southeast2-a",
2026-09-03T00:52:35.347+0100 [DEBUG] provider.terraform-provider-google_v7.43.0_x5:    "status": "UP",
2026-09-03T00:52:35.347+0100 [DEBUG] provider.terraform-provider-google_v7.43.0_x5:    "region": "https://www.googleapis.com/compute/v1/projects/nomad-platform-gcp/regions/asia-southeast2",
2026-09-03T00:52:35.347+0100 [DEBUG] provider.terraform-provider-google_v7.43.0_x5:    "selfLink": "https://www.googleapis.com/compute/v1/projects/nomad-platform-gcp/zones/asia-southeast2-a",
2026-09-03T00:52:35.347+0100 [DEBUG] provider.terraform-provider-google_v7.43.0_x5:    "availableCpuPlatforms": [
2026-09-03T00:52:35.347+0100 [DEBUG] provider.terraform-provider-google_v7.43.0_x5:     "Intel Broadwell",
2026-09-03T00:52:35.347+0100 [DEBUG] provider.terraform-provider-google_v7.43.0_x5:     "Intel Cascade Lake",
2026-09-03T00:52:35.347+0100 [DEBUG] provider.terraform-provider-google_v7.43.0_x5:     "Intel Emerald Rapids",
2026-09-03T00:52:35.347+0100 [DEBUG] provider.terraform-provider-google_v7.43.0_x5:     "Intel Granite Rapids",
2026-09-03T00:52:35.347+0100 [DEBUG] provider.terraform-provider-google_v7.43.0_x5:     "Intel Haswell",
2026-09-03T00:52:35.347+0100 [DEBUG] provider.terraform-provider-google_v7.43.0_x5:     "Intel Ice Lake",
2026-09-03T00:52:35.347+0100 [DEBUG] provider.terraform-provider-google_v7.43.0_x5:     "Intel Ivy Bridge",
2026-09-03T00:52:35.347+0100 [DEBUG] provider.terraform-provider-google_v7.43.0_x5:     "Google Axion",
2026-09-03T00:52:35.347+0100 [DEBUG] provider.terraform-provider-google_v7.43.0_x5:     "AMD Milan",
2026-09-03T00:52:35.347+0100 [DEBUG] provider.terraform-provider-google_v7.43.0_x5:     "AMD Rome",
2026-09-03T00:52:35.347+0100 [DEBUG] provider.terraform-provider-google_v7.43.0_x5:     "Intel Sandy Bridge",
2026-09-03T00:52:35.347+0100 [DEBUG] provider.terraform-provider-google_v7.43.0_x5:     "Intel Sapphire Rapids",
2026-09-03T00:52:35.347+0100 [DEBUG] provider.terraform-provider-google_v7.43.0_x5:     "Intel Skylake"
2026-09-03T00:52:35.347+0100 [DEBUG] provider.terraform-provider-google_v7.43.0_x5:    ],
2026-09-03T00:52:35.347+0100 [DEBUG] provider.terraform-provider-google_v7.43.0_x5:    "supportsPzs": true
2026-09-03T00:52:35.347+0100 [DEBUG] provider.terraform-provider-google_v7.43.0_x5:   },
2026-09-03T00:52:35.347+0100 [DEBUG] provider.terraform-provider-google_v7.43.0_x5:   {
2026-09-03T00:52:35.347+0100 [DEBUG] provider.terraform-provider-google_v7.43.0_x5:    "kind": "compute#zone",
2026-09-03T00:52:35.347+0100 [DEBUG] provider.terraform-provider-google_v7.43.0_x5:    "id": "2442",
2026-09-03T00:52:35.347+0100 [DEBUG] provider.terraform-provider-google_v7.43.0_x5:    "creationTimestamp": "1969-12-31T16:00:00.000-08:00",
2026-09-03T00:52:35.347+0100 [DEBUG] provider.terraform-provider-google_v7.43.0_x5:    "name": "asia-southeast2-b",
2026-09-03T00:52:35.347+0100 [DEBUG] provider.terraform-provider-google_v7.43.0_x5:    "description": "asia-southeast2-b",
2026-09-03T00:52:35.347+0100 [DEBUG] provider.terraform-provider-google_v7.43.0_x5:    "status": "UP",
2026-09-03T00:52:35.347+0100 [DEBUG] provider.terraform-provider-google_v7.43.0_x5:    "region": "https://www.googleapis.com/compute/v1/projects/nomad-platform-gcp/regions/asia-southeast2",
2026-09-03T00:52:35.347+0100 [DEBUG] provider.terraform-provider-google_v7.43.0_x5:    "selfLink": "https://www.googleapis.com/compute/v1/projects/nomad-platform-gcp/zones/asia-southeast2-b",
2026-09-03T00:52:35.347+0100 [DEBUG] provider.terraform-provider-google_v7.43.0_x5:    "availableCpuPlatforms": [
2026-09-03T00:52:35.347+0100 [DEBUG] provider.terraform-provider-google_v7.43.0_x5:     "Intel Broadwell",
2026-09-03T00:52:35.347+0100 [DEBUG] provider.terraform-provider-google_v7.43.0_x5:     "Intel Cascade Lake",
2026-09-03T00:52:35.347+0100 [DEBUG] provider.terraform-provider-google_v7.43.0_x5:     "Intel Emerald Rapids",
2026-09-03T00:52:35.347+0100 [DEBUG] provider.terraform-provider-google_v7.43.0_x5:     "Intel Granite Rapids",
2026-09-03T00:52:35.347+0100 [DEBUG] provider.terraform-provider-google_v7.43.0_x5:     "Intel Haswell",
2026-09-03T00:52:35.347+0100 [DEBUG] provider.terraform-provider-google_v7.43.0_x5:     "Intel Ice Lake",
2026-09-03T00:52:35.347+0100 [DEBUG] provider.terraform-provider-google_v7.43.0_x5:     "Intel Ivy Bridge",
2026-09-03T00:52:35.347+0100 [DEBUG] provider.terraform-provider-google_v7.43.0_x5:     "Google Axion",
2026-09-03T00:52:35.347+0100 [DEBUG] provider.terraform-provider-google_v7.43.0_x5:     "AMD Milan",
2026-09-03T00:52:35.347+0100 [DEBUG] provider.terraform-provider-google_v7.43.0_x5:     "AMD Rome",
2026-09-03T00:52:35.347+0100 [DEBUG] provider.terraform-provider-google_v7.43.0_x5:     "Intel Sandy Bridge",
2026-09-03T00:52:35.348+0100 [DEBUG] provider.terraform-provider-google_v7.43.0_x5:     "Intel Skylake",
2026-09-03T00:52:35.348+0100 [DEBUG] provider.terraform-provider-google_v7.43.0_x5:     "AMD Turin"
2026-09-03T00:52:35.348+0100 [DEBUG] provider.terraform-provider-google_v7.43.0_x5:    ],
2026-09-03T00:52:35.348+0100 [DEBUG] provider.terraform-provider-google_v7.43.0_x5:    "supportsPzs": true
2026-09-03T00:52:35.348+0100 [DEBUG] provider.terraform-provider-google_v7.43.0_x5:   },
2026-09-03T00:52:35.348+0100 [DEBUG] provider.terraform-provider-google_v7.43.0_x5:   {
2026-09-03T00:52:35.348+0100 [DEBUG] provider.terraform-provider-google_v7.43.0_x5:    "kind": "compute#zone",
2026-09-03T00:52:35.348+0100 [DEBUG] provider.terraform-provider-google_v7.43.0_x5:    "id": "2441",
2026-09-03T00:52:35.348+0100 [DEBUG] provider.terraform-provider-google_v7.43.0_x5:    "creationTimestamp": "1969-12-31T16:00:00.000-08:00",
2026-09-03T00:52:35.348+0100 [DEBUG] provider.terraform-provider-google_v7.43.0_x5:    "name": "asia-southeast2-c",
2026-09-03T00:52:35.348+0100 [DEBUG] provider.terraform-provider-google_v7.43.0_x5:    "description": "asia-southeast2-c",
2026-09-03T00:52:35.348+0100 [DEBUG] provider.terraform-provider-google_v7.43.0_x5:    "status": "UP",
2026-09-03T00:52:35.348+0100 [DEBUG] provider.terraform-provider-google_v7.43.0_x5:    "region": "https://www.googleapis.com/compute/v1/projects/nomad-platform-gcp/regions/asia-southeast2",
2026-09-03T00:52:35.348+0100 [DEBUG] provider.terraform-provider-google_v7.43.0_x5:    "selfLink": "https://www.googleapis.com/compute/v1/projects/nomad-platform-gcp/zones/asia-southeast2-c",
2026-09-03T00:52:35.348+0100 [DEBUG] provider.terraform-provider-google_v7.43.0_x5:    "availableCpuPlatforms": [
2026-09-03T00:52:35.348+0100 [DEBUG] provider.terraform-provider-google_v7.43.0_x5:     "Intel Broadwell",
2026-09-03T00:52:35.348+0100 [DEBUG] provider.terraform-provider-google_v7.43.0_x5:     "Intel Cascade Lake",
2026-09-03T00:52:35.348+0100 [DEBUG] provider.terraform-provider-google_v7.43.0_x5:     "Intel Emerald Rapids",
2026-09-03T00:52:35.348+0100 [DEBUG] provider.terraform-provider-google_v7.43.0_x5:     "Intel Granite Rapids",
2026-09-03T00:52:35.348+0100 [DEBUG] provider.terraform-provider-google_v7.43.0_x5:     "Intel Haswell",
2026-09-03T00:52:35.348+0100 [DEBUG] provider.terraform-provider-google_v7.43.0_x5:     "Intel Ice Lake",
2026-09-03T00:52:35.348+0100 [DEBUG] provider.terraform-provider-google_v7.43.0_x5:     "Intel Ivy Bridge",
2026-09-03T00:52:35.348+0100 [DEBUG] provider.terraform-provider-google_v7.43.0_x5:     "Google Axion",
2026-09-03T00:52:35.348+0100 [DEBUG] provider.terraform-provider-google_v7.43.0_x5:     "AMD Milan",
2026-09-03T00:52:35.348+0100 [DEBUG] provider.terraform-provider-google_v7.43.0_x5:     "AMD Rome",
2026-09-03T00:52:35.348+0100 [DEBUG] provider.terraform-provider-google_v7.43.0_x5:     "Intel Sandy Bridge",
2026-09-03T00:52:35.348+0100 [DEBUG] provider.terraform-provider-google_v7.43.0_x5:     "Intel Skylake",
2026-09-03T00:52:35.348+0100 [DEBUG] provider.terraform-provider-google_v7.43.0_x5:     "AMD Turin"
2026-09-03T00:52:35.348+0100 [DEBUG] provider.terraform-provider-google_v7.43.0_x5:    ],
2026-09-03T00:52:35.348+0100 [DEBUG] provider.terraform-provider-google_v7.43.0_x5:    "supportsPzs": true
2026-09-03T00:52:35.348+0100 [DEBUG] provider.terraform-provider-google_v7.43.0_x5:   },
2026-09-03T00:52:35.348+0100 [DEBUG] provider.terraform-provider-google_v7.43.0_x5:   {
2026-09-03T00:52:35.348+0100 [DEBUG] provider.terraform-provider-google_v7.43.0_x5:    "kind": "compute#zone",
2026-09-03T00:52:35.348+0100 [DEBUG] provider.terraform-provider-google_v7.43.0_x5:    "id": "2682",
2026-09-03T00:52:35.348+0100 [DEBUG] provider.terraform-provider-google_v7.43.0_x5:    "creationTimestamp": "1969-12-31T16:00:00.000-08:00",
2026-09-03T00:52:35.348+0100 [DEBUG] provider.terraform-provider-google_v7.43.0_x5:    "name": "asia-southeast3-a",
2026-09-03T00:52:35.348+0100 [DEBUG] provider.terraform-provider-google_v7.43.0_x5:    "description": "asia-southeast3-a",
2026-09-03T00:52:35.348+0100 [DEBUG] provider.terraform-provider-google_v7.43.0_x5:    "status": "UP",
2026-09-03T00:52:35.348+0100 [DEBUG] provider.terraform-provider-google_v7.43.0_x5:    "region": "https://www.googleapis.com/compute/v1/projects/nomad-platform-gcp/regions/asia-southeast3",
2026-09-03T00:52:35.348+0100 [DEBUG] provider.terraform-provider-google_v7.43.0_x5:    "selfLink": "https://www.googleapis.com/compute/v1/projects/nomad-platform-gcp/zones/asia-southeast3-a",
2026-09-03T00:52:35.348+0100 [DEBUG] provider.terraform-provider-google_v7.43.0_x5:    "availableCpuPlatforms": [
2026-09-03T00:52:35.348+0100 [DEBUG] provider.terraform-provider-google_v7.43.0_x5:     "Intel Broadwell",
2026-09-03T00:52:35.348+0100 [DEBUG] provider.terraform-provider-google_v7.43.0_x5:     "Intel Cascade Lake",
2026-09-03T00:52:35.348+0100 [DEBUG] provider.terraform-provider-google_v7.43.0_x5:     "Intel Emerald Rapids",
2026-09-03T00:52:35.348+0100 [DEBUG] provider.terraform-provider-google_v7.43.0_x5:     "AMD Genoa",
2026-09-03T00:52:35.348+0100 [DEBUG] provider.terraform-provider-google_v7.43.0_x5:     "Intel Granite Rapids",
2026-09-03T00:52:35.348+0100 [DEBUG] provider.terraform-provider-google_v7.43.0_x5:     "Intel Haswell",
2026-09-03T00:52:35.348+0100 [DEBUG] provider.terraform-provider-google_v7.43.0_x5:     "Intel Ice Lake",
2026-09-03T00:52:35.348+0100 [DEBUG] provider.terraform-provider-google_v7.43.0_x5:     "Intel Ivy Bridge",
2026-09-03T00:52:35.348+0100 [DEBUG] provider.terraform-provider-google_v7.43.0_x5:     "AMD Milan",
2026-09-03T00:52:35.348+0100 [DEBUG] provider.terraform-provider-google_v7.43.0_x5:     "AMD Rome",
2026-09-03T00:52:35.348+0100 [DEBUG] provider.terraform-provider-google_v7.43.0_x5:     "Intel Sapphire Rapids"
2026-09-03T00:52:35.348+0100 [DEBUG] provider.terraform-provider-google_v7.43.0_x5:    ],
2026-09-03T00:52:35.348+0100 [DEBUG] provider.terraform-provider-google_v7.43.0_x5:    "supportsPzs": false
2026-09-03T00:52:35.348+0100 [DEBUG] provider.terraform-provider-google_v7.43.0_x5:   },
2026-09-03T00:52:35.348+0100 [DEBUG] provider.terraform-provider-google_v7.43.0_x5:   {
2026-09-03T00:52:35.348+0100 [DEBUG] provider.terraform-provider-google_v7.43.0_x5:    "kind": "compute#zone",
2026-09-03T00:52:35.348+0100 [DEBUG] provider.terraform-provider-google_v7.43.0_x5:    "id": "2680",
2026-09-03T00:52:35.348+0100 [DEBUG] provider.terraform-provider-google_v7.43.0_x5:    "creationTimestamp": "1969-12-31T16:00:00.000-08:00",
2026-09-03T00:52:35.348+0100 [DEBUG] provider.terraform-provider-google_v7.43.0_x5:    "name": "asia-southeast3-b",
2026-09-03T00:52:35.348+0100 [DEBUG] provider.terraform-provider-google_v7.43.0_x5:    "description": "asia-southeast3-b",
2026-09-03T00:52:35.348+0100 [DEBUG] provider.terraform-provider-google_v7.43.0_x5:    "status": "UP",
2026-09-03T00:52:35.348+0100 [DEBUG] provider.terraform-provider-google_v7.43.0_x5:    "region": "https://www.googleapis.com/compute/v1/projects/nomad-platform-gcp/regions/asia-southeast3",
2026-09-03T00:52:35.348+0100 [DEBUG] provider.terraform-provider-google_v7.43.0_x5:    "selfLink": "https://www.googleapis.com/compute/v1/projects/nomad-platform-gcp/zones/asia-southeast3-b",
2026-09-03T00:52:35.348+0100 [DEBUG] provider.terraform-provider-google_v7.43.0_x5:    "availableCpuPlatforms": [
2026-09-03T00:52:35.348+0100 [DEBUG] provider.terraform-provider-google_v7.43.0_x5:     "Intel Broadwell",
2026-09-03T00:52:35.348+0100 [DEBUG] provider.terraform-provider-google_v7.43.0_x5:     "Intel Cascade Lake",
2026-09-03T00:52:35.348+0100 [DEBUG] provider.terraform-provider-google_v7.43.0_x5:     "Intel Emerald Rapids",
2026-09-03T00:52:35.348+0100 [DEBUG] provider.terraform-provider-google_v7.43.0_x5:     "AMD Genoa",
2026-09-03T00:52:35.348+0100 [DEBUG] provider.terraform-provider-google_v7.43.0_x5:     "Intel Granite Rapids",
2026-09-03T00:52:35.348+0100 [DEBUG] provider.terraform-provider-google_v7.43.0_x5:     "Intel Haswell",
2026-09-03T00:52:35.348+0100 [DEBUG] provider.terraform-provider-google_v7.43.0_x5:     "Intel Ice Lake",
2026-09-03T00:52:35.348+0100 [DEBUG] provider.terraform-provider-google_v7.43.0_x5:     "Intel Ivy Bridge",
2026-09-03T00:52:35.348+0100 [DEBUG] provider.terraform-provider-google_v7.43.0_x5:     "AMD Milan",
2026-09-03T00:52:35.348+0100 [DEBUG] provider.terraform-provider-google_v7.43.0_x5:     "AMD Rome",
2026-09-03T00:52:35.348+0100 [DEBUG] provider.terraform-provider-google_v7.43.0_x5:     "Intel Sapphire Rapids"
2026-09-03T00:52:35.348+0100 [DEBUG] provider.terraform-provider-google_v7.43.0_x5:    ],
2026-09-03T00:52:35.348+0100 [DEBUG] provider.terraform-provider-google_v7.43.0_x5:    "supportsPzs": false
2026-09-03T00:52:35.348+0100 [DEBUG] provider.terraform-provider-google_v7.43.0_x5:   },
2026-09-03T00:52:35.348+0100 [DEBUG] provider.terraform-provider-google_v7.43.0_x5:   {
2026-09-03T00:52:35.348+0100 [DEBUG] provider.terraform-provider-google_v7.43.0_x5:    "kind": "compute#zone",
2026-09-03T00:52:35.348+0100 [DEBUG] provider.terraform-provider-google_v7.43.0_x5:    "id": "2681",
2026-09-03T00:52:35.348+0100 [DEBUG] provider.terraform-provider-google_v7.43.0_x5:    "creationTimestamp": "1969-12-31T16:00:00.000-08:00",
2026-09-03T00:52:35.348+0100 [DEBUG] provider.terraform-provider-google_v7.43.0_x5:    "name": "asia-southeast3-c",
2026-09-03T00:52:35.348+0100 [DEBUG] provider.terraform-provider-google_v7.43.0_x5:    "description": "asia-southeast3-c",
2026-09-03T00:52:35.348+0100 [DEBUG] provider.terraform-provider-google_v7.43.0_x5:    "status": "UP",
2026-09-03T00:52:35.348+0100 [DEBUG] provider.terraform-provider-google_v7.43.0_x5:    "region": "https://www.googleapis.com/compute/v1/projects/nomad-platform-gcp/regions/asia-southeast3",
2026-09-03T00:52:35.348+0100 [DEBUG] provider.terraform-provider-google_v7.43.0_x5:    "selfLink": "https://www.googleapis.com/compute/v1/projects/nomad-platform-gcp/zones/asia-southeast3-c",
2026-09-03T00:52:35.348+0100 [DEBUG] provider.terraform-provider-google_v7.43.0_x5:    "availableCpuPlatforms": [
2026-09-03T00:52:35.348+0100 [DEBUG] provider.terraform-provider-google_v7.43.0_x5:     "Intel Broadwell",
2026-09-03T00:52:35.348+0100 [DEBUG] provider.terraform-provider-google_v7.43.0_x5:     "Intel Cascade Lake",
2026-09-03T00:52:35.348+0100 [DEBUG] provider.terraform-provider-google_v7.43.0_x5:     "Intel Emerald Rapids",
2026-09-03T00:52:35.348+0100 [DEBUG] provider.terraform-provider-google_v7.43.0_x5:     "AMD Genoa",
2026-09-03T00:52:35.348+0100 [DEBUG] provider.terraform-provider-google_v7.43.0_x5:     "Intel Granite Rapids",
2026-09-03T00:52:35.348+0100 [DEBUG] provider.terraform-provider-google_v7.43.0_x5:     "Intel Haswell",
2026-09-03T00:52:35.348+0100 [DEBUG] provider.terraform-provider-google_v7.43.0_x5:     "Intel Ice Lake",
2026-09-03T00:52:35.348+0100 [DEBUG] provider.terraform-provider-google_v7.43.0_x5:     "Intel Ivy Bridge",
2026-09-03T00:52:35.348+0100 [DEBUG] provider.terraform-provider-google_v7.43.0_x5:     "AMD Milan",
2026-09-03T00:52:35.348+0100 [DEBUG] provider.terraform-provider-google_v7.43.0_x5:     "AMD Rome",
2026-09-03T00:52:35.348+0100 [DEBUG] provider.terraform-provider-google_v7.43.0_x5:     "Intel Sapphire Rapids"
2026-09-03T00:52:35.348+0100 [DEBUG] provider.terraform-provider-google_v7.43.0_x5:    ],
2026-09-03T00:52:35.348+0100 [DEBUG] provider.terraform-provider-google_v7.43.0_x5:    "supportsPzs": false
2026-09-03T00:52:35.348+0100 [DEBUG] provider.terraform-provider-google_v7.43.0_x5:   },
2026-09-03T00:52:35.348+0100 [DEBUG] provider.terraform-provider-google_v7.43.0_x5:   {
2026-09-03T00:52:35.348+0100 [DEBUG] provider.terraform-provider-google_v7.43.0_x5:    "kind": "compute#zone",
2026-09-03T00:52:35.348+0100 [DEBUG] provider.terraform-provider-google_v7.43.0_x5:    "id": "2480",
2026-09-03T00:52:35.348+0100 [DEBUG] provider.terraform-provider-google_v7.43.0_x5:    "creationTimestamp": "1969-12-31T16:00:00.000-08:00",
2026-09-03T00:52:35.348+0100 [DEBUG] provider.terraform-provider-google_v7.43.0_x5:    "name": "australia-southeast2-a",
2026-09-03T00:52:35.348+0100 [DEBUG] provider.terraform-provider-google_v7.43.0_x5:    "description": "australia-southeast2-a",
2026-09-03T00:52:35.348+0100 [DEBUG] provider.terraform-provider-google_v7.43.0_x5:    "status": "UP",
2026-09-03T00:52:35.348+0100 [DEBUG] provider.terraform-provider-google_v7.43.0_x5:    "region": "https://www.googleapis.com/compute/v1/projects/nomad-platform-gcp/regions/australia-southeast2",
2026-09-03T00:52:35.348+0100 [DEBUG] provider.terraform-provider-google_v7.43.0_x5:    "selfLink": "https://www.googleapis.com/compute/v1/projects/nomad-platform-gcp/zones/australia-southeast2-a",
2026-09-03T00:52:35.348+0100 [DEBUG] provider.terraform-provider-google_v7.43.0_x5:    "availableCpuPlatforms": [
2026-09-03T00:52:35.348+0100 [DEBUG] provider.terraform-provider-google_v7.43.0_x5:     "Intel Broadwell",
2026-09-03T00:52:35.348+0100 [DEBUG] provider.terraform-provider-google_v7.43.0_x5:     "Intel Cascade Lake",
2026-09-03T00:52:35.348+0100 [DEBUG] provider.terraform-provider-google_v7.43.0_x5:     "Intel Emerald Rapids",
2026-09-03T00:52:35.348+0100 [DEBUG] provider.terraform-provider-google_v7.43.0_x5:     "AMD Genoa",
2026-09-03T00:52:35.348+0100 [DEBUG] provider.terraform-provider-google_v7.43.0_x5:     "Intel Haswell",
2026-09-03T00:52:35.348+0100 [DEBUG] provider.terraform-provider-google_v7.43.0_x5:     "Intel Ice Lake",
2026-09-03T00:52:35.348+0100 [DEBUG] provider.terraform-provider-google_v7.43.0_x5:     "Intel Ivy Bridge",
2026-09-03T00:52:35.348+0100 [DEBUG] provider.terraform-provider-google_v7.43.0_x5:     "Google Axion",
2026-09-03T00:52:35.348+0100 [DEBUG] provider.terraform-provider-google_v7.43.0_x5:     "AMD Milan",
2026-09-03T00:52:35.348+0100 [DEBUG] provider.terraform-provider-google_v7.43.0_x5:     "AMD Rome",
2026-09-03T00:52:35.348+0100 [DEBUG] provider.terraform-provider-google_v7.43.0_x5:     "Intel Sandy Bridge",
2026-09-03T00:52:35.348+0100 [DEBUG] provider.terraform-provider-google_v7.43.0_x5:     "Intel Sapphire Rapids",
2026-09-03T00:52:35.348+0100 [DEBUG] provider.terraform-provider-google_v7.43.0_x5:     "Intel Skylake"
2026-09-03T00:52:35.348+0100 [DEBUG] provider.terraform-provider-google_v7.43.0_x5:    ],
2026-09-03T00:52:35.348+0100 [DEBUG] provider.terraform-provider-google_v7.43.0_x5:    "supportsPzs": true
2026-09-03T00:52:35.348+0100 [DEBUG] provider.terraform-provider-google_v7.43.0_x5:   },
2026-09-03T00:52:35.348+0100 [DEBUG] provider.terraform-provider-google_v7.43.0_x5:   {
2026-09-03T00:52:35.348+0100 [DEBUG] provider.terraform-provider-google_v7.43.0_x5:    "kind": "compute#zone",
2026-09-03T00:52:35.348+0100 [DEBUG] provider.terraform-provider-google_v7.43.0_x5:    "id": "2482",
2026-09-03T00:52:35.348+0100 [DEBUG] provider.terraform-provider-google_v7.43.0_x5:    "creationTimestamp": "1969-12-31T16:00:00.000-08:00",
2026-09-03T00:52:35.348+0100 [DEBUG] provider.terraform-provider-google_v7.43.0_x5:    "name": "australia-southeast2-b",
2026-09-03T00:52:35.348+0100 [DEBUG] provider.terraform-provider-google_v7.43.0_x5:    "description": "australia-southeast2-b",
2026-09-03T00:52:35.348+0100 [DEBUG] provider.terraform-provider-google_v7.43.0_x5:    "status": "UP",
2026-09-03T00:52:35.348+0100 [DEBUG] provider.terraform-provider-google_v7.43.0_x5:    "region": "https://www.googleapis.com/compute/v1/projects/nomad-platform-gcp/regions/australia-southeast2",
2026-09-03T00:52:35.348+0100 [DEBUG] provider.terraform-provider-google_v7.43.0_x5:    "selfLink": "https://www.googleapis.com/compute/v1/projects/nomad-platform-gcp/zones/australia-southeast2-b",
2026-09-03T00:52:35.348+0100 [DEBUG] provider.terraform-provider-google_v7.43.0_x5:    "availableCpuPlatforms": [
2026-09-03T00:52:35.348+0100 [DEBUG] provider.terraform-provider-google_v7.43.0_x5:     "Intel Broadwell",
2026-09-03T00:52:35.348+0100 [DEBUG] provider.terraform-provider-google_v7.43.0_x5:     "Intel Cascade Lake",
2026-09-03T00:52:35.348+0100 [DEBUG] provider.terraform-provider-google_v7.43.0_x5:     "Intel Emerald Rapids",
2026-09-03T00:52:35.348+0100 [DEBUG] provider.terraform-provider-google_v7.43.0_x5:     "Intel Granite Rapids",
2026-09-03T00:52:35.348+0100 [DEBUG] provider.terraform-provider-google_v7.43.0_x5:     "Intel Haswell",
2026-09-03T00:52:35.348+0100 [DEBUG] provider.terraform-provider-google_v7.43.0_x5:     "Intel Ice Lake",
2026-09-03T00:52:35.348+0100 [DEBUG] provider.terraform-provider-google_v7.43.0_x5:     "Intel Ivy Bridge",
2026-09-03T00:52:35.348+0100 [DEBUG] provider.terraform-provider-google_v7.43.0_x5:     "Google Axion",
2026-09-03T00:52:35.348+0100 [DEBUG] provider.terraform-provider-google_v7.43.0_x5:     "AMD Milan",
2026-09-03T00:52:35.348+0100 [DEBUG] provider.terraform-provider-google_v7.43.0_x5:     "AMD Rome",
2026-09-03T00:52:35.348+0100 [DEBUG] provider.terraform-provider-google_v7.43.0_x5:     "Intel Sandy Bridge",
2026-09-03T00:52:35.349+0100 [DEBUG] provider.terraform-provider-google_v7.43.0_x5:     "Intel Sapphire Rapids",
2026-09-03T00:52:35.349+0100 [DEBUG] provider.terraform-provider-google_v7.43.0_x5:     "Intel Skylake",
2026-09-03T00:52:35.349+0100 [DEBUG] provider.terraform-provider-google_v7.43.0_x5:     "AMD Turin"
2026-09-03T00:52:35.349+0100 [DEBUG] provider.terraform-provider-google_v7.43.0_x5:    ],
2026-09-03T00:52:35.349+0100 [DEBUG] provider.terraform-provider-google_v7.43.0_x5:    "supportsPzs": true
2026-09-03T00:52:35.349+0100 [DEBUG] provider.terraform-provider-google_v7.43.0_x5:   },
2026-09-03T00:52:35.349+0100 [DEBUG] provider.terraform-provider-google_v7.43.0_x5:   {
2026-09-03T00:52:35.349+0100 [DEBUG] provider.terraform-provider-google_v7.43.0_x5:    "kind": "compute#zone",
2026-09-03T00:52:35.349+0100 [DEBUG] provider.terraform-provider-google_v7.43.0_x5:    "id": "2481",
2026-09-03T00:52:35.349+0100 [DEBUG] provider.terraform-provider-google_v7.43.0_x5:    "creationTimestamp": "1969-12-31T16:00:00.000-08:00",
2026-09-03T00:52:35.349+0100 [DEBUG] provider.terraform-provider-google_v7.43.0_x5:    "name": "australia-southeast2-c",
2026-09-03T00:52:35.349+0100 [DEBUG] provider.terraform-provider-google_v7.43.0_x5:    "description": "australia-southeast2-c",
2026-09-03T00:52:35.349+0100 [DEBUG] provider.terraform-provider-google_v7.43.0_x5:    "status": "UP",
2026-09-03T00:52:35.349+0100 [DEBUG] provider.terraform-provider-google_v7.43.0_x5:    "region": "https://www.googleapis.com/compute/v1/projects/nomad-platform-gcp/regions/australia-southeast2",
2026-09-03T00:52:35.349+0100 [DEBUG] provider.terraform-provider-google_v7.43.0_x5:    "selfLink": "https://www.googleapis.com/compute/v1/projects/nomad-platform-gcp/zones/australia-southeast2-c",
2026-09-03T00:52:35.349+0100 [DEBUG] provider.terraform-provider-google_v7.43.0_x5:    "availableCpuPlatforms": [
2026-09-03T00:52:35.349+0100 [DEBUG] provider.terraform-provider-google_v7.43.0_x5:     "Intel Broadwell",
2026-09-03T00:52:35.349+0100 [DEBUG] provider.terraform-provider-google_v7.43.0_x5:     "Intel Cascade Lake",
2026-09-03T00:52:35.349+0100 [DEBUG] provider.terraform-provider-google_v7.43.0_x5:     "Intel Emerald Rapids",
2026-09-03T00:52:35.349+0100 [DEBUG] provider.terraform-provider-google_v7.43.0_x5:     "Intel Granite Rapids",
2026-09-03T00:52:35.349+0100 [DEBUG] provider.terraform-provider-google_v7.43.0_x5:     "Intel Haswell",
2026-09-03T00:52:35.349+0100 [DEBUG] provider.terraform-provider-google_v7.43.0_x5:     "Intel Ice Lake",
2026-09-03T00:52:35.349+0100 [DEBUG] provider.terraform-provider-google_v7.43.0_x5:     "Intel Ivy Bridge",
2026-09-03T00:52:35.349+0100 [DEBUG] provider.terraform-provider-google_v7.43.0_x5:     "Google Axion",
2026-09-03T00:52:35.349+0100 [DEBUG] provider.terraform-provider-google_v7.43.0_x5:     "AMD Milan",
2026-09-03T00:52:35.349+0100 [DEBUG] provider.terraform-provider-google_v7.43.0_x5:     "AMD Rome",
2026-09-03T00:52:35.349+0100 [DEBUG] provider.terraform-provider-google_v7.43.0_x5:     "Intel Sandy Bridge",
2026-09-03T00:52:35.349+0100 [DEBUG] provider.terraform-provider-google_v7.43.0_x5:     "Intel Skylake"
2026-09-03T00:52:35.349+0100 [DEBUG] provider.terraform-provider-google_v7.43.0_x5:    ],
2026-09-03T00:52:35.349+0100 [DEBUG] provider.terraform-provider-google_v7.43.0_x5:    "supportsPzs": true
2026-09-03T00:52:35.349+0100 [DEBUG] provider.terraform-provider-google_v7.43.0_x5:   },
2026-09-03T00:52:35.349+0100 [DEBUG] provider.terraform-provider-google_v7.43.0_x5:   {
2026-09-03T00:52:35.349+0100 [DEBUG] provider.terraform-provider-google_v7.43.0_x5:    "kind": "compute#zone",
2026-09-03T00:52:35.349+0100 [DEBUG] provider.terraform-provider-google_v7.43.0_x5:    "id": "2452",
2026-09-03T00:52:35.349+0100 [DEBUG] provider.terraform-provider-google_v7.43.0_x5:    "creationTimestamp": "1969-12-31T16:00:00.000-08:00",
2026-09-03T00:52:35.349+0100 [DEBUG] provider.terraform-provider-google_v7.43.0_x5:    "name": "europe-central2-a",
2026-09-03T00:52:35.349+0100 [DEBUG] provider.terraform-provider-google_v7.43.0_x5:    "description": "europe-central2-a",
2026-09-03T00:52:35.349+0100 [DEBUG] provider.terraform-provider-google_v7.43.0_x5:    "status": "UP",
2026-09-03T00:52:35.349+0100 [DEBUG] provider.terraform-provider-google_v7.43.0_x5:    "region": "https://www.googleapis.com/compute/v1/projects/nomad-platform-gcp/regions/europe-central2",
2026-09-03T00:52:35.349+0100 [DEBUG] provider.terraform-provider-google_v7.43.0_x5:    "selfLink": "https://www.googleapis.com/compute/v1/projects/nomad-platform-gcp/zones/europe-central2-a",
2026-09-03T00:52:35.349+0100 [DEBUG] provider.terraform-provider-google_v7.43.0_x5:    "availableCpuPlatforms": [
2026-09-03T00:52:35.349+0100 [DEBUG] provider.terraform-provider-google_v7.43.0_x5:     "Intel Broadwell",
2026-09-03T00:52:35.349+0100 [DEBUG] provider.terraform-provider-google_v7.43.0_x5:     "Intel Cascade Lake",
2026-09-03T00:52:35.349+0100 [DEBUG] provider.terraform-provider-google_v7.43.0_x5:     "Intel Emerald Rapids",
2026-09-03T00:52:35.349+0100 [DEBUG] provider.terraform-provider-google_v7.43.0_x5:     "Intel Granite Rapids",
2026-09-03T00:52:35.349+0100 [DEBUG] provider.terraform-provider-google_v7.43.0_x5:     "Intel Haswell",
2026-09-03T00:52:35.349+0100 [DEBUG] provider.terraform-provider-google_v7.43.0_x5:     "Intel Ice Lake",
2026-09-03T00:52:35.349+0100 [DEBUG] provider.terraform-provider-google_v7.43.0_x5:     "Intel Ivy Bridge",
2026-09-03T00:52:35.349+0100 [DEBUG] provider.terraform-provider-google_v7.43.0_x5:     "Google Axion",
2026-09-03T00:52:35.349+0100 [DEBUG] provider.terraform-provider-google_v7.43.0_x5:     "AMD Milan",
2026-09-03T00:52:35.349+0100 [DEBUG] provider.terraform-provider-google_v7.43.0_x5:     "AMD Rome",
2026-09-03T00:52:35.349+0100 [DEBUG] provider.terraform-provider-google_v7.43.0_x5:     "Intel Sandy Bridge",
2026-09-03T00:52:35.349+0100 [DEBUG] provider.terraform-provider-google_v7.43.0_x5:     "Intel Skylake"
2026-09-03T00:52:35.349+0100 [DEBUG] provider.terraform-provider-google_v7.43.0_x5:    ],
2026-09-03T00:52:35.349+0100 [DEBUG] provider.terraform-provider-google_v7.43.0_x5:    "supportsPzs": true
2026-09-03T00:52:35.349+0100 [DEBUG] provider.terraform-provider-google_v7.43.0_x5:   },
2026-09-03T00:52:35.349+0100 [DEBUG] provider.terraform-provider-google_v7.43.0_x5:   {
2026-09-03T00:52:35.349+0100 [DEBUG] provider.terraform-provider-google_v7.43.0_x5:    "kind": "compute#zone",
2026-09-03T00:52:35.349+0100 [DEBUG] provider.terraform-provider-google_v7.43.0_x5:    "id": "2450",
2026-09-03T00:52:35.349+0100 [DEBUG] provider.terraform-provider-google_v7.43.0_x5:    "creationTimestamp": "1969-12-31T16:00:00.000-08:00",
2026-09-03T00:52:35.349+0100 [DEBUG] provider.terraform-provider-google_v7.43.0_x5:    "name": "europe-central2-b",
2026-09-03T00:52:35.349+0100 [DEBUG] provider.terraform-provider-google_v7.43.0_x5:    "description": "europe-central2-b",
2026-09-03T00:52:35.349+0100 [DEBUG] provider.terraform-provider-google_v7.43.0_x5:    "status": "UP",
2026-09-03T00:52:35.349+0100 [DEBUG] provider.terraform-provider-google_v7.43.0_x5:    "region": "https://www.googleapis.com/compute/v1/projects/nomad-platform-gcp/regions/europe-central2",
2026-09-03T00:52:35.349+0100 [DEBUG] provider.terraform-provider-google_v7.43.0_x5:    "selfLink": "https://www.googleapis.com/compute/v1/projects/nomad-platform-gcp/zones/europe-central2-b",
2026-09-03T00:52:35.349+0100 [DEBUG] provider.terraform-provider-google_v7.43.0_x5:    "availableCpuPlatforms": [
2026-09-03T00:52:35.349+0100 [DEBUG] provider.terraform-provider-google_v7.43.0_x5:     "Intel Broadwell",
2026-09-03T00:52:35.349+0100 [DEBUG] provider.terraform-provider-google_v7.43.0_x5:     "Intel Cascade Lake",
2026-09-03T00:52:35.349+0100 [DEBUG] provider.terraform-provider-google_v7.43.0_x5:     "Intel Haswell",
2026-09-03T00:52:35.349+0100 [DEBUG] provider.terraform-provider-google_v7.43.0_x5:     "Intel Ice Lake",
2026-09-03T00:52:35.349+0100 [DEBUG] provider.terraform-provider-google_v7.43.0_x5:     "Intel Ivy Bridge",
2026-09-03T00:52:35.349+0100 [DEBUG] provider.terraform-provider-google_v7.43.0_x5:     "AMD Milan",
2026-09-03T00:52:35.349+0100 [DEBUG] provider.terraform-provider-google_v7.43.0_x5:     "AMD Rome",
2026-09-03T00:52:35.349+0100 [DEBUG] provider.terraform-provider-google_v7.43.0_x5:     "Intel Sandy Bridge",
2026-09-03T00:52:35.349+0100 [DEBUG] provider.terraform-provider-google_v7.43.0_x5:     "Intel Skylake"
2026-09-03T00:52:35.349+0100 [DEBUG] provider.terraform-provider-google_v7.43.0_x5:    ],
2026-09-03T00:52:35.349+0100 [DEBUG] provider.terraform-provider-google_v7.43.0_x5:    "supportsPzs": true
2026-09-03T00:52:35.349+0100 [DEBUG] provider.terraform-provider-google_v7.43.0_x5:   },
2026-09-03T00:52:35.349+0100 [DEBUG] provider.terraform-provider-google_v7.43.0_x5:   {
2026-09-03T00:52:35.349+0100 [DEBUG] provider.terraform-provider-google_v7.43.0_x5:    "kind": "compute#zone",
2026-09-03T00:52:35.349+0100 [DEBUG] provider.terraform-provider-google_v7.43.0_x5:    "id": "2451",
2026-09-03T00:52:35.349+0100 [DEBUG] provider.terraform-provider-google_v7.43.0_x5:    "creationTimestamp": "1969-12-31T16:00:00.000-08:00",
2026-09-03T00:52:35.349+0100 [DEBUG] provider.terraform-provider-google_v7.43.0_x5:    "name": "europe-central2-c",
2026-09-03T00:52:35.349+0100 [DEBUG] provider.terraform-provider-google_v7.43.0_x5:    "description": "europe-central2-c",
2026-09-03T00:52:35.349+0100 [DEBUG] provider.terraform-provider-google_v7.43.0_x5:    "status": "UP",
2026-09-03T00:52:35.349+0100 [DEBUG] provider.terraform-provider-google_v7.43.0_x5:    "region": "https://www.googleapis.com/compute/v1/projects/nomad-platform-gcp/regions/europe-central2",
2026-09-03T00:52:35.349+0100 [DEBUG] provider.terraform-provider-google_v7.43.0_x5:    "selfLink": "https://www.googleapis.com/compute/v1/projects/nomad-platform-gcp/zones/europe-central2-c",
2026-09-03T00:52:35.349+0100 [DEBUG] provider.terraform-provider-google_v7.43.0_x5:    "availableCpuPlatforms": [
2026-09-03T00:52:35.349+0100 [DEBUG] provider.terraform-provider-google_v7.43.0_x5:     "Intel Broadwell",
2026-09-03T00:52:35.349+0100 [DEBUG] provider.terraform-provider-google_v7.43.0_x5:     "Intel Cascade Lake",
2026-09-03T00:52:35.349+0100 [DEBUG] provider.terraform-provider-google_v7.43.0_x5:     "Intel Emerald Rapids",
2026-09-03T00:52:35.349+0100 [DEBUG] provider.terraform-provider-google_v7.43.0_x5:     "Intel Haswell",
2026-09-03T00:52:35.349+0100 [DEBUG] provider.terraform-provider-google_v7.43.0_x5:     "Intel Ice Lake",
2026-09-03T00:52:35.352+0100 [DEBUG] provider.terraform-provider-google_v7.43.0_x5:     "Intel Ivy Bridge",
2026-09-03T00:52:35.352+0100 [DEBUG] provider.terraform-provider-google_v7.43.0_x5:     "AMD Milan",
2026-09-03T00:52:35.352+0100 [DEBUG] provider.terraform-provider-google_v7.43.0_x5:     "AMD Rome",
2026-09-03T00:52:35.352+0100 [DEBUG] provider.terraform-provider-google_v7.43.0_x5:     "Intel Sandy Bridge",
2026-09-03T00:52:35.353+0100 [DEBUG] provider.terraform-provider-google_v7.43.0_x5:     "Intel Skylake"
2026-09-03T00:52:35.353+0100 [DEBUG] provider.terraform-provider-google_v7.43.0_x5:    ],
2026-09-03T00:52:35.353+0100 [DEBUG] provider.terraform-provider-google_v7.43.0_x5:    "supportsPzs": true
2026-09-03T00:52:35.353+0100 [DEBUG] provider.terraform-provider-google_v7.43.0_x5:   },
2026-09-03T00:52:35.353+0100 [DEBUG] provider.terraform-provider-google_v7.43.0_x5:   {
2026-09-03T00:52:35.353+0100 [DEBUG] provider.terraform-provider-google_v7.43.0_x5:    "kind": "compute#zone",
2026-09-03T00:52:35.353+0100 [DEBUG] provider.terraform-provider-google_v7.43.0_x5:    "id": "2352",
2026-09-03T00:52:35.353+0100 [DEBUG] provider.terraform-provider-google_v7.43.0_x5:    "creationTimestamp": "1969-12-31T16:00:00.000-08:00",
2026-09-03T00:52:35.354+0100 [DEBUG] provider.terraform-provider-google_v7.43.0_x5:    "name": "europe-north1-a",
2026-09-03T00:52:35.354+0100 [DEBUG] provider.terraform-provider-google_v7.43.0_x5:    "description": "europe-north1-a",
2026-09-03T00:52:35.354+0100 [DEBUG] provider.terraform-provider-google_v7.43.0_x5:    "status": "UP",
2026-09-03T00:52:35.354+0100 [DEBUG] provider.terraform-provider-google_v7.43.0_x5:    "region": "https://www.googleapis.com/compute/v1/projects/nomad-platform-gcp/regions/europe-north1",
2026-09-03T00:52:35.354+0100 [DEBUG] provider.terraform-provider-google_v7.43.0_x5:    "selfLink": "https://www.googleapis.com/compute/v1/projects/nomad-platform-gcp/zones/europe-north1-a",
2026-09-03T00:52:35.354+0100 [DEBUG] provider.terraform-provider-google_v7.43.0_x5:    "availableCpuPlatforms": [
2026-09-03T00:52:35.354+0100 [DEBUG] provider.terraform-provider-google_v7.43.0_x5:     "Intel Broadwell",
2026-09-03T00:52:35.354+0100 [DEBUG] provider.terraform-provider-google_v7.43.0_x5:     "Intel Cascade Lake",
2026-09-03T00:52:35.354+0100 [DEBUG] provider.terraform-provider-google_v7.43.0_x5:     "Intel Emerald Rapids",
2026-09-03T00:52:35.354+0100 [DEBUG] provider.terraform-provider-google_v7.43.0_x5:     "AMD Genoa",
2026-09-03T00:52:35.354+0100 [DEBUG] provider.terraform-provider-google_v7.43.0_x5:     "Intel Haswell",
2026-09-03T00:52:35.355+0100 [DEBUG] provider.terraform-provider-google_v7.43.0_x5:     "Intel Ice Lake",
2026-09-03T00:52:35.355+0100 [DEBUG] provider.terraform-provider-google_v7.43.0_x5:     "Intel Ivy Bridge",
2026-09-03T00:52:35.355+0100 [DEBUG] provider.terraform-provider-google_v7.43.0_x5:     "Google Axion",
2026-09-03T00:52:35.355+0100 [DEBUG] provider.terraform-provider-google_v7.43.0_x5:     "AMD Milan",
2026-09-03T00:52:35.355+0100 [DEBUG] provider.terraform-provider-google_v7.43.0_x5:     "AMD Rome",
2026-09-03T00:52:35.355+0100 [DEBUG] provider.terraform-provider-google_v7.43.0_x5:     "Intel Sandy Bridge",
2026-09-03T00:52:35.355+0100 [DEBUG] provider.terraform-provider-google_v7.43.0_x5:     "Intel Skylake",
2026-09-03T00:52:35.355+0100 [DEBUG] provider.terraform-provider-google_v7.43.0_x5:     "AMD Turin"
2026-09-03T00:52:35.355+0100 [DEBUG] provider.terraform-provider-google_v7.43.0_x5:    ],
2026-09-03T00:52:35.356+0100 [DEBUG] provider.terraform-provider-google_v7.43.0_x5:    "supportsPzs": false
2026-09-03T00:52:35.356+0100 [DEBUG] provider.terraform-provider-google_v7.43.0_x5:   },
2026-09-03T00:52:35.356+0100 [DEBUG] provider.terraform-provider-google_v7.43.0_x5:   {
2026-09-03T00:52:35.356+0100 [DEBUG] provider.terraform-provider-google_v7.43.0_x5:    "kind": "compute#zone",
2026-09-03T00:52:35.356+0100 [DEBUG] provider.terraform-provider-google_v7.43.0_x5:    "id": "2350",
2026-09-03T00:52:35.356+0100 [DEBUG] provider.terraform-provider-google_v7.43.0_x5:    "creationTimestamp": "1969-12-31T16:00:00.000-08:00",
2026-09-03T00:52:35.356+0100 [DEBUG] provider.terraform-provider-google_v7.43.0_x5:    "name": "europe-north1-b",
2026-09-03T00:52:35.356+0100 [DEBUG] provider.terraform-provider-google_v7.43.0_x5:    "description": "europe-north1-b",
2026-09-03T00:52:35.356+0100 [DEBUG] provider.terraform-provider-google_v7.43.0_x5:    "status": "UP",
2026-09-03T00:52:35.356+0100 [DEBUG] provider.terraform-provider-google_v7.43.0_x5:    "region": "https://www.googleapis.com/compute/v1/projects/nomad-platform-gcp/regions/europe-north1",
2026-09-03T00:52:35.356+0100 [DEBUG] provider.terraform-provider-google_v7.43.0_x5:    "selfLink": "https://www.googleapis.com/compute/v1/projects/nomad-platform-gcp/zones/europe-north1-b",
2026-09-03T00:52:35.357+0100 [DEBUG] provider.terraform-provider-google_v7.43.0_x5:    "availableCpuPlatforms": [
2026-09-03T00:52:35.357+0100 [DEBUG] provider.terraform-provider-google_v7.43.0_x5:     "Intel Broadwell",
2026-09-03T00:52:35.357+0100 [DEBUG] provider.terraform-provider-google_v7.43.0_x5:     "Intel Cascade Lake",
2026-09-03T00:52:35.357+0100 [DEBUG] provider.terraform-provider-google_v7.43.0_x5:     "Intel Emerald Rapids",
2026-09-03T00:52:35.357+0100 [DEBUG] provider.terraform-provider-google_v7.43.0_x5:     "Intel Granite Rapids",
2026-09-03T00:52:35.357+0100 [DEBUG] provider.terraform-provider-google_v7.43.0_x5:     "Intel Haswell",
2026-09-03T00:52:35.357+0100 [DEBUG] provider.terraform-provider-google_v7.43.0_x5:     "Intel Ice Lake",
2026-09-03T00:52:35.357+0100 [DEBUG] provider.terraform-provider-google_v7.43.0_x5:     "Intel Ivy Bridge",
2026-09-03T00:52:35.357+0100 [DEBUG] provider.terraform-provider-google_v7.43.0_x5:     "Google Axion",
2026-09-03T00:52:35.358+0100 [DEBUG] provider.terraform-provider-google_v7.43.0_x5:     "AMD Milan",
2026-09-03T00:52:35.358+0100 [DEBUG] provider.terraform-provider-google_v7.43.0_x5:     "AMD Rome",
2026-09-03T00:52:35.358+0100 [DEBUG] provider.terraform-provider-google_v7.43.0_x5:     "Intel Sandy Bridge",
2026-09-03T00:52:35.358+0100 [DEBUG] provider.terraform-provider-google_v7.43.0_x5:     "Intel Sapphire Rapids",
2026-09-03T00:52:35.358+0100 [DEBUG] provider.terraform-provider-google_v7.43.0_x5:     "Intel Skylake",
2026-09-03T00:52:35.358+0100 [DEBUG] provider.terraform-provider-google_v7.43.0_x5:     "AMD Turin"
2026-09-03T00:52:35.358+0100 [DEBUG] provider.terraform-provider-google_v7.43.0_x5:    ],
2026-09-03T00:52:35.358+0100 [DEBUG] provider.terraform-provider-google_v7.43.0_x5:    "supportsPzs": false
2026-09-03T00:52:35.358+0100 [DEBUG] provider.terraform-provider-google_v7.43.0_x5:   },
2026-09-03T00:52:35.359+0100 [DEBUG] provider.terraform-provider-google_v7.43.0_x5:   {
2026-09-03T00:52:35.359+0100 [DEBUG] provider.terraform-provider-google_v7.43.0_x5:    "kind": "compute#zone",
2026-09-03T00:52:35.359+0100 [DEBUG] provider.terraform-provider-google_v7.43.0_x5:    "id": "2351",
2026-09-03T00:52:35.359+0100 [DEBUG] provider.terraform-provider-google_v7.43.0_x5:    "creationTimestamp": "1969-12-31T16:00:00.000-08:00",
2026-09-03T00:52:35.359+0100 [DEBUG] provider.terraform-provider-google_v7.43.0_x5:    "name": "europe-north1-c",
2026-09-03T00:52:35.359+0100 [DEBUG] provider.terraform-provider-google_v7.43.0_x5:    "description": "europe-north1-c",
2026-09-03T00:52:35.359+0100 [DEBUG] provider.terraform-provider-google_v7.43.0_x5:    "status": "UP",
2026-09-03T00:52:35.359+0100 [DEBUG] provider.terraform-provider-google_v7.43.0_x5:    "region": "https://www.googleapis.com/compute/v1/projects/nomad-platform-gcp/regions/europe-north1",
2026-09-03T00:52:35.359+0100 [DEBUG] provider.terraform-provider-google_v7.43.0_x5:    "selfLink": "https://www.googleapis.com/compute/v1/projects/nomad-platform-gcp/zones/europe-north1-c",
2026-09-03T00:52:35.359+0100 [DEBUG] provider.terraform-provider-google_v7.43.0_x5:    "availableCpuPlatforms": [
2026-09-03T00:52:35.360+0100 [DEBUG] provider.terraform-provider-google_v7.43.0_x5:     "Intel Broadwell",
2026-09-03T00:52:35.360+0100 [DEBUG] provider.terraform-provider-google_v7.43.0_x5:     "Intel Cascade Lake",
2026-09-03T00:52:35.360+0100 [DEBUG] provider.terraform-provider-google_v7.43.0_x5:     "Intel Emerald Rapids",
2026-09-03T00:52:35.360+0100 [DEBUG] provider.terraform-provider-google_v7.43.0_x5:     "AMD Genoa",
2026-09-03T00:52:35.360+0100 [DEBUG] provider.terraform-provider-google_v7.43.0_x5:     "Intel Granite Rapids",
2026-09-03T00:52:35.368+0100 [DEBUG] provider.terraform-provider-google_v7.43.0_x5:     "Intel Haswell",
2026-09-03T00:52:35.368+0100 [DEBUG] provider.terraform-provider-google_v7.43.0_x5:     "Intel Ice Lake",
2026-09-03T00:52:35.368+0100 [DEBUG] provider.terraform-provider-google_v7.43.0_x5:     "Intel Ivy Bridge",
2026-09-03T00:52:35.368+0100 [DEBUG] provider.terraform-provider-google_v7.43.0_x5:     "Google Axion",
2026-09-03T00:52:35.368+0100 [DEBUG] provider.terraform-provider-google_v7.43.0_x5:     "AMD Milan",
2026-09-03T00:52:35.368+0100 [DEBUG] provider.terraform-provider-google_v7.43.0_x5:     "AMD Rome",
2026-09-03T00:52:35.368+0100 [DEBUG] provider.terraform-provider-google_v7.43.0_x5:     "Intel Sandy Bridge",
2026-09-03T00:52:35.368+0100 [DEBUG] provider.terraform-provider-google_v7.43.0_x5:     "Intel Sapphire Rapids",
2026-09-03T00:52:35.368+0100 [DEBUG] provider.terraform-provider-google_v7.43.0_x5:     "Intel Skylake",
2026-09-03T00:52:35.368+0100 [DEBUG] provider.terraform-provider-google_v7.43.0_x5:     "AMD Turin"
2026-09-03T00:52:35.368+0100 [DEBUG] provider.terraform-provider-google_v7.43.0_x5:    ],
2026-09-03T00:52:35.368+0100 [DEBUG] provider.terraform-provider-google_v7.43.0_x5:    "supportsPzs": false
2026-09-03T00:52:35.368+0100 [DEBUG] provider.terraform-provider-google_v7.43.0_x5:   },
2026-09-03T00:52:35.368+0100 [DEBUG] provider.terraform-provider-google_v7.43.0_x5:   {
2026-09-03T00:52:35.368+0100 [DEBUG] provider.terraform-provider-google_v7.43.0_x5:    "kind": "compute#zone",
2026-09-03T00:52:35.368+0100 [DEBUG] provider.terraform-provider-google_v7.43.0_x5:    "id": "2651",
2026-09-03T00:52:35.368+0100 [DEBUG] provider.terraform-provider-google_v7.43.0_x5:    "creationTimestamp": "1969-12-31T16:00:00.000-08:00",
2026-09-03T00:52:35.368+0100 [DEBUG] provider.terraform-provider-google_v7.43.0_x5:    "name": "europe-north2-a",
2026-09-03T00:52:35.368+0100 [DEBUG] provider.terraform-provider-google_v7.43.0_x5:    "description": "europe-north2-a",
2026-09-03T00:52:35.368+0100 [DEBUG] provider.terraform-provider-google_v7.43.0_x5:    "status": "UP",
2026-09-03T00:52:35.368+0100 [DEBUG] provider.terraform-provider-google_v7.43.0_x5:    "region": "https://www.googleapis.com/compute/v1/projects/nomad-platform-gcp/regions/europe-north2",
2026-09-03T00:52:35.368+0100 [DEBUG] provider.terraform-provider-google_v7.43.0_x5:    "selfLink": "https://www.googleapis.com/compute/v1/projects/nomad-platform-gcp/zones/europe-north2-a",
2026-09-03T00:52:35.368+0100 [DEBUG] provider.terraform-provider-google_v7.43.0_x5:    "availableCpuPlatforms": [
2026-09-03T00:52:35.368+0100 [DEBUG] provider.terraform-provider-google_v7.43.0_x5:     "Intel Broadwell",
2026-09-03T00:52:35.368+0100 [DEBUG] provider.terraform-provider-google_v7.43.0_x5:     "Intel Cascade Lake",
2026-09-03T00:52:35.368+0100 [DEBUG] provider.terraform-provider-google_v7.43.0_x5:     "Intel Emerald Rapids",
2026-09-03T00:52:35.368+0100 [DEBUG] provider.terraform-provider-google_v7.43.0_x5:     "AMD Genoa",
2026-09-03T00:52:35.368+0100 [DEBUG] provider.terraform-provider-google_v7.43.0_x5:     "Intel Granite Rapids",
2026-09-03T00:52:35.368+0100 [DEBUG] provider.terraform-provider-google_v7.43.0_x5:     "Intel Haswell",
2026-09-03T00:52:35.368+0100 [DEBUG] provider.terraform-provider-google_v7.43.0_x5:     "Intel Ice Lake",
2026-09-03T00:52:35.368+0100 [DEBUG] provider.terraform-provider-google_v7.43.0_x5:     "Intel Ivy Bridge",
2026-09-03T00:52:35.368+0100 [DEBUG] provider.terraform-provider-google_v7.43.0_x5:     "Google Axion",
2026-09-03T00:52:35.368+0100 [DEBUG] provider.terraform-provider-google_v7.43.0_x5:     "AMD Milan",
2026-09-03T00:52:35.368+0100 [DEBUG] provider.terraform-provider-google_v7.43.0_x5:     "AMD Rome",
2026-09-03T00:52:35.368+0100 [DEBUG] provider.terraform-provider-google_v7.43.0_x5:     "Intel Sapphire Rapids"
2026-09-03T00:52:35.368+0100 [DEBUG] provider.terraform-provider-google_v7.43.0_x5:    ],
2026-09-03T00:52:35.368+0100 [DEBUG] provider.terraform-provider-google_v7.43.0_x5:    "supportsPzs": false
2026-09-03T00:52:35.368+0100 [DEBUG] provider.terraform-provider-google_v7.43.0_x5:   },
2026-09-03T00:52:35.368+0100 [DEBUG] provider.terraform-provider-google_v7.43.0_x5:   {
2026-09-03T00:52:35.368+0100 [DEBUG] provider.terraform-provider-google_v7.43.0_x5:    "kind": "compute#zone",
2026-09-03T00:52:35.368+0100 [DEBUG] provider.terraform-provider-google_v7.43.0_x5:    "id": "2652",
2026-09-03T00:52:35.368+0100 [DEBUG] provider.terraform-provider-google_v7.43.0_x5:    "creationTimestamp": "1969-12-31T16:00:00.000-08:00",
2026-09-03T00:52:35.368+0100 [DEBUG] provider.terraform-provider-google_v7.43.0_x5:    "name": "europe-north2-b",
2026-09-03T00:52:35.368+0100 [DEBUG] provider.terraform-provider-google_v7.43.0_x5:    "description": "europe-north2-b",
2026-09-03T00:52:35.368+0100 [DEBUG] provider.terraform-provider-google_v7.43.0_x5:    "status": "UP",
2026-09-03T00:52:35.368+0100 [DEBUG] provider.terraform-provider-google_v7.43.0_x5:    "region": "https://www.googleapis.com/compute/v1/projects/nomad-platform-gcp/regions/europe-north2",
2026-09-03T00:52:35.368+0100 [DEBUG] provider.terraform-provider-google_v7.43.0_x5:    "selfLink": "https://www.googleapis.com/compute/v1/projects/nomad-platform-gcp/zones/europe-north2-b",
2026-09-03T00:52:35.368+0100 [DEBUG] provider.terraform-provider-google_v7.43.0_x5:    "availableCpuPlatforms": [
2026-09-03T00:52:35.368+0100 [DEBUG] provider.terraform-provider-google_v7.43.0_x5:     "Intel Broadwell",
2026-09-03T00:52:35.368+0100 [DEBUG] provider.terraform-provider-google_v7.43.0_x5:     "Intel Cascade Lake",
2026-09-03T00:52:35.368+0100 [DEBUG] provider.terraform-provider-google_v7.43.0_x5:     "Intel Emerald Rapids",
2026-09-03T00:52:35.368+0100 [DEBUG] provider.terraform-provider-google_v7.43.0_x5:     "AMD Genoa",
2026-09-03T00:52:35.368+0100 [DEBUG] provider.terraform-provider-google_v7.43.0_x5:     "Intel Granite Rapids",
2026-09-03T00:52:35.368+0100 [DEBUG] provider.terraform-provider-google_v7.43.0_x5:     "Intel Haswell",
2026-09-03T00:52:35.368+0100 [DEBUG] provider.terraform-provider-google_v7.43.0_x5:     "Intel Ice Lake",
2026-09-03T00:52:35.368+0100 [DEBUG] provider.terraform-provider-google_v7.43.0_x5:     "Intel Ivy Bridge",
2026-09-03T00:52:35.368+0100 [DEBUG] provider.terraform-provider-google_v7.43.0_x5:     "Google Axion",
2026-09-03T00:52:35.368+0100 [DEBUG] provider.terraform-provider-google_v7.43.0_x5:     "AMD Milan",
2026-09-03T00:52:35.368+0100 [DEBUG] provider.terraform-provider-google_v7.43.0_x5:     "AMD Rome",
2026-09-03T00:52:35.368+0100 [DEBUG] provider.terraform-provider-google_v7.43.0_x5:     "Intel Sapphire Rapids"
2026-09-03T00:52:35.368+0100 [DEBUG] provider.terraform-provider-google_v7.43.0_x5:    ],
2026-09-03T00:52:35.368+0100 [DEBUG] provider.terraform-provider-google_v7.43.0_x5:    "supportsPzs": false
2026-09-03T00:52:35.368+0100 [DEBUG] provider.terraform-provider-google_v7.43.0_x5:   },
2026-09-03T00:52:35.368+0100 [DEBUG] provider.terraform-provider-google_v7.43.0_x5:   {
2026-09-03T00:52:35.368+0100 [DEBUG] provider.terraform-provider-google_v7.43.0_x5:    "kind": "compute#zone",
2026-09-03T00:52:35.368+0100 [DEBUG] provider.terraform-provider-google_v7.43.0_x5:    "id": "2650",
2026-09-03T00:52:35.368+0100 [DEBUG] provider.terraform-provider-google_v7.43.0_x5:    "creationTimestamp": "1969-12-31T16:00:00.000-08:00",
2026-09-03T00:52:35.368+0100 [DEBUG] provider.terraform-provider-google_v7.43.0_x5:    "name": "europe-north2-c",
2026-09-03T00:52:35.368+0100 [DEBUG] provider.terraform-provider-google_v7.43.0_x5:    "description": "europe-north2-c",
2026-09-03T00:52:35.368+0100 [DEBUG] provider.terraform-provider-google_v7.43.0_x5:    "status": "UP",
2026-09-03T00:52:35.368+0100 [DEBUG] provider.terraform-provider-google_v7.43.0_x5:    "region": "https://www.googleapis.com/compute/v1/projects/nomad-platform-gcp/regions/europe-north2",
2026-09-03T00:52:35.368+0100 [DEBUG] provider.terraform-provider-google_v7.43.0_x5:    "selfLink": "https://www.googleapis.com/compute/v1/projects/nomad-platform-gcp/zones/europe-north2-c",
2026-09-03T00:52:35.368+0100 [DEBUG] provider.terraform-provider-google_v7.43.0_x5:    "availableCpuPlatforms": [
2026-09-03T00:52:35.368+0100 [DEBUG] provider.terraform-provider-google_v7.43.0_x5:     "Intel Broadwell",
2026-09-03T00:52:35.368+0100 [DEBUG] provider.terraform-provider-google_v7.43.0_x5:     "Intel Cascade Lake",
2026-09-03T00:52:35.368+0100 [DEBUG] provider.terraform-provider-google_v7.43.0_x5:     "Intel Emerald Rapids",
2026-09-03T00:52:35.368+0100 [DEBUG] provider.terraform-provider-google_v7.43.0_x5:     "Intel Haswell",
2026-09-03T00:52:35.368+0100 [DEBUG] provider.terraform-provider-google_v7.43.0_x5:     "Intel Ice Lake",
2026-09-03T00:52:35.368+0100 [DEBUG] provider.terraform-provider-google_v7.43.0_x5:     "Intel Ivy Bridge",
2026-09-03T00:52:35.368+0100 [DEBUG] provider.terraform-provider-google_v7.43.0_x5:     "AMD Milan",
2026-09-03T00:52:35.368+0100 [DEBUG] provider.terraform-provider-google_v7.43.0_x5:     "AMD Rome"
2026-09-03T00:52:35.368+0100 [DEBUG] provider.terraform-provider-google_v7.43.0_x5:    ],
2026-09-03T00:52:35.369+0100 [DEBUG] provider.terraform-provider-google_v7.43.0_x5:    "supportsPzs": false
2026-09-03T00:52:35.369+0100 [DEBUG] provider.terraform-provider-google_v7.43.0_x5:   },
2026-09-03T00:52:35.369+0100 [DEBUG] provider.terraform-provider-google_v7.43.0_x5:   {
2026-09-03T00:52:35.369+0100 [DEBUG] provider.terraform-provider-google_v7.43.0_x5:    "kind": "compute#zone",
2026-09-03T00:52:35.369+0100 [DEBUG] provider.terraform-provider-google_v7.43.0_x5:    "id": "2541",
2026-09-03T00:52:35.369+0100 [DEBUG] provider.terraform-provider-google_v7.43.0_x5:    "creationTimestamp": "1969-12-31T16:00:00.000-08:00",
2026-09-03T00:52:35.369+0100 [DEBUG] provider.terraform-provider-google_v7.43.0_x5:    "name": "europe-southwest1-a",
2026-09-03T00:52:35.369+0100 [DEBUG] provider.terraform-provider-google_v7.43.0_x5:    "description": "europe-southwest1-a",
2026-09-03T00:52:35.369+0100 [DEBUG] provider.terraform-provider-google_v7.43.0_x5:    "status": "UP",
2026-09-03T00:52:35.369+0100 [DEBUG] provider.terraform-provider-google_v7.43.0_x5:    "region": "https://www.googleapis.com/compute/v1/projects/nomad-platform-gcp/regions/europe-southwest1",
2026-09-03T00:52:35.369+0100 [DEBUG] provider.terraform-provider-google_v7.43.0_x5:    "selfLink": "https://www.googleapis.com/compute/v1/projects/nomad-platform-gcp/zones/europe-southwest1-a",
2026-09-03T00:52:35.369+0100 [DEBUG] provider.terraform-provider-google_v7.43.0_x5:    "availableCpuPlatforms": [
2026-09-03T00:52:35.369+0100 [DEBUG] provider.terraform-provider-google_v7.43.0_x5:     "Intel Broadwell",
2026-09-03T00:52:35.369+0100 [DEBUG] provider.terraform-provider-google_v7.43.0_x5:     "Intel Cascade Lake",
2026-09-03T00:52:35.369+0100 [DEBUG] provider.terraform-provider-google_v7.43.0_x5:     "Intel Emerald Rapids",
2026-09-03T00:52:35.369+0100 [DEBUG] provider.terraform-provider-google_v7.43.0_x5:     "Intel Granite Rapids",
2026-09-03T00:52:35.369+0100 [DEBUG] provider.terraform-provider-google_v7.43.0_x5:     "Intel Haswell",
2026-09-03T00:52:35.369+0100 [DEBUG] provider.terraform-provider-google_v7.43.0_x5:     "Intel Ice Lake",
2026-09-03T00:52:35.369+0100 [DEBUG] provider.terraform-provider-google_v7.43.0_x5:     "Intel Ivy Bridge",
2026-09-03T00:52:35.369+0100 [DEBUG] provider.terraform-provider-google_v7.43.0_x5:     "Google Axion",
2026-09-03T00:52:35.369+0100 [DEBUG] provider.terraform-provider-google_v7.43.0_x5:     "AMD Milan",
2026-09-03T00:52:35.369+0100 [DEBUG] provider.terraform-provider-google_v7.43.0_x5:     "AMD Rome",
2026-09-03T00:52:35.369+0100 [DEBUG] provider.terraform-provider-google_v7.43.0_x5:     "Intel Skylake"
2026-09-03T00:52:35.369+0100 [DEBUG] provider.terraform-provider-google_v7.43.0_x5:    ],
2026-09-03T00:52:35.369+0100 [DEBUG] provider.terraform-provider-google_v7.43.0_x5:    "supportsPzs": true
2026-09-03T00:52:35.369+0100 [DEBUG] provider.terraform-provider-google_v7.43.0_x5:   },
2026-09-03T00:52:35.369+0100 [DEBUG] provider.terraform-provider-google_v7.43.0_x5:   {
2026-09-03T00:52:35.369+0100 [DEBUG] provider.terraform-provider-google_v7.43.0_x5:    "kind": "compute#zone",
2026-09-03T00:52:35.369+0100 [DEBUG] provider.terraform-provider-google_v7.43.0_x5:    "id": "2540",
2026-09-03T00:52:35.369+0100 [DEBUG] provider.terraform-provider-google_v7.43.0_x5:    "creationTimestamp": "1969-12-31T16:00:00.000-08:00",
2026-09-03T00:52:35.369+0100 [DEBUG] provider.terraform-provider-google_v7.43.0_x5:    "name": "europe-southwest1-b",
2026-09-03T00:52:35.369+0100 [DEBUG] provider.terraform-provider-google_v7.43.0_x5:    "description": "europe-southwest1-b",
2026-09-03T00:52:35.369+0100 [DEBUG] provider.terraform-provider-google_v7.43.0_x5:    "status": "UP",
2026-09-03T00:52:35.369+0100 [DEBUG] provider.terraform-provider-google_v7.43.0_x5:    "region": "https://www.googleapis.com/compute/v1/projects/nomad-platform-gcp/regions/europe-southwest1",
2026-09-03T00:52:35.369+0100 [DEBUG] provider.terraform-provider-google_v7.43.0_x5:    "selfLink": "https://www.googleapis.com/compute/v1/projects/nomad-platform-gcp/zones/europe-southwest1-b",
2026-09-03T00:52:35.369+0100 [DEBUG] provider.terraform-provider-google_v7.43.0_x5:    "availableCpuPlatforms": [
2026-09-03T00:52:35.369+0100 [DEBUG] provider.terraform-provider-google_v7.43.0_x5:     "Intel Broadwell",
2026-09-03T00:52:35.369+0100 [DEBUG] provider.terraform-provider-google_v7.43.0_x5:     "Intel Cascade Lake",
2026-09-03T00:52:35.369+0100 [DEBUG] provider.terraform-provider-google_v7.43.0_x5:     "Intel Emerald Rapids",
2026-09-03T00:52:35.369+0100 [DEBUG] provider.terraform-provider-google_v7.43.0_x5:     "Intel Granite Rapids",
2026-09-03T00:52:35.369+0100 [DEBUG] provider.terraform-provider-google_v7.43.0_x5:     "Intel Haswell",
2026-09-03T00:52:35.369+0100 [DEBUG] provider.terraform-provider-google_v7.43.0_x5:     "Intel Ice Lake",
2026-09-03T00:52:35.369+0100 [DEBUG] provider.terraform-provider-google_v7.43.0_x5:     "Intel Ivy Bridge",
2026-09-03T00:52:35.369+0100 [DEBUG] provider.terraform-provider-google_v7.43.0_x5:     "Google Axion",
2026-09-03T00:52:35.369+0100 [DEBUG] provider.terraform-provider-google_v7.43.0_x5:     "AMD Milan",
2026-09-03T00:52:35.369+0100 [DEBUG] provider.terraform-provider-google_v7.43.0_x5:     "AMD Rome",
2026-09-03T00:52:35.369+0100 [DEBUG] provider.terraform-provider-google_v7.43.0_x5:     "Intel Sapphire Rapids",
2026-09-03T00:52:35.369+0100 [DEBUG] provider.terraform-provider-google_v7.43.0_x5:     "Intel Skylake",
2026-09-03T00:52:35.369+0100 [DEBUG] provider.terraform-provider-google_v7.43.0_x5:     "AMD Turin"
2026-09-03T00:52:35.369+0100 [DEBUG] provider.terraform-provider-google_v7.43.0_x5:    ],
2026-09-03T00:52:35.369+0100 [DEBUG] provider.terraform-provider-google_v7.43.0_x5:    "supportsPzs": true
2026-09-03T00:52:35.369+0100 [DEBUG] provider.terraform-provider-google_v7.43.0_x5:   },
2026-09-03T00:52:35.369+0100 [DEBUG] provider.terraform-provider-google_v7.43.0_x5:   {
2026-09-03T00:52:35.369+0100 [DEBUG] provider.terraform-provider-google_v7.43.0_x5:    "kind": "compute#zone",
2026-09-03T00:52:35.369+0100 [DEBUG] provider.terraform-provider-google_v7.43.0_x5:    "id": "2542",
2026-09-03T00:52:35.369+0100 [DEBUG] provider.terraform-provider-google_v7.43.0_x5:    "creationTimestamp": "1969-12-31T16:00:00.000-08:00",
2026-09-03T00:52:35.369+0100 [DEBUG] provider.terraform-provider-google_v7.43.0_x5:    "name": "europe-southwest1-c",
2026-09-03T00:52:35.369+0100 [DEBUG] provider.terraform-provider-google_v7.43.0_x5:    "description": "europe-southwest1-c",
2026-09-03T00:52:35.369+0100 [DEBUG] provider.terraform-provider-google_v7.43.0_x5:    "status": "UP",
2026-09-03T00:52:35.369+0100 [DEBUG] provider.terraform-provider-google_v7.43.0_x5:    "region": "https://www.googleapis.com/compute/v1/projects/nomad-platform-gcp/regions/europe-southwest1",
2026-09-03T00:52:35.369+0100 [DEBUG] provider.terraform-provider-google_v7.43.0_x5:    "selfLink": "https://www.googleapis.com/compute/v1/projects/nomad-platform-gcp/zones/europe-southwest1-c",
2026-09-03T00:52:35.369+0100 [DEBUG] provider.terraform-provider-google_v7.43.0_x5:    "availableCpuPlatforms": [
2026-09-03T00:52:35.369+0100 [DEBUG] provider.terraform-provider-google_v7.43.0_x5:     "Intel Broadwell",
2026-09-03T00:52:35.369+0100 [DEBUG] provider.terraform-provider-google_v7.43.0_x5:     "Intel Cascade Lake",
2026-09-03T00:52:35.369+0100 [DEBUG] provider.terraform-provider-google_v7.43.0_x5:     "Intel Emerald Rapids",
2026-09-03T00:52:35.369+0100 [DEBUG] provider.terraform-provider-google_v7.43.0_x5:     "Intel Granite Rapids",
2026-09-03T00:52:35.369+0100 [DEBUG] provider.terraform-provider-google_v7.43.0_x5:     "Intel Haswell",
2026-09-03T00:52:35.369+0100 [DEBUG] provider.terraform-provider-google_v7.43.0_x5:     "Intel Ice Lake",
2026-09-03T00:52:35.369+0100 [DEBUG] provider.terraform-provider-google_v7.43.0_x5:     "Intel Ivy Bridge",
2026-09-03T00:52:35.369+0100 [DEBUG] provider.terraform-provider-google_v7.43.0_x5:     "Google Axion",
2026-09-03T00:52:35.369+0100 [DEBUG] provider.terraform-provider-google_v7.43.0_x5:     "AMD Milan",
2026-09-03T00:52:35.369+0100 [DEBUG] provider.terraform-provider-google_v7.43.0_x5:     "AMD Rome",
2026-09-03T00:52:35.369+0100 [DEBUG] provider.terraform-provider-google_v7.43.0_x5:     "Intel Skylake"
2026-09-03T00:52:35.369+0100 [DEBUG] provider.terraform-provider-google_v7.43.0_x5:    ],
2026-09-03T00:52:35.369+0100 [DEBUG] provider.terraform-provider-google_v7.43.0_x5:    "supportsPzs": true
2026-09-03T00:52:35.369+0100 [DEBUG] provider.terraform-provider-google_v7.43.0_x5:   },
2026-09-03T00:52:35.369+0100 [DEBUG] provider.terraform-provider-google_v7.43.0_x5:   {
2026-09-03T00:52:35.369+0100 [DEBUG] provider.terraform-provider-google_v7.43.0_x5:    "kind": "compute#zone",
2026-09-03T00:52:35.369+0100 [DEBUG] provider.terraform-provider-google_v7.43.0_x5:    "id": "2591",
2026-09-03T00:52:35.369+0100 [DEBUG] provider.terraform-provider-google_v7.43.0_x5:    "creationTimestamp": "1969-12-31T16:00:00.000-08:00",
2026-09-03T00:52:35.369+0100 [DEBUG] provider.terraform-provider-google_v7.43.0_x5:    "name": "europe-west10-a",
2026-09-03T00:52:35.369+0100 [DEBUG] provider.terraform-provider-google_v7.43.0_x5:    "description": "europe-west10-a",
2026-09-03T00:52:35.369+0100 [DEBUG] provider.terraform-provider-google_v7.43.0_x5:    "status": "UP",
2026-09-03T00:52:35.369+0100 [DEBUG] provider.terraform-provider-google_v7.43.0_x5:    "region": "https://www.googleapis.com/compute/v1/projects/nomad-platform-gcp/regions/europe-west10",
2026-09-03T00:52:35.369+0100 [DEBUG] provider.terraform-provider-google_v7.43.0_x5:    "selfLink": "https://www.googleapis.com/compute/v1/projects/nomad-platform-gcp/zones/europe-west10-a",
2026-09-03T00:52:35.369+0100 [DEBUG] provider.terraform-provider-google_v7.43.0_x5:    "availableCpuPlatforms": [
2026-09-03T00:52:35.369+0100 [DEBUG] provider.terraform-provider-google_v7.43.0_x5:     "Intel Broadwell",
2026-09-03T00:52:35.369+0100 [DEBUG] provider.terraform-provider-google_v7.43.0_x5:     "Intel Cascade Lake",
2026-09-03T00:52:35.369+0100 [DEBUG] provider.terraform-provider-google_v7.43.0_x5:     "Intel Emerald Rapids",
2026-09-03T00:52:35.369+0100 [DEBUG] provider.terraform-provider-google_v7.43.0_x5:     "Intel Haswell",
2026-09-03T00:52:35.369+0100 [DEBUG] provider.terraform-provider-google_v7.43.0_x5:     "Intel Ice Lake",
2026-09-03T00:52:35.369+0100 [DEBUG] provider.terraform-provider-google_v7.43.0_x5:     "Intel Ivy Bridge",
2026-09-03T00:52:35.369+0100 [DEBUG] provider.terraform-provider-google_v7.43.0_x5:     "AMD Milan",
2026-09-03T00:52:35.369+0100 [DEBUG] provider.terraform-provider-google_v7.43.0_x5:     "AMD Rome",
2026-09-03T00:52:35.369+0100 [DEBUG] provider.terraform-provider-google_v7.43.0_x5:     "Intel Sapphire Rapids",
2026-09-03T00:52:35.369+0100 [DEBUG] provider.terraform-provider-google_v7.43.0_x5:     "Intel Skylake",
2026-09-03T00:52:35.369+0100 [DEBUG] provider.terraform-provider-google_v7.43.0_x5:     "AMD Turin"
2026-09-03T00:52:35.369+0100 [DEBUG] provider.terraform-provider-google_v7.43.0_x5:    ],
2026-09-03T00:52:35.369+0100 [DEBUG] provider.terraform-provider-google_v7.43.0_x5:    "supportsPzs": true
2026-09-03T00:52:35.369+0100 [DEBUG] provider.terraform-provider-google_v7.43.0_x5:   },
2026-09-03T00:52:35.369+0100 [DEBUG] provider.terraform-provider-google_v7.43.0_x5:   {
2026-09-03T00:52:35.369+0100 [DEBUG] provider.terraform-provider-google_v7.43.0_x5:    "kind": "compute#zone",
2026-09-03T00:52:35.369+0100 [DEBUG] provider.terraform-provider-google_v7.43.0_x5:    "id": "2592",
2026-09-03T00:52:35.369+0100 [DEBUG] provider.terraform-provider-google_v7.43.0_x5:    "creationTimestamp": "1969-12-31T16:00:00.000-08:00",
2026-09-03T00:52:35.369+0100 [DEBUG] provider.terraform-provider-google_v7.43.0_x5:    "name": "europe-west10-b",
2026-09-03T00:52:35.369+0100 [DEBUG] provider.terraform-provider-google_v7.43.0_x5:    "description": "europe-west10-b",
2026-09-03T00:52:35.369+0100 [DEBUG] provider.terraform-provider-google_v7.43.0_x5:    "status": "UP",
2026-09-03T00:52:35.369+0100 [DEBUG] provider.terraform-provider-google_v7.43.0_x5:    "region": "https://www.googleapis.com/compute/v1/projects/nomad-platform-gcp/regions/europe-west10",
2026-09-03T00:52:35.369+0100 [DEBUG] provider.terraform-provider-google_v7.43.0_x5:    "selfLink": "https://www.googleapis.com/compute/v1/projects/nomad-platform-gcp/zones/europe-west10-b",
2026-09-03T00:52:35.370+0100 [DEBUG] provider.terraform-provider-google_v7.43.0_x5:    "availableCpuPlatforms": [
2026-09-03T00:52:35.370+0100 [DEBUG] provider.terraform-provider-google_v7.43.0_x5:     "Intel Broadwell",
2026-09-03T00:52:35.370+0100 [DEBUG] provider.terraform-provider-google_v7.43.0_x5:     "Intel Cascade Lake",
2026-09-03T00:52:35.370+0100 [DEBUG] provider.terraform-provider-google_v7.43.0_x5:     "Intel Haswell",
2026-09-03T00:52:35.370+0100 [DEBUG] provider.terraform-provider-google_v7.43.0_x5:     "Intel Ice Lake",
2026-09-03T00:52:35.370+0100 [DEBUG] provider.terraform-provider-google_v7.43.0_x5:     "Intel Ivy Bridge",
2026-09-03T00:52:35.370+0100 [DEBUG] provider.terraform-provider-google_v7.43.0_x5:     "AMD Milan",
2026-09-03T00:52:35.370+0100 [DEBUG] provider.terraform-provider-google_v7.43.0_x5:     "AMD Rome",
2026-09-03T00:52:35.370+0100 [DEBUG] provider.terraform-provider-google_v7.43.0_x5:     "Intel Sandy Bridge",
2026-09-03T00:52:35.370+0100 [DEBUG] provider.terraform-provider-google_v7.43.0_x5:     "Intel Sapphire Rapids",
2026-09-03T00:52:35.370+0100 [DEBUG] provider.terraform-provider-google_v7.43.0_x5:     "AMD Turin"
2026-09-03T00:52:35.370+0100 [DEBUG] provider.terraform-provider-google_v7.43.0_x5:    ],
2026-09-03T00:52:35.370+0100 [DEBUG] provider.terraform-provider-google_v7.43.0_x5:    "supportsPzs": true
2026-09-03T00:52:35.370+0100 [DEBUG] provider.terraform-provider-google_v7.43.0_x5:   },
2026-09-03T00:52:35.370+0100 [DEBUG] provider.terraform-provider-google_v7.43.0_x5:   {
2026-09-03T00:52:35.370+0100 [DEBUG] provider.terraform-provider-google_v7.43.0_x5:    "kind": "compute#zone",
2026-09-03T00:52:35.370+0100 [DEBUG] provider.terraform-provider-google_v7.43.0_x5:    "id": "2590",
2026-09-03T00:52:35.370+0100 [DEBUG] provider.terraform-provider-google_v7.43.0_x5:    "creationTimestamp": "1969-12-31T16:00:00.000-08:00",
2026-09-03T00:52:35.370+0100 [DEBUG] provider.terraform-provider-google_v7.43.0_x5:    "name": "europe-west10-c",
2026-09-03T00:52:35.370+0100 [DEBUG] provider.terraform-provider-google_v7.43.0_x5:    "description": "europe-west10-c",
2026-09-03T00:52:35.370+0100 [DEBUG] provider.terraform-provider-google_v7.43.0_x5:    "status": "UP",
2026-09-03T00:52:35.370+0100 [DEBUG] provider.terraform-provider-google_v7.43.0_x5:    "region": "https://www.googleapis.com/compute/v1/projects/nomad-platform-gcp/regions/europe-west10",
2026-09-03T00:52:35.370+0100 [DEBUG] provider.terraform-provider-google_v7.43.0_x5:    "selfLink": "https://www.googleapis.com/compute/v1/projects/nomad-platform-gcp/zones/europe-west10-c",
2026-09-03T00:52:35.370+0100 [DEBUG] provider.terraform-provider-google_v7.43.0_x5:    "availableCpuPlatforms": [
2026-09-03T00:52:35.370+0100 [DEBUG] provider.terraform-provider-google_v7.43.0_x5:     "Intel Broadwell",
2026-09-03T00:52:35.370+0100 [DEBUG] provider.terraform-provider-google_v7.43.0_x5:     "Intel Cascade Lake",
2026-09-03T00:52:35.370+0100 [DEBUG] provider.terraform-provider-google_v7.43.0_x5:     "Intel Emerald Rapids",
2026-09-03T00:52:35.370+0100 [DEBUG] provider.terraform-provider-google_v7.43.0_x5:     "Intel Haswell",
2026-09-03T00:52:35.370+0100 [DEBUG] provider.terraform-provider-google_v7.43.0_x5:     "Intel Ice Lake",
2026-09-03T00:52:35.370+0100 [DEBUG] provider.terraform-provider-google_v7.43.0_x5:     "Intel Ivy Bridge",
2026-09-03T00:52:35.370+0100 [DEBUG] provider.terraform-provider-google_v7.43.0_x5:     "AMD Milan",
2026-09-03T00:52:35.370+0100 [DEBUG] provider.terraform-provider-google_v7.43.0_x5:     "AMD Rome",
2026-09-03T00:52:35.370+0100 [DEBUG] provider.terraform-provider-google_v7.43.0_x5:     "Intel Sapphire Rapids",
2026-09-03T00:52:35.370+0100 [DEBUG] provider.terraform-provider-google_v7.43.0_x5:     "Intel Skylake",
2026-09-03T00:52:35.370+0100 [DEBUG] provider.terraform-provider-google_v7.43.0_x5:     "AMD Turin"
2026-09-03T00:52:35.370+0100 [DEBUG] provider.terraform-provider-google_v7.43.0_x5:    ],
2026-09-03T00:52:35.370+0100 [DEBUG] provider.terraform-provider-google_v7.43.0_x5:    "supportsPzs": true
2026-09-03T00:52:35.370+0100 [DEBUG] provider.terraform-provider-google_v7.43.0_x5:   },
2026-09-03T00:52:35.370+0100 [DEBUG] provider.terraform-provider-google_v7.43.0_x5:   {
2026-09-03T00:52:35.370+0100 [DEBUG] provider.terraform-provider-google_v7.43.0_x5:    "kind": "compute#zone",
2026-09-03T00:52:35.370+0100 [DEBUG] provider.terraform-provider-google_v7.43.0_x5:    "id": "2571",
2026-09-03T00:52:35.370+0100 [DEBUG] provider.terraform-provider-google_v7.43.0_x5:    "creationTimestamp": "1969-12-31T16:00:00.000-08:00",
2026-09-03T00:52:35.370+0100 [DEBUG] provider.terraform-provider-google_v7.43.0_x5:    "name": "europe-west12-a",
2026-09-03T00:52:35.370+0100 [DEBUG] provider.terraform-provider-google_v7.43.0_x5:    "description": "europe-west12-a",
2026-09-03T00:52:35.370+0100 [DEBUG] provider.terraform-provider-google_v7.43.0_x5:    "status": "UP",
2026-09-03T00:52:35.370+0100 [DEBUG] provider.terraform-provider-google_v7.43.0_x5:    "region": "https://www.googleapis.com/compute/v1/projects/nomad-platform-gcp/regions/europe-west12",
2026-09-03T00:52:35.370+0100 [DEBUG] provider.terraform-provider-google_v7.43.0_x5:    "selfLink": "https://www.googleapis.com/compute/v1/projects/nomad-platform-gcp/zones/europe-west12-a",
2026-09-03T00:52:35.370+0100 [DEBUG] provider.terraform-provider-google_v7.43.0_x5:    "availableCpuPlatforms": [
2026-09-03T00:52:35.370+0100 [DEBUG] provider.terraform-provider-google_v7.43.0_x5:     "Intel Broadwell",
2026-09-03T00:52:35.370+0100 [DEBUG] provider.terraform-provider-google_v7.43.0_x5:     "Intel Cascade Lake",
2026-09-03T00:52:35.370+0100 [DEBUG] provider.terraform-provider-google_v7.43.0_x5:     "Intel Emerald Rapids",
2026-09-03T00:52:35.370+0100 [DEBUG] provider.terraform-provider-google_v7.43.0_x5:     "Intel Haswell",
2026-09-03T00:52:35.370+0100 [DEBUG] provider.terraform-provider-google_v7.43.0_x5:     "Intel Ice Lake",
2026-09-03T00:52:35.370+0100 [DEBUG] provider.terraform-provider-google_v7.43.0_x5:     "Intel Ivy Bridge",
2026-09-03T00:52:35.370+0100 [DEBUG] provider.terraform-provider-google_v7.43.0_x5:     "AMD Milan",
2026-09-03T00:52:35.370+0100 [DEBUG] provider.terraform-provider-google_v7.43.0_x5:     "AMD Rome",
2026-09-03T00:52:35.370+0100 [DEBUG] provider.terraform-provider-google_v7.43.0_x5:     "Intel Skylake"
2026-09-03T00:52:35.370+0100 [DEBUG] provider.terraform-provider-google_v7.43.0_x5:    ],
2026-09-03T00:52:35.370+0100 [DEBUG] provider.terraform-provider-google_v7.43.0_x5:    "supportsPzs": true
2026-09-03T00:52:35.370+0100 [DEBUG] provider.terraform-provider-google_v7.43.0_x5:   },
2026-09-03T00:52:35.370+0100 [DEBUG] provider.terraform-provider-google_v7.43.0_x5:   {
2026-09-03T00:52:35.370+0100 [DEBUG] provider.terraform-provider-google_v7.43.0_x5:    "kind": "compute#zone",
2026-09-03T00:52:35.370+0100 [DEBUG] provider.terraform-provider-google_v7.43.0_x5:    "id": "2572",
2026-09-03T00:52:35.370+0100 [DEBUG] provider.terraform-provider-google_v7.43.0_x5:    "creationTimestamp": "1969-12-31T16:00:00.000-08:00",
2026-09-03T00:52:35.370+0100 [DEBUG] provider.terraform-provider-google_v7.43.0_x5:    "name": "europe-west12-b",
2026-09-03T00:52:35.370+0100 [DEBUG] provider.terraform-provider-google_v7.43.0_x5:    "description": "europe-west12-b",
2026-09-03T00:52:35.370+0100 [DEBUG] provider.terraform-provider-google_v7.43.0_x5:    "status": "UP",
2026-09-03T00:52:35.370+0100 [DEBUG] provider.terraform-provider-google_v7.43.0_x5:    "region": "https://www.googleapis.com/compute/v1/projects/nomad-platform-gcp/regions/europe-west12",
2026-09-03T00:52:35.370+0100 [DEBUG] provider.terraform-provider-google_v7.43.0_x5:    "selfLink": "https://www.googleapis.com/compute/v1/projects/nomad-platform-gcp/zones/europe-west12-b",
2026-09-03T00:52:35.370+0100 [DEBUG] provider.terraform-provider-google_v7.43.0_x5:    "availableCpuPlatforms": [
2026-09-03T00:52:35.370+0100 [DEBUG] provider.terraform-provider-google_v7.43.0_x5:     "Intel Broadwell",
2026-09-03T00:52:35.370+0100 [DEBUG] provider.terraform-provider-google_v7.43.0_x5:     "Intel Cascade Lake",
2026-09-03T00:52:35.370+0100 [DEBUG] provider.terraform-provider-google_v7.43.0_x5:     "Intel Haswell",
2026-09-03T00:52:35.370+0100 [DEBUG] provider.terraform-provider-google_v7.43.0_x5:     "Intel Ice Lake",
2026-09-03T00:52:35.370+0100 [DEBUG] provider.terraform-provider-google_v7.43.0_x5:     "Intel Ivy Bridge",
2026-09-03T00:52:35.370+0100 [DEBUG] provider.terraform-provider-google_v7.43.0_x5:     "AMD Milan",
2026-09-03T00:52:35.370+0100 [DEBUG] provider.terraform-provider-google_v7.43.0_x5:     "AMD Rome",
2026-09-03T00:52:35.370+0100 [DEBUG] provider.terraform-provider-google_v7.43.0_x5:     "Intel Skylake"
2026-09-03T00:52:35.370+0100 [DEBUG] provider.terraform-provider-google_v7.43.0_x5:    ],
2026-09-03T00:52:35.370+0100 [DEBUG] provider.terraform-provider-google_v7.43.0_x5:    "supportsPzs": true
2026-09-03T00:52:35.370+0100 [DEBUG] provider.terraform-provider-google_v7.43.0_x5:   },
2026-09-03T00:52:35.370+0100 [DEBUG] provider.terraform-provider-google_v7.43.0_x5:   {
2026-09-03T00:52:35.370+0100 [DEBUG] provider.terraform-provider-google_v7.43.0_x5:    "kind": "compute#zone",
2026-09-03T00:52:35.370+0100 [DEBUG] provider.terraform-provider-google_v7.43.0_x5:    "id": "2570",
2026-09-03T00:52:35.370+0100 [DEBUG] provider.terraform-provider-google_v7.43.0_x5:    "creationTimestamp": "1969-12-31T16:00:00.000-08:00",
2026-09-03T00:52:35.370+0100 [DEBUG] provider.terraform-provider-google_v7.43.0_x5:    "name": "europe-west12-c",
2026-09-03T00:52:35.370+0100 [DEBUG] provider.terraform-provider-google_v7.43.0_x5:    "description": "europe-west12-c",
2026-09-03T00:52:35.370+0100 [DEBUG] provider.terraform-provider-google_v7.43.0_x5:    "status": "UP",
2026-09-03T00:52:35.370+0100 [DEBUG] provider.terraform-provider-google_v7.43.0_x5:    "region": "https://www.googleapis.com/compute/v1/projects/nomad-platform-gcp/regions/europe-west12",
2026-09-03T00:52:35.370+0100 [DEBUG] provider.terraform-provider-google_v7.43.0_x5:    "selfLink": "https://www.googleapis.com/compute/v1/projects/nomad-platform-gcp/zones/europe-west12-c",
2026-09-03T00:52:35.370+0100 [DEBUG] provider.terraform-provider-google_v7.43.0_x5:    "availableCpuPlatforms": [
2026-09-03T00:52:35.370+0100 [DEBUG] provider.terraform-provider-google_v7.43.0_x5:     "Intel Broadwell",
2026-09-03T00:52:35.370+0100 [DEBUG] provider.terraform-provider-google_v7.43.0_x5:     "Intel Cascade Lake",
2026-09-03T00:52:35.370+0100 [DEBUG] provider.terraform-provider-google_v7.43.0_x5:     "Intel Emerald Rapids",
2026-09-03T00:52:35.370+0100 [DEBUG] provider.terraform-provider-google_v7.43.0_x5:     "Intel Haswell",
2026-09-03T00:52:35.370+0100 [DEBUG] provider.terraform-provider-google_v7.43.0_x5:     "Intel Ice Lake",
2026-09-03T00:52:35.370+0100 [DEBUG] provider.terraform-provider-google_v7.43.0_x5:     "Intel Ivy Bridge",
2026-09-03T00:52:35.370+0100 [DEBUG] provider.terraform-provider-google_v7.43.0_x5:     "AMD Milan",
2026-09-03T00:52:35.370+0100 [DEBUG] provider.terraform-provider-google_v7.43.0_x5:     "AMD Rome",
2026-09-03T00:52:35.370+0100 [DEBUG] provider.terraform-provider-google_v7.43.0_x5:     "Intel Skylake"
2026-09-03T00:52:35.370+0100 [DEBUG] provider.terraform-provider-google_v7.43.0_x5:    ],
2026-09-03T00:52:35.370+0100 [DEBUG] provider.terraform-provider-google_v7.43.0_x5:    "supportsPzs": true
2026-09-03T00:52:35.370+0100 [DEBUG] provider.terraform-provider-google_v7.43.0_x5:   },
2026-09-03T00:52:35.370+0100 [DEBUG] provider.terraform-provider-google_v7.43.0_x5:   {
2026-09-03T00:52:35.370+0100 [DEBUG] provider.terraform-provider-google_v7.43.0_x5:    "kind": "compute#zone",
2026-09-03T00:52:35.370+0100 [DEBUG] provider.terraform-provider-google_v7.43.0_x5:    "id": "2382",
2026-09-03T00:52:35.370+0100 [DEBUG] provider.terraform-provider-google_v7.43.0_x5:    "creationTimestamp": "1969-12-31T16:00:00.000-08:00",
2026-09-03T00:52:35.370+0100 [DEBUG] provider.terraform-provider-google_v7.43.0_x5:    "name": "europe-west6-a",
2026-09-03T00:52:35.370+0100 [DEBUG] provider.terraform-provider-google_v7.43.0_x5:    "description": "europe-west6-a",
2026-09-03T00:52:35.370+0100 [DEBUG] provider.terraform-provider-google_v7.43.0_x5:    "status": "UP",
2026-09-03T00:52:35.370+0100 [DEBUG] provider.terraform-provider-google_v7.43.0_x5:    "region": "https://www.googleapis.com/compute/v1/projects/nomad-platform-gcp/regions/europe-west6",
2026-09-03T00:52:35.370+0100 [DEBUG] provider.terraform-provider-google_v7.43.0_x5:    "selfLink": "https://www.googleapis.com/compute/v1/projects/nomad-platform-gcp/zones/europe-west6-a",
2026-09-03T00:52:35.370+0100 [DEBUG] provider.terraform-provider-google_v7.43.0_x5:    "availableCpuPlatforms": [
2026-09-03T00:52:35.370+0100 [DEBUG] provider.terraform-provider-google_v7.43.0_x5:     "Intel Broadwell",
2026-09-03T00:52:35.370+0100 [DEBUG] provider.terraform-provider-google_v7.43.0_x5:     "Intel Cascade Lake",
2026-09-03T00:52:35.370+0100 [DEBUG] provider.terraform-provider-google_v7.43.0_x5:     "Intel Emerald Rapids",
2026-09-03T00:52:35.370+0100 [DEBUG] provider.terraform-provider-google_v7.43.0_x5:     "Intel Granite Rapids",
2026-09-03T00:52:35.370+0100 [DEBUG] provider.terraform-provider-google_v7.43.0_x5:     "Intel Haswell",
2026-09-03T00:52:35.370+0100 [DEBUG] provider.terraform-provider-google_v7.43.0_x5:     "Intel Ice Lake",
2026-09-03T00:52:35.370+0100 [DEBUG] provider.terraform-provider-google_v7.43.0_x5:     "Intel Ivy Bridge",
2026-09-03T00:52:35.370+0100 [DEBUG] provider.terraform-provider-google_v7.43.0_x5:     "AMD Milan",
2026-09-03T00:52:35.370+0100 [DEBUG] provider.terraform-provider-google_v7.43.0_x5:     "AMD Rome",
2026-09-03T00:52:35.370+0100 [DEBUG] provider.terraform-provider-google_v7.43.0_x5:     "Intel Sandy Bridge",
2026-09-03T00:52:35.370+0100 [DEBUG] provider.terraform-provider-google_v7.43.0_x5:     "Intel Skylake"
2026-09-03T00:52:35.370+0100 [DEBUG] provider.terraform-provider-google_v7.43.0_x5:    ],
2026-09-03T00:52:35.370+0100 [DEBUG] provider.terraform-provider-google_v7.43.0_x5:    "supportsPzs": true
2026-09-03T00:52:35.370+0100 [DEBUG] provider.terraform-provider-google_v7.43.0_x5:   },
2026-09-03T00:52:35.370+0100 [DEBUG] provider.terraform-provider-google_v7.43.0_x5:   {
2026-09-03T00:52:35.370+0100 [DEBUG] provider.terraform-provider-google_v7.43.0_x5:    "kind": "compute#zone",
2026-09-03T00:52:35.370+0100 [DEBUG] provider.terraform-provider-google_v7.43.0_x5:    "id": "2380",
2026-09-03T00:52:35.370+0100 [DEBUG] provider.terraform-provider-google_v7.43.0_x5:    "creationTimestamp": "1969-12-31T16:00:00.000-08:00",
2026-09-03T00:52:35.370+0100 [DEBUG] provider.terraform-provider-google_v7.43.0_x5:    "name": "europe-west6-b",
2026-09-03T00:52:35.370+0100 [DEBUG] provider.terraform-provider-google_v7.43.0_x5:    "description": "europe-west6-b",
2026-09-03T00:52:35.370+0100 [DEBUG] provider.terraform-provider-google_v7.43.0_x5:    "status": "UP",
2026-09-03T00:52:35.370+0100 [DEBUG] provider.terraform-provider-google_v7.43.0_x5:    "region": "https://www.googleapis.com/compute/v1/projects/nomad-platform-gcp/regions/europe-west6",
2026-09-03T00:52:35.370+0100 [DEBUG] provider.terraform-provider-google_v7.43.0_x5:    "selfLink": "https://www.googleapis.com/compute/v1/projects/nomad-platform-gcp/zones/europe-west6-b",
2026-09-03T00:52:35.370+0100 [DEBUG] provider.terraform-provider-google_v7.43.0_x5:    "availableCpuPlatforms": [
2026-09-03T00:52:35.370+0100 [DEBUG] provider.terraform-provider-google_v7.43.0_x5:     "Intel Broadwell",
2026-09-03T00:52:35.370+0100 [DEBUG] provider.terraform-provider-google_v7.43.0_x5:     "Intel Cascade Lake",
2026-09-03T00:52:35.370+0100 [DEBUG] provider.terraform-provider-google_v7.43.0_x5:     "Intel Emerald Rapids",
2026-09-03T00:52:35.370+0100 [DEBUG] provider.terraform-provider-google_v7.43.0_x5:     "Intel Granite Rapids",
2026-09-03T00:52:35.370+0100 [DEBUG] provider.terraform-provider-google_v7.43.0_x5:     "Intel Haswell",
2026-09-03T00:52:35.370+0100 [DEBUG] provider.terraform-provider-google_v7.43.0_x5:     "Intel Ice Lake",
2026-09-03T00:52:35.370+0100 [DEBUG] provider.terraform-provider-google_v7.43.0_x5:     "Intel Ivy Bridge",
2026-09-03T00:52:35.371+0100 [DEBUG] provider.terraform-provider-google_v7.43.0_x5:     "Google Axion",
2026-09-03T00:52:35.371+0100 [DEBUG] provider.terraform-provider-google_v7.43.0_x5:     "AMD Milan",
2026-09-03T00:52:35.371+0100 [DEBUG] provider.terraform-provider-google_v7.43.0_x5:     "AMD Rome",
2026-09-03T00:52:35.371+0100 [DEBUG] provider.terraform-provider-google_v7.43.0_x5:     "Intel Sandy Bridge",
2026-09-03T00:52:35.371+0100 [DEBUG] provider.terraform-provider-google_v7.43.0_x5:     "Intel Sapphire Rapids",
2026-09-03T00:52:35.371+0100 [DEBUG] provider.terraform-provider-google_v7.43.0_x5:     "Intel Skylake"
2026-09-03T00:52:35.371+0100 [DEBUG] provider.terraform-provider-google_v7.43.0_x5:    ],
2026-09-03T00:52:35.371+0100 [DEBUG] provider.terraform-provider-google_v7.43.0_x5:    "supportsPzs": true
2026-09-03T00:52:35.371+0100 [DEBUG] provider.terraform-provider-google_v7.43.0_x5:   },
2026-09-03T00:52:35.371+0100 [DEBUG] provider.terraform-provider-google_v7.43.0_x5:   {
2026-09-03T00:52:35.371+0100 [DEBUG] provider.terraform-provider-google_v7.43.0_x5:    "kind": "compute#zone",
2026-09-03T00:52:35.371+0100 [DEBUG] provider.terraform-provider-google_v7.43.0_x5:    "id": "2381",
2026-09-03T00:52:35.371+0100 [DEBUG] provider.terraform-provider-google_v7.43.0_x5:    "creationTimestamp": "1969-12-31T16:00:00.000-08:00",
2026-09-03T00:52:35.371+0100 [DEBUG] provider.terraform-provider-google_v7.43.0_x5:    "name": "europe-west6-c",
2026-09-03T00:52:35.371+0100 [DEBUG] provider.terraform-provider-google_v7.43.0_x5:    "description": "europe-west6-c",
2026-09-03T00:52:35.371+0100 [DEBUG] provider.terraform-provider-google_v7.43.0_x5:    "status": "UP",
2026-09-03T00:52:35.371+0100 [DEBUG] provider.terraform-provider-google_v7.43.0_x5:    "region": "https://www.googleapis.com/compute/v1/projects/nomad-platform-gcp/regions/europe-west6",
2026-09-03T00:52:35.371+0100 [DEBUG] provider.terraform-provider-google_v7.43.0_x5:    "selfLink": "https://www.googleapis.com/compute/v1/projects/nomad-platform-gcp/zones/europe-west6-c",
2026-09-03T00:52:35.371+0100 [DEBUG] provider.terraform-provider-google_v7.43.0_x5:    "availableCpuPlatforms": [
2026-09-03T00:52:35.371+0100 [DEBUG] provider.terraform-provider-google_v7.43.0_x5:     "Intel Broadwell",
2026-09-03T00:52:35.371+0100 [DEBUG] provider.terraform-provider-google_v7.43.0_x5:     "Intel Cascade Lake",
2026-09-03T00:52:35.371+0100 [DEBUG] provider.terraform-provider-google_v7.43.0_x5:     "Intel Emerald Rapids",
2026-09-03T00:52:35.371+0100 [DEBUG] provider.terraform-provider-google_v7.43.0_x5:     "Intel Granite Rapids",
2026-09-03T00:52:35.371+0100 [DEBUG] provider.terraform-provider-google_v7.43.0_x5:     "Intel Haswell",
2026-09-03T00:52:35.371+0100 [DEBUG] provider.terraform-provider-google_v7.43.0_x5:     "Intel Ice Lake",
2026-09-03T00:52:35.371+0100 [DEBUG] provider.terraform-provider-google_v7.43.0_x5:     "Intel Ivy Bridge",
2026-09-03T00:52:35.371+0100 [DEBUG] provider.terraform-provider-google_v7.43.0_x5:     "AMD Milan",
2026-09-03T00:52:35.371+0100 [DEBUG] provider.terraform-provider-google_v7.43.0_x5:     "AMD Rome",
2026-09-03T00:52:35.371+0100 [DEBUG] provider.terraform-provider-google_v7.43.0_x5:     "Intel Sandy Bridge",
2026-09-03T00:52:35.371+0100 [DEBUG] provider.terraform-provider-google_v7.43.0_x5:     "Intel Skylake"
2026-09-03T00:52:35.371+0100 [DEBUG] provider.terraform-provider-google_v7.43.0_x5:    ],
2026-09-03T00:52:35.371+0100 [DEBUG] provider.terraform-provider-google_v7.43.0_x5:    "supportsPzs": true
2026-09-03T00:52:35.371+0100 [DEBUG] provider.terraform-provider-google_v7.43.0_x5:   },
2026-09-03T00:52:35.371+0100 [DEBUG] provider.terraform-provider-google_v7.43.0_x5:   {
2026-09-03T00:52:35.371+0100 [DEBUG] provider.terraform-provider-google_v7.43.0_x5:    "kind": "compute#zone",
2026-09-03T00:52:35.371+0100 [DEBUG] provider.terraform-provider-google_v7.43.0_x5:    "id": "2510",
2026-09-03T00:52:35.371+0100 [DEBUG] provider.terraform-provider-google_v7.43.0_x5:    "creationTimestamp": "1969-12-31T16:00:00.000-08:00",
2026-09-03T00:52:35.371+0100 [DEBUG] provider.terraform-provider-google_v7.43.0_x5:    "name": "europe-west8-a",
2026-09-03T00:52:35.371+0100 [DEBUG] provider.terraform-provider-google_v7.43.0_x5:    "description": "europe-west8-a",
2026-09-03T00:52:35.371+0100 [DEBUG] provider.terraform-provider-google_v7.43.0_x5:    "status": "UP",
2026-09-03T00:52:35.371+0100 [DEBUG] provider.terraform-provider-google_v7.43.0_x5:    "region": "https://www.googleapis.com/compute/v1/projects/nomad-platform-gcp/regions/europe-west8",
2026-09-03T00:52:35.371+0100 [DEBUG] provider.terraform-provider-google_v7.43.0_x5:    "selfLink": "https://www.googleapis.com/compute/v1/projects/nomad-platform-gcp/zones/europe-west8-a",
2026-09-03T00:52:35.371+0100 [DEBUG] provider.terraform-provider-google_v7.43.0_x5:    "availableCpuPlatforms": [
2026-09-03T00:52:35.371+0100 [DEBUG] provider.terraform-provider-google_v7.43.0_x5:     "Intel Broadwell",
2026-09-03T00:52:35.371+0100 [DEBUG] provider.terraform-provider-google_v7.43.0_x5:     "Intel Cascade Lake",
2026-09-03T00:52:35.371+0100 [DEBUG] provider.terraform-provider-google_v7.43.0_x5:     "Intel Emerald Rapids",
2026-09-03T00:52:35.371+0100 [DEBUG] provider.terraform-provider-google_v7.43.0_x5:     "Intel Haswell",
2026-09-03T00:52:35.371+0100 [DEBUG] provider.terraform-provider-google_v7.43.0_x5:     "Intel Ice Lake",
2026-09-03T00:52:35.371+0100 [DEBUG] provider.terraform-provider-google_v7.43.0_x5:     "Intel Ivy Bridge",
2026-09-03T00:52:35.371+0100 [DEBUG] provider.terraform-provider-google_v7.43.0_x5:     "AMD Milan",
2026-09-03T00:52:35.371+0100 [DEBUG] provider.terraform-provider-google_v7.43.0_x5:     "AMD Rome",
2026-09-03T00:52:35.371+0100 [DEBUG] provider.terraform-provider-google_v7.43.0_x5:     "Intel Skylake"
2026-09-03T00:52:35.371+0100 [DEBUG] provider.terraform-provider-google_v7.43.0_x5:    ],
2026-09-03T00:52:35.371+0100 [DEBUG] provider.terraform-provider-google_v7.43.0_x5:    "supportsPzs": true
2026-09-03T00:52:35.371+0100 [DEBUG] provider.terraform-provider-google_v7.43.0_x5:   },
2026-09-03T00:52:35.371+0100 [DEBUG] provider.terraform-provider-google_v7.43.0_x5:   {
2026-09-03T00:52:35.371+0100 [DEBUG] provider.terraform-provider-google_v7.43.0_x5:    "kind": "compute#zone",
2026-09-03T00:52:35.371+0100 [DEBUG] provider.terraform-provider-google_v7.43.0_x5:    "id": "2511",
2026-09-03T00:52:35.371+0100 [DEBUG] provider.terraform-provider-google_v7.43.0_x5:    "creationTimestamp": "1969-12-31T16:00:00.000-08:00",
2026-09-03T00:52:35.371+0100 [DEBUG] provider.terraform-provider-google_v7.43.0_x5:    "name": "europe-west8-b",
2026-09-03T00:52:35.371+0100 [DEBUG] provider.terraform-provider-google_v7.43.0_x5:    "description": "europe-west8-b",
2026-09-03T00:52:35.371+0100 [DEBUG] provider.terraform-provider-google_v7.43.0_x5:    "status": "UP",
2026-09-03T00:52:35.371+0100 [DEBUG] provider.terraform-provider-google_v7.43.0_x5:    "region": "https://www.googleapis.com/compute/v1/projects/nomad-platform-gcp/regions/europe-west8",
2026-09-03T00:52:35.371+0100 [DEBUG] provider.terraform-provider-google_v7.43.0_x5:    "selfLink": "https://www.googleapis.com/compute/v1/projects/nomad-platform-gcp/zones/europe-west8-b",
2026-09-03T00:52:35.371+0100 [DEBUG] provider.terraform-provider-google_v7.43.0_x5:    "availableCpuPlatforms": [
2026-09-03T00:52:35.371+0100 [DEBUG] provider.terraform-provider-google_v7.43.0_x5:     "Intel Broadwell",
2026-09-03T00:52:35.371+0100 [DEBUG] provider.terraform-provider-google_v7.43.0_x5:     "Intel Cascade Lake",
2026-09-03T00:52:35.371+0100 [DEBUG] provider.terraform-provider-google_v7.43.0_x5:     "Intel Emerald Rapids",
2026-09-03T00:52:35.371+0100 [DEBUG] provider.terraform-provider-google_v7.43.0_x5:     "Intel Granite Rapids",
2026-09-03T00:52:35.371+0100 [DEBUG] provider.terraform-provider-google_v7.43.0_x5:     "Intel Haswell",
2026-09-03T00:52:35.371+0100 [DEBUG] provider.terraform-provider-google_v7.43.0_x5:     "Intel Ice Lake",
2026-09-03T00:52:35.371+0100 [DEBUG] provider.terraform-provider-google_v7.43.0_x5:     "Intel Ivy Bridge",
2026-09-03T00:52:35.371+0100 [DEBUG] provider.terraform-provider-google_v7.43.0_x5:     "AMD Milan",
2026-09-03T00:52:35.371+0100 [DEBUG] provider.terraform-provider-google_v7.43.0_x5:     "AMD Rome",
2026-09-03T00:52:35.371+0100 [DEBUG] provider.terraform-provider-google_v7.43.0_x5:     "Intel Sapphire Rapids",
2026-09-03T00:52:35.371+0100 [DEBUG] provider.terraform-provider-google_v7.43.0_x5:     "Intel Skylake",
2026-09-03T00:52:35.371+0100 [DEBUG] provider.terraform-provider-google_v7.43.0_x5:     "AMD Turin"
2026-09-03T00:52:35.371+0100 [DEBUG] provider.terraform-provider-google_v7.43.0_x5:    ],
2026-09-03T00:52:35.371+0100 [DEBUG] provider.terraform-provider-google_v7.43.0_x5:    "supportsPzs": true
2026-09-03T00:52:35.371+0100 [DEBUG] provider.terraform-provider-google_v7.43.0_x5:   },
2026-09-03T00:52:35.371+0100 [DEBUG] provider.terraform-provider-google_v7.43.0_x5:   {
2026-09-03T00:52:35.371+0100 [DEBUG] provider.terraform-provider-google_v7.43.0_x5:    "kind": "compute#zone",
2026-09-03T00:52:35.371+0100 [DEBUG] provider.terraform-provider-google_v7.43.0_x5:    "id": "2512",
2026-09-03T00:52:35.371+0100 [DEBUG] provider.terraform-provider-google_v7.43.0_x5:    "creationTimestamp": "1969-12-31T16:00:00.000-08:00",
2026-09-03T00:52:35.371+0100 [DEBUG] provider.terraform-provider-google_v7.43.0_x5:    "name": "europe-west8-c",
2026-09-03T00:52:35.371+0100 [DEBUG] provider.terraform-provider-google_v7.43.0_x5:    "description": "europe-west8-c",
2026-09-03T00:52:35.371+0100 [DEBUG] provider.terraform-provider-google_v7.43.0_x5:    "status": "UP",
2026-09-03T00:52:35.371+0100 [DEBUG] provider.terraform-provider-google_v7.43.0_x5:    "region": "https://www.googleapis.com/compute/v1/projects/nomad-platform-gcp/regions/europe-west8",
2026-09-03T00:52:35.371+0100 [DEBUG] provider.terraform-provider-google_v7.43.0_x5:    "selfLink": "https://www.googleapis.com/compute/v1/projects/nomad-platform-gcp/zones/europe-west8-c",
2026-09-03T00:52:35.371+0100 [DEBUG] provider.terraform-provider-google_v7.43.0_x5:    "availableCpuPlatforms": [
2026-09-03T00:52:35.371+0100 [DEBUG] provider.terraform-provider-google_v7.43.0_x5:     "Intel Broadwell",
2026-09-03T00:52:35.371+0100 [DEBUG] provider.terraform-provider-google_v7.43.0_x5:     "Intel Cascade Lake",
2026-09-03T00:52:35.371+0100 [DEBUG] provider.terraform-provider-google_v7.43.0_x5:     "Intel Emerald Rapids",
2026-09-03T00:52:35.371+0100 [DEBUG] provider.terraform-provider-google_v7.43.0_x5:     "Intel Granite Rapids",
2026-09-03T00:52:35.371+0100 [DEBUG] provider.terraform-provider-google_v7.43.0_x5:     "Intel Haswell",
2026-09-03T00:52:35.371+0100 [DEBUG] provider.terraform-provider-google_v7.43.0_x5:     "Intel Ice Lake",
2026-09-03T00:52:35.371+0100 [DEBUG] provider.terraform-provider-google_v7.43.0_x5:     "Intel Ivy Bridge",
2026-09-03T00:52:35.371+0100 [DEBUG] provider.terraform-provider-google_v7.43.0_x5:     "AMD Milan",
2026-09-03T00:52:35.371+0100 [DEBUG] provider.terraform-provider-google_v7.43.0_x5:     "AMD Rome",
2026-09-03T00:52:35.371+0100 [DEBUG] provider.terraform-provider-google_v7.43.0_x5:     "Intel Sapphire Rapids",
2026-09-03T00:52:35.371+0100 [DEBUG] provider.terraform-provider-google_v7.43.0_x5:     "Intel Skylake",
2026-09-03T00:52:35.371+0100 [DEBUG] provider.terraform-provider-google_v7.43.0_x5:     "AMD Turin"
2026-09-03T00:52:35.371+0100 [DEBUG] provider.terraform-provider-google_v7.43.0_x5:    ],
2026-09-03T00:52:35.371+0100 [DEBUG] provider.terraform-provider-google_v7.43.0_x5:    "supportsPzs": true
2026-09-03T00:52:35.371+0100 [DEBUG] provider.terraform-provider-google_v7.43.0_x5:   },
2026-09-03T00:52:35.371+0100 [DEBUG] provider.terraform-provider-google_v7.43.0_x5:   {
2026-09-03T00:52:35.371+0100 [DEBUG] provider.terraform-provider-google_v7.43.0_x5:    "kind": "compute#zone",
2026-09-03T00:52:35.371+0100 [DEBUG] provider.terraform-provider-google_v7.43.0_x5:    "id": "2521",
2026-09-03T00:52:35.371+0100 [DEBUG] provider.terraform-provider-google_v7.43.0_x5:    "creationTimestamp": "1969-12-31T16:00:00.000-08:00",
2026-09-03T00:52:35.371+0100 [DEBUG] provider.terraform-provider-google_v7.43.0_x5:    "name": "europe-west9-a",
2026-09-03T00:52:35.371+0100 [DEBUG] provider.terraform-provider-google_v7.43.0_x5:    "description": "europe-west9-a",
2026-09-03T00:52:35.371+0100 [DEBUG] provider.terraform-provider-google_v7.43.0_x5:    "status": "UP",
2026-09-03T00:52:35.371+0100 [DEBUG] provider.terraform-provider-google_v7.43.0_x5:    "region": "https://www.googleapis.com/compute/v1/projects/nomad-platform-gcp/regions/europe-west9",
2026-09-03T00:52:35.371+0100 [DEBUG] provider.terraform-provider-google_v7.43.0_x5:    "selfLink": "https://www.googleapis.com/compute/v1/projects/nomad-platform-gcp/zones/europe-west9-a",
2026-09-03T00:52:35.371+0100 [DEBUG] provider.terraform-provider-google_v7.43.0_x5:    "availableCpuPlatforms": [
2026-09-03T00:52:35.371+0100 [DEBUG] provider.terraform-provider-google_v7.43.0_x5:     "Intel Broadwell",
2026-09-03T00:52:35.371+0100 [DEBUG] provider.terraform-provider-google_v7.43.0_x5:     "Intel Cascade Lake",
2026-09-03T00:52:35.371+0100 [DEBUG] provider.terraform-provider-google_v7.43.0_x5:     "Intel Emerald Rapids",
2026-09-03T00:52:35.371+0100 [DEBUG] provider.terraform-provider-google_v7.43.0_x5:     "Intel Granite Rapids",
2026-09-03T00:52:35.371+0100 [DEBUG] provider.terraform-provider-google_v7.43.0_x5:     "Intel Haswell",
2026-09-03T00:52:35.371+0100 [DEBUG] provider.terraform-provider-google_v7.43.0_x5:     "Intel Ice Lake",
2026-09-03T00:52:35.371+0100 [DEBUG] provider.terraform-provider-google_v7.43.0_x5:     "Intel Ivy Bridge",
2026-09-03T00:52:35.371+0100 [DEBUG] provider.terraform-provider-google_v7.43.0_x5:     "AMD Milan",
2026-09-03T00:52:35.371+0100 [DEBUG] provider.terraform-provider-google_v7.43.0_x5:     "AMD Rome",
2026-09-03T00:52:35.371+0100 [DEBUG] provider.terraform-provider-google_v7.43.0_x5:     "Intel Sapphire Rapids",
2026-09-03T00:52:35.371+0100 [DEBUG] provider.terraform-provider-google_v7.43.0_x5:     "Intel Skylake",
2026-09-03T00:52:35.371+0100 [DEBUG] provider.terraform-provider-google_v7.43.0_x5:     "AMD Turin"
2026-09-03T00:52:35.371+0100 [DEBUG] provider.terraform-provider-google_v7.43.0_x5:    ],
2026-09-03T00:52:35.371+0100 [DEBUG] provider.terraform-provider-google_v7.43.0_x5:    "supportsPzs": true
2026-09-03T00:52:35.371+0100 [DEBUG] provider.terraform-provider-google_v7.43.0_x5:   },
2026-09-03T00:52:35.371+0100 [DEBUG] provider.terraform-provider-google_v7.43.0_x5:   {
2026-09-03T00:52:35.371+0100 [DEBUG] provider.terraform-provider-google_v7.43.0_x5:    "kind": "compute#zone",
2026-09-03T00:52:35.371+0100 [DEBUG] provider.terraform-provider-google_v7.43.0_x5:    "id": "2520",
2026-09-03T00:52:35.371+0100 [DEBUG] provider.terraform-provider-google_v7.43.0_x5:    "creationTimestamp": "1969-12-31T16:00:00.000-08:00",
2026-09-03T00:52:35.371+0100 [DEBUG] provider.terraform-provider-google_v7.43.0_x5:    "name": "europe-west9-b",
2026-09-03T00:52:35.371+0100 [DEBUG] provider.terraform-provider-google_v7.43.0_x5:    "description": "europe-west9-b",
2026-09-03T00:52:35.371+0100 [DEBUG] provider.terraform-provider-google_v7.43.0_x5:    "status": "UP",
2026-09-03T00:52:35.371+0100 [DEBUG] provider.terraform-provider-google_v7.43.0_x5:    "region": "https://www.googleapis.com/compute/v1/projects/nomad-platform-gcp/regions/europe-west9",
2026-09-03T00:52:35.371+0100 [DEBUG] provider.terraform-provider-google_v7.43.0_x5:    "selfLink": "https://www.googleapis.com/compute/v1/projects/nomad-platform-gcp/zones/europe-west9-b",
2026-09-03T00:52:35.371+0100 [DEBUG] provider.terraform-provider-google_v7.43.0_x5:    "availableCpuPlatforms": [
2026-09-03T00:52:35.371+0100 [DEBUG] provider.terraform-provider-google_v7.43.0_x5:     "Intel Broadwell",
2026-09-03T00:52:35.371+0100 [DEBUG] provider.terraform-provider-google_v7.43.0_x5:     "Intel Cascade Lake",
2026-09-03T00:52:35.371+0100 [DEBUG] provider.terraform-provider-google_v7.43.0_x5:     "Intel Emerald Rapids",
2026-09-03T00:52:35.371+0100 [DEBUG] provider.terraform-provider-google_v7.43.0_x5:     "Intel Granite Rapids",
2026-09-03T00:52:35.371+0100 [DEBUG] provider.terraform-provider-google_v7.43.0_x5:     "Intel Haswell",
2026-09-03T00:52:35.371+0100 [DEBUG] provider.terraform-provider-google_v7.43.0_x5:     "Intel Ice Lake",
2026-09-03T00:52:35.371+0100 [DEBUG] provider.terraform-provider-google_v7.43.0_x5:     "Intel Ivy Bridge",
2026-09-03T00:52:35.371+0100 [DEBUG] provider.terraform-provider-google_v7.43.0_x5:     "AMD Milan",
2026-09-03T00:52:35.371+0100 [DEBUG] provider.terraform-provider-google_v7.43.0_x5:     "AMD Rome",
2026-09-03T00:52:35.372+0100 [DEBUG] provider.terraform-provider-google_v7.43.0_x5:     "Intel Sapphire Rapids",
2026-09-03T00:52:35.372+0100 [DEBUG] provider.terraform-provider-google_v7.43.0_x5:     "Intel Skylake",
2026-09-03T00:52:35.372+0100 [DEBUG] provider.terraform-provider-google_v7.43.0_x5:     "AMD Turin"
2026-09-03T00:52:35.372+0100 [DEBUG] provider.terraform-provider-google_v7.43.0_x5:    ],
2026-09-03T00:52:35.372+0100 [DEBUG] provider.terraform-provider-google_v7.43.0_x5:    "supportsPzs": true
2026-09-03T00:52:35.372+0100 [DEBUG] provider.terraform-provider-google_v7.43.0_x5:   },
2026-09-03T00:52:35.372+0100 [DEBUG] provider.terraform-provider-google_v7.43.0_x5:   {
2026-09-03T00:52:35.372+0100 [DEBUG] provider.terraform-provider-google_v7.43.0_x5:    "kind": "compute#zone",
2026-09-03T00:52:35.372+0100 [DEBUG] provider.terraform-provider-google_v7.43.0_x5:    "id": "2522",
2026-09-03T00:52:35.372+0100 [DEBUG] provider.terraform-provider-google_v7.43.0_x5:    "creationTimestamp": "1969-12-31T16:00:00.000-08:00",
2026-09-03T00:52:35.372+0100 [DEBUG] provider.terraform-provider-google_v7.43.0_x5:    "name": "europe-west9-c",
2026-09-03T00:52:35.372+0100 [DEBUG] provider.terraform-provider-google_v7.43.0_x5:    "description": "europe-west9-c",
2026-09-03T00:52:35.372+0100 [DEBUG] provider.terraform-provider-google_v7.43.0_x5:    "status": "UP",
2026-09-03T00:52:35.372+0100 [DEBUG] provider.terraform-provider-google_v7.43.0_x5:    "region": "https://www.googleapis.com/compute/v1/projects/nomad-platform-gcp/regions/europe-west9",
2026-09-03T00:52:35.372+0100 [DEBUG] provider.terraform-provider-google_v7.43.0_x5:    "selfLink": "https://www.googleapis.com/compute/v1/projects/nomad-platform-gcp/zones/europe-west9-c",
2026-09-03T00:52:35.372+0100 [DEBUG] provider.terraform-provider-google_v7.43.0_x5:    "availableCpuPlatforms": [
2026-09-03T00:52:35.372+0100 [DEBUG] provider.terraform-provider-google_v7.43.0_x5:     "Intel Broadwell",
2026-09-03T00:52:35.372+0100 [DEBUG] provider.terraform-provider-google_v7.43.0_x5:     "Intel Cascade Lake",
2026-09-03T00:52:35.372+0100 [DEBUG] provider.terraform-provider-google_v7.43.0_x5:     "Intel Emerald Rapids",
2026-09-03T00:52:35.372+0100 [DEBUG] provider.terraform-provider-google_v7.43.0_x5:     "Intel Haswell",
2026-09-03T00:52:35.372+0100 [DEBUG] provider.terraform-provider-google_v7.43.0_x5:     "Intel Ice Lake",
2026-09-03T00:52:35.372+0100 [DEBUG] provider.terraform-provider-google_v7.43.0_x5:     "Intel Ivy Bridge",
2026-09-03T00:52:35.372+0100 [DEBUG] provider.terraform-provider-google_v7.43.0_x5:     "AMD Milan",
2026-09-03T00:52:35.372+0100 [DEBUG] provider.terraform-provider-google_v7.43.0_x5:     "AMD Rome",
2026-09-03T00:52:35.372+0100 [DEBUG] provider.terraform-provider-google_v7.43.0_x5:     "Intel Sapphire Rapids",
2026-09-03T00:52:35.372+0100 [DEBUG] provider.terraform-provider-google_v7.43.0_x5:     "Intel Skylake"
2026-09-03T00:52:35.372+0100 [DEBUG] provider.terraform-provider-google_v7.43.0_x5:    ],
2026-09-03T00:52:35.372+0100 [DEBUG] provider.terraform-provider-google_v7.43.0_x5:    "supportsPzs": true
2026-09-03T00:52:35.372+0100 [DEBUG] provider.terraform-provider-google_v7.43.0_x5:   },
2026-09-03T00:52:35.372+0100 [DEBUG] provider.terraform-provider-google_v7.43.0_x5:   {
2026-09-03T00:52:35.372+0100 [DEBUG] provider.terraform-provider-google_v7.43.0_x5:    "kind": "compute#zone",
2026-09-03T00:52:35.372+0100 [DEBUG] provider.terraform-provider-google_v7.43.0_x5:    "id": "2580",
2026-09-03T00:52:35.372+0100 [DEBUG] provider.terraform-provider-google_v7.43.0_x5:    "creationTimestamp": "1969-12-31T16:00:00.000-08:00",
2026-09-03T00:52:35.372+0100 [DEBUG] provider.terraform-provider-google_v7.43.0_x5:    "name": "me-central1-a",
2026-09-03T00:52:35.372+0100 [DEBUG] provider.terraform-provider-google_v7.43.0_x5:    "description": "me-central1-a",
2026-09-03T00:52:35.372+0100 [DEBUG] provider.terraform-provider-google_v7.43.0_x5:    "status": "UP",
2026-09-03T00:52:35.372+0100 [DEBUG] provider.terraform-provider-google_v7.43.0_x5:    "region": "https://www.googleapis.com/compute/v1/projects/nomad-platform-gcp/regions/me-central1",
2026-09-03T00:52:35.372+0100 [DEBUG] provider.terraform-provider-google_v7.43.0_x5:    "selfLink": "https://www.googleapis.com/compute/v1/projects/nomad-platform-gcp/zones/me-central1-a",
2026-09-03T00:52:35.372+0100 [DEBUG] provider.terraform-provider-google_v7.43.0_x5:    "availableCpuPlatforms": [
2026-09-03T00:52:35.372+0100 [DEBUG] provider.terraform-provider-google_v7.43.0_x5:     "Intel Broadwell",
2026-09-03T00:52:35.372+0100 [DEBUG] provider.terraform-provider-google_v7.43.0_x5:     "Intel Cascade Lake",
2026-09-03T00:52:35.372+0100 [DEBUG] provider.terraform-provider-google_v7.43.0_x5:     "Intel Haswell",
2026-09-03T00:52:35.372+0100 [DEBUG] provider.terraform-provider-google_v7.43.0_x5:     "Intel Ice Lake",
2026-09-03T00:52:35.372+0100 [DEBUG] provider.terraform-provider-google_v7.43.0_x5:     "Intel Ivy Bridge",
2026-09-03T00:52:35.372+0100 [DEBUG] provider.terraform-provider-google_v7.43.0_x5:     "AMD Milan",
2026-09-03T00:52:35.372+0100 [DEBUG] provider.terraform-provider-google_v7.43.0_x5:     "AMD Rome",
2026-09-03T00:52:35.372+0100 [DEBUG] provider.terraform-provider-google_v7.43.0_x5:     "Intel Sapphire Rapids",
2026-09-03T00:52:35.372+0100 [DEBUG] provider.terraform-provider-google_v7.43.0_x5:     "Intel Skylake"
2026-09-03T00:52:35.372+0100 [DEBUG] provider.terraform-provider-google_v7.43.0_x5:    ],
2026-09-03T00:52:35.372+0100 [DEBUG] provider.terraform-provider-google_v7.43.0_x5:    "supportsPzs": true
2026-09-03T00:52:35.372+0100 [DEBUG] provider.terraform-provider-google_v7.43.0_x5:   },
2026-09-03T00:52:35.372+0100 [DEBUG] provider.terraform-provider-google_v7.43.0_x5:   {
2026-09-03T00:52:35.372+0100 [DEBUG] provider.terraform-provider-google_v7.43.0_x5:    "kind": "compute#zone",
2026-09-03T00:52:35.372+0100 [DEBUG] provider.terraform-provider-google_v7.43.0_x5:    "id": "2581",
2026-09-03T00:52:35.372+0100 [DEBUG] provider.terraform-provider-google_v7.43.0_x5:    "creationTimestamp": "1969-12-31T16:00:00.000-08:00",
2026-09-03T00:52:35.372+0100 [DEBUG] provider.terraform-provider-google_v7.43.0_x5:    "name": "me-central1-b",
2026-09-03T00:52:35.372+0100 [DEBUG] provider.terraform-provider-google_v7.43.0_x5:    "description": "me-central1-b",
2026-09-03T00:52:35.372+0100 [DEBUG] provider.terraform-provider-google_v7.43.0_x5:    "status": "UP",
2026-09-03T00:52:35.372+0100 [DEBUG] provider.terraform-provider-google_v7.43.0_x5:    "region": "https://www.googleapis.com/compute/v1/projects/nomad-platform-gcp/regions/me-central1",
2026-09-03T00:52:35.372+0100 [DEBUG] provider.terraform-provider-google_v7.43.0_x5:    "selfLink": "https://www.googleapis.com/compute/v1/projects/nomad-platform-gcp/zones/me-central1-b",
2026-09-03T00:52:35.372+0100 [DEBUG] provider.terraform-provider-google_v7.43.0_x5:    "availableCpuPlatforms": [
2026-09-03T00:52:35.372+0100 [DEBUG] provider.terraform-provider-google_v7.43.0_x5:     "Intel Broadwell",
2026-09-03T00:52:35.372+0100 [DEBUG] provider.terraform-provider-google_v7.43.0_x5:     "Intel Cascade Lake",
2026-09-03T00:52:35.372+0100 [DEBUG] provider.terraform-provider-google_v7.43.0_x5:     "Intel Emerald Rapids",
2026-09-03T00:52:35.372+0100 [DEBUG] provider.terraform-provider-google_v7.43.0_x5:     "Intel Haswell",
2026-09-03T00:52:35.372+0100 [DEBUG] provider.terraform-provider-google_v7.43.0_x5:     "Intel Ice Lake",
2026-09-03T00:52:35.372+0100 [DEBUG] provider.terraform-provider-google_v7.43.0_x5:     "Intel Ivy Bridge",
2026-09-03T00:52:35.372+0100 [DEBUG] provider.terraform-provider-google_v7.43.0_x5:     "AMD Milan",
2026-09-03T00:52:35.372+0100 [DEBUG] provider.terraform-provider-google_v7.43.0_x5:     "AMD Rome",
2026-09-03T00:52:35.372+0100 [DEBUG] provider.terraform-provider-google_v7.43.0_x5:     "Intel Skylake"
2026-09-03T00:52:35.372+0100 [DEBUG] provider.terraform-provider-google_v7.43.0_x5:    ],
2026-09-03T00:52:35.372+0100 [DEBUG] provider.terraform-provider-google_v7.43.0_x5:    "supportsPzs": true
2026-09-03T00:52:35.372+0100 [DEBUG] provider.terraform-provider-google_v7.43.0_x5:   },
2026-09-03T00:52:35.372+0100 [DEBUG] provider.terraform-provider-google_v7.43.0_x5:   {
2026-09-03T00:52:35.372+0100 [DEBUG] provider.terraform-provider-google_v7.43.0_x5:    "kind": "compute#zone",
2026-09-03T00:52:35.372+0100 [DEBUG] provider.terraform-provider-google_v7.43.0_x5:    "id": "2582",
2026-09-03T00:52:35.372+0100 [DEBUG] provider.terraform-provider-google_v7.43.0_x5:    "creationTimestamp": "1969-12-31T16:00:00.000-08:00",
2026-09-03T00:52:35.372+0100 [DEBUG] provider.terraform-provider-google_v7.43.0_x5:    "name": "me-central1-c",
2026-09-03T00:52:35.372+0100 [DEBUG] provider.terraform-provider-google_v7.43.0_x5:    "description": "me-central1-c",
2026-09-03T00:52:35.372+0100 [DEBUG] provider.terraform-provider-google_v7.43.0_x5:    "status": "UP",
2026-09-03T00:52:35.372+0100 [DEBUG] provider.terraform-provider-google_v7.43.0_x5:    "region": "https://www.googleapis.com/compute/v1/projects/nomad-platform-gcp/regions/me-central1",
2026-09-03T00:52:35.372+0100 [DEBUG] provider.terraform-provider-google_v7.43.0_x5:    "selfLink": "https://www.googleapis.com/compute/v1/projects/nomad-platform-gcp/zones/me-central1-c",
2026-09-03T00:52:35.372+0100 [DEBUG] provider.terraform-provider-google_v7.43.0_x5:    "availableCpuPlatforms": [
2026-09-03T00:52:35.372+0100 [DEBUG] provider.terraform-provider-google_v7.43.0_x5:     "Intel Broadwell",
2026-09-03T00:52:35.372+0100 [DEBUG] provider.terraform-provider-google_v7.43.0_x5:     "Intel Cascade Lake",
2026-09-03T00:52:35.372+0100 [DEBUG] provider.terraform-provider-google_v7.43.0_x5:     "Intel Emerald Rapids",
2026-09-03T00:52:35.372+0100 [DEBUG] provider.terraform-provider-google_v7.43.0_x5:     "Intel Granite Rapids",
2026-09-03T00:52:35.372+0100 [DEBUG] provider.terraform-provider-google_v7.43.0_x5:     "Intel Haswell",
2026-09-03T00:52:35.372+0100 [DEBUG] provider.terraform-provider-google_v7.43.0_x5:     "Intel Ice Lake",
2026-09-03T00:52:35.372+0100 [DEBUG] provider.terraform-provider-google_v7.43.0_x5:     "Intel Ivy Bridge",
2026-09-03T00:52:35.372+0100 [DEBUG] provider.terraform-provider-google_v7.43.0_x5:     "Google Axion",
2026-09-03T00:52:35.372+0100 [DEBUG] provider.terraform-provider-google_v7.43.0_x5:     "AMD Milan",
2026-09-03T00:52:35.372+0100 [DEBUG] provider.terraform-provider-google_v7.43.0_x5:     "AMD Rome",
2026-09-03T00:52:35.372+0100 [DEBUG] provider.terraform-provider-google_v7.43.0_x5:     "Intel Sapphire Rapids",
2026-09-03T00:52:35.372+0100 [DEBUG] provider.terraform-provider-google_v7.43.0_x5:     "Intel Skylake"
2026-09-03T00:52:35.372+0100 [DEBUG] provider.terraform-provider-google_v7.43.0_x5:    ],
2026-09-03T00:52:35.372+0100 [DEBUG] provider.terraform-provider-google_v7.43.0_x5:    "supportsPzs": true
2026-09-03T00:52:35.372+0100 [DEBUG] provider.terraform-provider-google_v7.43.0_x5:   },
2026-09-03T00:52:35.372+0100 [DEBUG] provider.terraform-provider-google_v7.43.0_x5:   {
2026-09-03T00:52:35.372+0100 [DEBUG] provider.terraform-provider-google_v7.43.0_x5:    "kind": "compute#zone",
2026-09-03T00:52:35.372+0100 [DEBUG] provider.terraform-provider-google_v7.43.0_x5:    "id": "2601",
2026-09-03T00:52:35.372+0100 [DEBUG] provider.terraform-provider-google_v7.43.0_x5:    "creationTimestamp": "1969-12-31T16:00:00.000-08:00",
2026-09-03T00:52:35.372+0100 [DEBUG] provider.terraform-provider-google_v7.43.0_x5:    "name": "me-central2-a",
2026-09-03T00:52:35.372+0100 [DEBUG] provider.terraform-provider-google_v7.43.0_x5:    "description": "me-central2-a",
2026-09-03T00:52:35.372+0100 [DEBUG] provider.terraform-provider-google_v7.43.0_x5:    "status": "UP",
2026-09-03T00:52:35.372+0100 [DEBUG] provider.terraform-provider-google_v7.43.0_x5:    "region": "https://www.googleapis.com/compute/v1/projects/nomad-platform-gcp/regions/me-central2",
2026-09-03T00:52:35.372+0100 [DEBUG] provider.terraform-provider-google_v7.43.0_x5:    "selfLink": "https://www.googleapis.com/compute/v1/projects/nomad-platform-gcp/zones/me-central2-a",
2026-09-03T00:52:35.372+0100 [DEBUG] provider.terraform-provider-google_v7.43.0_x5:    "availableCpuPlatforms": [
2026-09-03T00:52:35.372+0100 [DEBUG] provider.terraform-provider-google_v7.43.0_x5:     "Intel Broadwell",
2026-09-03T00:52:35.372+0100 [DEBUG] provider.terraform-provider-google_v7.43.0_x5:     "Intel Cascade Lake",
2026-09-03T00:52:35.372+0100 [DEBUG] provider.terraform-provider-google_v7.43.0_x5:     "Intel Emerald Rapids",
2026-09-03T00:52:35.372+0100 [DEBUG] provider.terraform-provider-google_v7.43.0_x5:     "AMD Genoa",
2026-09-03T00:52:35.372+0100 [DEBUG] provider.terraform-provider-google_v7.43.0_x5:     "Intel Granite Rapids",
2026-09-03T00:52:35.372+0100 [DEBUG] provider.terraform-provider-google_v7.43.0_x5:     "Intel Haswell",
2026-09-03T00:52:35.372+0100 [DEBUG] provider.terraform-provider-google_v7.43.0_x5:     "Intel Ice Lake",
2026-09-03T00:52:35.372+0100 [DEBUG] provider.terraform-provider-google_v7.43.0_x5:     "Intel Ivy Bridge",
2026-09-03T00:52:35.372+0100 [DEBUG] provider.terraform-provider-google_v7.43.0_x5:     "Google Axion",
2026-09-03T00:52:35.372+0100 [DEBUG] provider.terraform-provider-google_v7.43.0_x5:     "AMD Milan",
2026-09-03T00:52:35.372+0100 [DEBUG] provider.terraform-provider-google_v7.43.0_x5:     "AMD Rome",
2026-09-03T00:52:35.372+0100 [DEBUG] provider.terraform-provider-google_v7.43.0_x5:     "Intel Sandy Bridge",
2026-09-03T00:52:35.372+0100 [DEBUG] provider.terraform-provider-google_v7.43.0_x5:     "Intel Sapphire Rapids",
2026-09-03T00:52:35.372+0100 [DEBUG] provider.terraform-provider-google_v7.43.0_x5:     "AMD Turin"
2026-09-03T00:52:35.373+0100 [DEBUG] provider.terraform-provider-google_v7.43.0_x5:    ],
2026-09-03T00:52:35.373+0100 [DEBUG] provider.terraform-provider-google_v7.43.0_x5:    "supportsPzs": true
2026-09-03T00:52:35.373+0100 [DEBUG] provider.terraform-provider-google_v7.43.0_x5:   },
2026-09-03T00:52:35.373+0100 [DEBUG] provider.terraform-provider-google_v7.43.0_x5:   {
2026-09-03T00:52:35.373+0100 [DEBUG] provider.terraform-provider-google_v7.43.0_x5:    "kind": "compute#zone",
2026-09-03T00:52:35.373+0100 [DEBUG] provider.terraform-provider-google_v7.43.0_x5:    "id": "2602",
2026-09-03T00:52:35.373+0100 [DEBUG] provider.terraform-provider-google_v7.43.0_x5:    "creationTimestamp": "1969-12-31T16:00:00.000-08:00",
2026-09-03T00:52:35.373+0100 [DEBUG] provider.terraform-provider-google_v7.43.0_x5:    "name": "me-central2-b",
2026-09-03T00:52:35.373+0100 [DEBUG] provider.terraform-provider-google_v7.43.0_x5:    "description": "me-central2-b",
2026-09-03T00:52:35.373+0100 [DEBUG] provider.terraform-provider-google_v7.43.0_x5:    "status": "UP",
2026-09-03T00:52:35.373+0100 [DEBUG] provider.terraform-provider-google_v7.43.0_x5:    "region": "https://www.googleapis.com/compute/v1/projects/nomad-platform-gcp/regions/me-central2",
2026-09-03T00:52:35.373+0100 [DEBUG] provider.terraform-provider-google_v7.43.0_x5:    "selfLink": "https://www.googleapis.com/compute/v1/projects/nomad-platform-gcp/zones/me-central2-b",
2026-09-03T00:52:35.373+0100 [DEBUG] provider.terraform-provider-google_v7.43.0_x5:    "availableCpuPlatforms": [
2026-09-03T00:52:35.373+0100 [DEBUG] provider.terraform-provider-google_v7.43.0_x5:     "Intel Broadwell",
2026-09-03T00:52:35.373+0100 [DEBUG] provider.terraform-provider-google_v7.43.0_x5:     "Intel Cascade Lake",
2026-09-03T00:52:35.373+0100 [DEBUG] provider.terraform-provider-google_v7.43.0_x5:     "Intel Haswell",
2026-09-03T00:52:35.373+0100 [DEBUG] provider.terraform-provider-google_v7.43.0_x5:     "Intel Ice Lake",
2026-09-03T00:52:35.373+0100 [DEBUG] provider.terraform-provider-google_v7.43.0_x5:     "Intel Ivy Bridge",
2026-09-03T00:52:35.373+0100 [DEBUG] provider.terraform-provider-google_v7.43.0_x5:     "AMD Milan",
2026-09-03T00:52:35.373+0100 [DEBUG] provider.terraform-provider-google_v7.43.0_x5:     "AMD Rome",
2026-09-03T00:52:35.373+0100 [DEBUG] provider.terraform-provider-google_v7.43.0_x5:     "Intel Sandy Bridge",
2026-09-03T00:52:35.373+0100 [DEBUG] provider.terraform-provider-google_v7.43.0_x5:     "Intel Sapphire Rapids"
2026-09-03T00:52:35.373+0100 [DEBUG] provider.terraform-provider-google_v7.43.0_x5:    ],
2026-09-03T00:52:35.373+0100 [DEBUG] provider.terraform-provider-google_v7.43.0_x5:    "supportsPzs": true
2026-09-03T00:52:35.373+0100 [DEBUG] provider.terraform-provider-google_v7.43.0_x5:   },
2026-09-03T00:52:35.373+0100 [DEBUG] provider.terraform-provider-google_v7.43.0_x5:   {
2026-09-03T00:52:35.373+0100 [DEBUG] provider.terraform-provider-google_v7.43.0_x5:    "kind": "compute#zone",
2026-09-03T00:52:35.373+0100 [DEBUG] provider.terraform-provider-google_v7.43.0_x5:    "id": "2600",
2026-09-03T00:52:35.373+0100 [DEBUG] provider.terraform-provider-google_v7.43.0_x5:    "creationTimestamp": "1969-12-31T16:00:00.000-08:00",
2026-09-03T00:52:35.373+0100 [DEBUG] provider.terraform-provider-google_v7.43.0_x5:    "name": "me-central2-c",
2026-09-03T00:52:35.373+0100 [DEBUG] provider.terraform-provider-google_v7.43.0_x5:    "description": "me-central2-c",
2026-09-03T00:52:35.373+0100 [DEBUG] provider.terraform-provider-google_v7.43.0_x5:    "status": "UP",
2026-09-03T00:52:35.373+0100 [DEBUG] provider.terraform-provider-google_v7.43.0_x5:    "region": "https://www.googleapis.com/compute/v1/projects/nomad-platform-gcp/regions/me-central2",
2026-09-03T00:52:35.373+0100 [DEBUG] provider.terraform-provider-google_v7.43.0_x5:    "selfLink": "https://www.googleapis.com/compute/v1/projects/nomad-platform-gcp/zones/me-central2-c",
2026-09-03T00:52:35.373+0100 [DEBUG] provider.terraform-provider-google_v7.43.0_x5:    "availableCpuPlatforms": [
2026-09-03T00:52:35.373+0100 [DEBUG] provider.terraform-provider-google_v7.43.0_x5:     "Intel Broadwell",
2026-09-03T00:52:35.373+0100 [DEBUG] provider.terraform-provider-google_v7.43.0_x5:     "Intel Cascade Lake",
2026-09-03T00:52:35.373+0100 [DEBUG] provider.terraform-provider-google_v7.43.0_x5:     "Intel Emerald Rapids",
2026-09-03T00:52:35.373+0100 [DEBUG] provider.terraform-provider-google_v7.43.0_x5:     "AMD Genoa",
2026-09-03T00:52:35.373+0100 [DEBUG] provider.terraform-provider-google_v7.43.0_x5:     "Intel Haswell",
2026-09-03T00:52:35.373+0100 [DEBUG] provider.terraform-provider-google_v7.43.0_x5:     "Intel Ice Lake",
2026-09-03T00:52:35.373+0100 [DEBUG] provider.terraform-provider-google_v7.43.0_x5:     "Intel Ivy Bridge",
2026-09-03T00:52:35.373+0100 [DEBUG] provider.terraform-provider-google_v7.43.0_x5:     "AMD Milan",
2026-09-03T00:52:35.373+0100 [DEBUG] provider.terraform-provider-google_v7.43.0_x5:     "AMD Rome",
2026-09-03T00:52:35.373+0100 [DEBUG] provider.terraform-provider-google_v7.43.0_x5:     "Intel Sandy Bridge",
2026-09-03T00:52:35.373+0100 [DEBUG] provider.terraform-provider-google_v7.43.0_x5:     "Intel Sapphire Rapids"
2026-09-03T00:52:35.373+0100 [DEBUG] provider.terraform-provider-google_v7.43.0_x5:    ],
2026-09-03T00:52:35.373+0100 [DEBUG] provider.terraform-provider-google_v7.43.0_x5:    "supportsPzs": true
2026-09-03T00:52:35.373+0100 [DEBUG] provider.terraform-provider-google_v7.43.0_x5:   },
2026-09-03T00:52:35.373+0100 [DEBUG] provider.terraform-provider-google_v7.43.0_x5:   {
2026-09-03T00:52:35.373+0100 [DEBUG] provider.terraform-provider-google_v7.43.0_x5:    "kind": "compute#zone",
2026-09-03T00:52:35.373+0100 [DEBUG] provider.terraform-provider-google_v7.43.0_x5:    "id": "2561",
2026-09-03T00:52:35.373+0100 [DEBUG] provider.terraform-provider-google_v7.43.0_x5:    "creationTimestamp": "1969-12-31T16:00:00.000-08:00",
2026-09-03T00:52:35.373+0100 [DEBUG] provider.terraform-provider-google_v7.43.0_x5:    "name": "me-west1-a",
2026-09-03T00:52:35.373+0100 [DEBUG] provider.terraform-provider-google_v7.43.0_x5:    "description": "me-west1-a",
2026-09-03T00:52:35.373+0100 [DEBUG] provider.terraform-provider-google_v7.43.0_x5:    "status": "UP",
2026-09-03T00:52:35.373+0100 [DEBUG] provider.terraform-provider-google_v7.43.0_x5:    "region": "https://www.googleapis.com/compute/v1/projects/nomad-platform-gcp/regions/me-west1",
2026-09-03T00:52:35.373+0100 [DEBUG] provider.terraform-provider-google_v7.43.0_x5:    "selfLink": "https://www.googleapis.com/compute/v1/projects/nomad-platform-gcp/zones/me-west1-a",
2026-09-03T00:52:35.373+0100 [DEBUG] provider.terraform-provider-google_v7.43.0_x5:    "availableCpuPlatforms": [
2026-09-03T00:52:35.373+0100 [DEBUG] provider.terraform-provider-google_v7.43.0_x5:     "Intel Broadwell",
2026-09-03T00:52:35.373+0100 [DEBUG] provider.terraform-provider-google_v7.43.0_x5:     "Intel Cascade Lake",
2026-09-03T00:52:35.373+0100 [DEBUG] provider.terraform-provider-google_v7.43.0_x5:     "Intel Emerald Rapids",
2026-09-03T00:52:35.373+0100 [DEBUG] provider.terraform-provider-google_v7.43.0_x5:     "Intel Haswell",
2026-09-03T00:52:35.373+0100 [DEBUG] provider.terraform-provider-google_v7.43.0_x5:     "Intel Ice Lake",
2026-09-03T00:52:35.373+0100 [DEBUG] provider.terraform-provider-google_v7.43.0_x5:     "Intel Ivy Bridge",
2026-09-03T00:52:35.373+0100 [DEBUG] provider.terraform-provider-google_v7.43.0_x5:     "AMD Milan",
2026-09-03T00:52:35.373+0100 [DEBUG] provider.terraform-provider-google_v7.43.0_x5:     "AMD Rome",
2026-09-03T00:52:35.373+0100 [DEBUG] provider.terraform-provider-google_v7.43.0_x5:     "Intel Sapphire Rapids",
2026-09-03T00:52:35.373+0100 [DEBUG] provider.terraform-provider-google_v7.43.0_x5:     "Intel Skylake"
2026-09-03T00:52:35.373+0100 [DEBUG] provider.terraform-provider-google_v7.43.0_x5:    ],
2026-09-03T00:52:35.373+0100 [DEBUG] provider.terraform-provider-google_v7.43.0_x5:    "supportsPzs": true
2026-09-03T00:52:35.373+0100 [DEBUG] provider.terraform-provider-google_v7.43.0_x5:   },
2026-09-03T00:52:35.373+0100 [DEBUG] provider.terraform-provider-google_v7.43.0_x5:   {
2026-09-03T00:52:35.373+0100 [DEBUG] provider.terraform-provider-google_v7.43.0_x5:    "kind": "compute#zone",
2026-09-03T00:52:35.373+0100 [DEBUG] provider.terraform-provider-google_v7.43.0_x5:    "id": "2560",
2026-09-03T00:52:35.373+0100 [DEBUG] provider.terraform-provider-google_v7.43.0_x5:    "creationTimestamp": "1969-12-31T16:00:00.000-08:00",
2026-09-03T00:52:35.373+0100 [DEBUG] provider.terraform-provider-google_v7.43.0_x5:    "name": "me-west1-b",
2026-09-03T00:52:35.373+0100 [DEBUG] provider.terraform-provider-google_v7.43.0_x5:    "description": "me-west1-b",
2026-09-03T00:52:35.373+0100 [DEBUG] provider.terraform-provider-google_v7.43.0_x5:    "status": "UP",
2026-09-03T00:52:35.373+0100 [DEBUG] provider.terraform-provider-google_v7.43.0_x5:    "region": "https://www.googleapis.com/compute/v1/projects/nomad-platform-gcp/regions/me-west1",
2026-09-03T00:52:35.373+0100 [DEBUG] provider.terraform-provider-google_v7.43.0_x5:    "selfLink": "https://www.googleapis.com/compute/v1/projects/nomad-platform-gcp/zones/me-west1-b",
2026-09-03T00:52:35.373+0100 [DEBUG] provider.terraform-provider-google_v7.43.0_x5:    "availableCpuPlatforms": [
2026-09-03T00:52:35.373+0100 [DEBUG] provider.terraform-provider-google_v7.43.0_x5:     "Intel Broadwell",
2026-09-03T00:52:35.373+0100 [DEBUG] provider.terraform-provider-google_v7.43.0_x5:     "Intel Cascade Lake",
2026-09-03T00:52:35.373+0100 [DEBUG] provider.terraform-provider-google_v7.43.0_x5:     "Intel Emerald Rapids",
2026-09-03T00:52:35.374+0100 [DEBUG] provider.terraform-provider-google_v7.43.0_x5:     "AMD Genoa",
2026-09-03T00:52:35.374+0100 [DEBUG] provider.terraform-provider-google_v7.43.0_x5:     "Intel Granite Rapids",
2026-09-03T00:52:35.374+0100 [DEBUG] provider.terraform-provider-google_v7.43.0_x5:     "Intel Haswell",
2026-09-03T00:52:35.374+0100 [DEBUG] provider.terraform-provider-google_v7.43.0_x5:     "Intel Ice Lake",
2026-09-03T00:52:35.374+0100 [DEBUG] provider.terraform-provider-google_v7.43.0_x5:     "Intel Ivy Bridge",
2026-09-03T00:52:35.374+0100 [DEBUG] provider.terraform-provider-google_v7.43.0_x5:     "Google Axion",
2026-09-03T00:52:35.374+0100 [DEBUG] provider.terraform-provider-google_v7.43.0_x5:     "AMD Milan",
2026-09-03T00:52:35.374+0100 [DEBUG] provider.terraform-provider-google_v7.43.0_x5:     "AMD Rome",
2026-09-03T00:52:35.374+0100 [DEBUG] provider.terraform-provider-google_v7.43.0_x5:     "Intel Sandy Bridge",
2026-09-03T00:52:35.374+0100 [DEBUG] provider.terraform-provider-google_v7.43.0_x5:     "Intel Sapphire Rapids",
2026-09-03T00:52:35.374+0100 [DEBUG] provider.terraform-provider-google_v7.43.0_x5:     "Intel Skylake"
2026-09-03T00:52:35.374+0100 [DEBUG] provider.terraform-provider-google_v7.43.0_x5:    ],
2026-09-03T00:52:35.374+0100 [DEBUG] provider.terraform-provider-google_v7.43.0_x5:    "supportsPzs": true
2026-09-03T00:52:35.374+0100 [DEBUG] provider.terraform-provider-google_v7.43.0_x5:   },
2026-09-03T00:52:35.374+0100 [DEBUG] provider.terraform-provider-google_v7.43.0_x5:   {
2026-09-03T00:52:35.374+0100 [DEBUG] provider.terraform-provider-google_v7.43.0_x5:    "kind": "compute#zone",
2026-09-03T00:52:35.374+0100 [DEBUG] provider.terraform-provider-google_v7.43.0_x5:    "id": "2562",
2026-09-03T00:52:35.374+0100 [DEBUG] provider.terraform-provider-google_v7.43.0_x5:    "creationTimestamp": "1969-12-31T16:00:00.000-08:00",
2026-09-03T00:52:35.374+0100 [DEBUG] provider.terraform-provider-google_v7.43.0_x5:    "name": "me-west1-c",
2026-09-03T00:52:35.374+0100 [DEBUG] provider.terraform-provider-google_v7.43.0_x5:    "description": "me-west1-c",
2026-09-03T00:52:35.374+0100 [DEBUG] provider.terraform-provider-google_v7.43.0_x5:    "status": "UP",
2026-09-03T00:52:35.374+0100 [DEBUG] provider.terraform-provider-google_v7.43.0_x5:    "region": "https://www.googleapis.com/compute/v1/projects/nomad-platform-gcp/regions/me-west1",
2026-09-03T00:52:35.374+0100 [DEBUG] provider.terraform-provider-google_v7.43.0_x5:    "selfLink": "https://www.googleapis.com/compute/v1/projects/nomad-platform-gcp/zones/me-west1-c",
2026-09-03T00:52:35.374+0100 [DEBUG] provider.terraform-provider-google_v7.43.0_x5:    "availableCpuPlatforms": [
2026-09-03T00:52:35.374+0100 [DEBUG] provider.terraform-provider-google_v7.43.0_x5:     "Intel Broadwell",
2026-09-03T00:52:35.374+0100 [DEBUG] provider.terraform-provider-google_v7.43.0_x5:     "Intel Cascade Lake",
2026-09-03T00:52:35.374+0100 [DEBUG] provider.terraform-provider-google_v7.43.0_x5:     "Intel Haswell",
2026-09-03T00:52:35.374+0100 [DEBUG] provider.terraform-provider-google_v7.43.0_x5:     "Intel Ice Lake",
2026-09-03T00:52:35.374+0100 [DEBUG] provider.terraform-provider-google_v7.43.0_x5:     "Intel Ivy Bridge",
2026-09-03T00:52:35.374+0100 [DEBUG] provider.terraform-provider-google_v7.43.0_x5:     "AMD Milan",
2026-09-03T00:52:35.374+0100 [DEBUG] provider.terraform-provider-google_v7.43.0_x5:     "AMD Rome",
2026-09-03T00:52:35.374+0100 [DEBUG] provider.terraform-provider-google_v7.43.0_x5:     "Intel Sandy Bridge",
2026-09-03T00:52:35.374+0100 [DEBUG] provider.terraform-provider-google_v7.43.0_x5:     "Intel Sapphire Rapids",
2026-09-03T00:52:35.374+0100 [DEBUG] provider.terraform-provider-google_v7.43.0_x5:     "Intel Skylake"
2026-09-03T00:52:35.374+0100 [DEBUG] provider.terraform-provider-google_v7.43.0_x5:    ],
2026-09-03T00:52:35.374+0100 [DEBUG] provider.terraform-provider-google_v7.43.0_x5:    "supportsPzs": true
2026-09-03T00:52:35.374+0100 [DEBUG] provider.terraform-provider-google_v7.43.0_x5:   },
2026-09-03T00:52:35.374+0100 [DEBUG] provider.terraform-provider-google_v7.43.0_x5:   {
2026-09-03T00:52:35.374+0100 [DEBUG] provider.terraform-provider-google_v7.43.0_x5:    "kind": "compute#zone",
2026-09-03T00:52:35.375+0100 [DEBUG] provider.terraform-provider-google_v7.43.0_x5:    "id": "2330",
2026-09-03T00:52:35.375+0100 [DEBUG] provider.terraform-provider-google_v7.43.0_x5:    "creationTimestamp": "1969-12-31T16:00:00.000-08:00",
2026-09-03T00:52:35.375+0100 [DEBUG] provider.terraform-provider-google_v7.43.0_x5:    "name": "northamerica-northeast1-a",
2026-09-03T00:52:35.375+0100 [DEBUG] provider.terraform-provider-google_v7.43.0_x5:    "description": "northamerica-northeast1-a",
2026-09-03T00:52:35.375+0100 [DEBUG] provider.terraform-provider-google_v7.43.0_x5:    "status": "UP",
2026-09-03T00:52:35.375+0100 [DEBUG] provider.terraform-provider-google_v7.43.0_x5:    "region": "https://www.googleapis.com/compute/v1/projects/nomad-platform-gcp/regions/northamerica-northeast1",
2026-09-03T00:52:35.375+0100 [DEBUG] provider.terraform-provider-google_v7.43.0_x5:    "selfLink": "https://www.googleapis.com/compute/v1/projects/nomad-platform-gcp/zones/northamerica-northeast1-a",
2026-09-03T00:52:35.375+0100 [DEBUG] provider.terraform-provider-google_v7.43.0_x5:    "availableCpuPlatforms": [
2026-09-03T00:52:35.375+0100 [DEBUG] provider.terraform-provider-google_v7.43.0_x5:     "Intel Broadwell",
2026-09-03T00:52:35.375+0100 [DEBUG] provider.terraform-provider-google_v7.43.0_x5:     "Intel Cascade Lake",
2026-09-03T00:52:35.375+0100 [DEBUG] provider.terraform-provider-google_v7.43.0_x5:     "Intel Emerald Rapids",
2026-09-03T00:52:35.375+0100 [DEBUG] provider.terraform-provider-google_v7.43.0_x5:     "Intel Granite Rapids",
2026-09-03T00:52:35.375+0100 [DEBUG] provider.terraform-provider-google_v7.43.0_x5:     "Intel Haswell",
2026-09-03T00:52:35.375+0100 [DEBUG] provider.terraform-provider-google_v7.43.0_x5:     "Intel Ice Lake",
2026-09-03T00:52:35.375+0100 [DEBUG] provider.terraform-provider-google_v7.43.0_x5:     "Intel Ivy Bridge",
2026-09-03T00:52:35.375+0100 [DEBUG] provider.terraform-provider-google_v7.43.0_x5:     "Google Axion",
2026-09-03T00:52:35.375+0100 [DEBUG] provider.terraform-provider-google_v7.43.0_x5:     "AMD Milan",
2026-09-03T00:52:35.375+0100 [DEBUG] provider.terraform-provider-google_v7.43.0_x5:     "AMD Rome",
2026-09-03T00:52:35.375+0100 [DEBUG] provider.terraform-provider-google_v7.43.0_x5:     "Intel Sandy Bridge",
2026-09-03T00:52:35.375+0100 [DEBUG] provider.terraform-provider-google_v7.43.0_x5:     "Intel Sapphire Rapids",
2026-09-03T00:52:35.375+0100 [DEBUG] provider.terraform-provider-google_v7.43.0_x5:     "Intel Skylake"
2026-09-03T00:52:35.375+0100 [DEBUG] provider.terraform-provider-google_v7.43.0_x5:    ],
2026-09-03T00:52:35.375+0100 [DEBUG] provider.terraform-provider-google_v7.43.0_x5:    "supportsPzs": true
2026-09-03T00:52:35.375+0100 [DEBUG] provider.terraform-provider-google_v7.43.0_x5:   },
2026-09-03T00:52:35.375+0100 [DEBUG] provider.terraform-provider-google_v7.43.0_x5:   {
2026-09-03T00:52:35.375+0100 [DEBUG] provider.terraform-provider-google_v7.43.0_x5:    "kind": "compute#zone",
2026-09-03T00:52:35.375+0100 [DEBUG] provider.terraform-provider-google_v7.43.0_x5:    "id": "2331",
2026-09-03T00:52:35.375+0100 [DEBUG] provider.terraform-provider-google_v7.43.0_x5:    "creationTimestamp": "1969-12-31T16:00:00.000-08:00",
2026-09-03T00:52:35.375+0100 [DEBUG] provider.terraform-provider-google_v7.43.0_x5:    "name": "northamerica-northeast1-b",
2026-09-03T00:52:35.375+0100 [DEBUG] provider.terraform-provider-google_v7.43.0_x5:    "description": "northamerica-northeast1-b",
2026-09-03T00:52:35.375+0100 [DEBUG] provider.terraform-provider-google_v7.43.0_x5:    "status": "UP",
2026-09-03T00:52:35.375+0100 [DEBUG] provider.terraform-provider-google_v7.43.0_x5:    "region": "https://www.googleapis.com/compute/v1/projects/nomad-platform-gcp/regions/northamerica-northeast1",
2026-09-03T00:52:35.375+0100 [DEBUG] provider.terraform-provider-google_v7.43.0_x5:    "selfLink": "https://www.googleapis.com/compute/v1/projects/nomad-platform-gcp/zones/northamerica-northeast1-b",
2026-09-03T00:52:35.375+0100 [DEBUG] provider.terraform-provider-google_v7.43.0_x5:    "availableCpuPlatforms": [
2026-09-03T00:52:35.375+0100 [DEBUG] provider.terraform-provider-google_v7.43.0_x5:     "Intel Broadwell",
2026-09-03T00:52:35.375+0100 [DEBUG] provider.terraform-provider-google_v7.43.0_x5:     "Intel Cascade Lake",
2026-09-03T00:52:35.375+0100 [DEBUG] provider.terraform-provider-google_v7.43.0_x5:     "Intel Emerald Rapids",
2026-09-03T00:52:35.375+0100 [DEBUG] provider.terraform-provider-google_v7.43.0_x5:     "Intel Granite Rapids",
2026-09-03T00:52:35.375+0100 [DEBUG] provider.terraform-provider-google_v7.43.0_x5:     "Intel Haswell",
2026-09-03T00:52:35.375+0100 [DEBUG] provider.terraform-provider-google_v7.43.0_x5:     "Intel Ice Lake",
2026-09-03T00:52:35.375+0100 [DEBUG] provider.terraform-provider-google_v7.43.0_x5:     "Intel Ivy Bridge",
2026-09-03T00:52:35.375+0100 [DEBUG] provider.terraform-provider-google_v7.43.0_x5:     "Google Axion",
2026-09-03T00:52:35.375+0100 [DEBUG] provider.terraform-provider-google_v7.43.0_x5:     "AMD Milan",
2026-09-03T00:52:35.375+0100 [DEBUG] provider.terraform-provider-google_v7.43.0_x5:     "AMD Rome",
2026-09-03T00:52:35.375+0100 [DEBUG] provider.terraform-provider-google_v7.43.0_x5:     "Intel Sandy Bridge",
2026-09-03T00:52:35.375+0100 [DEBUG] provider.terraform-provider-google_v7.43.0_x5:     "Intel Sapphire Rapids",
2026-09-03T00:52:35.375+0100 [DEBUG] provider.terraform-provider-google_v7.43.0_x5:     "Intel Skylake",
2026-09-03T00:52:35.375+0100 [DEBUG] provider.terraform-provider-google_v7.43.0_x5:     "AMD Turin"
2026-09-03T00:52:35.375+0100 [DEBUG] provider.terraform-provider-google_v7.43.0_x5:    ],
2026-09-03T00:52:35.375+0100 [DEBUG] provider.terraform-provider-google_v7.43.0_x5:    "supportsPzs": true
2026-09-03T00:52:35.375+0100 [DEBUG] provider.terraform-provider-google_v7.43.0_x5:   },
2026-09-03T00:52:35.375+0100 [DEBUG] provider.terraform-provider-google_v7.43.0_x5:   {
2026-09-03T00:52:35.375+0100 [DEBUG] provider.terraform-provider-google_v7.43.0_x5:    "kind": "compute#zone",
2026-09-03T00:52:35.375+0100 [DEBUG] provider.terraform-provider-google_v7.43.0_x5:    "id": "2332",
2026-09-03T00:52:35.375+0100 [DEBUG] provider.terraform-provider-google_v7.43.0_x5:    "creationTimestamp": "1969-12-31T16:00:00.000-08:00",
2026-09-03T00:52:35.375+0100 [DEBUG] provider.terraform-provider-google_v7.43.0_x5:    "name": "northamerica-northeast1-c",
2026-09-03T00:52:35.375+0100 [DEBUG] provider.terraform-provider-google_v7.43.0_x5:    "description": "northamerica-northeast1-c",
2026-09-03T00:52:35.375+0100 [DEBUG] provider.terraform-provider-google_v7.43.0_x5:    "status": "UP",
2026-09-03T00:52:35.375+0100 [DEBUG] provider.terraform-provider-google_v7.43.0_x5:    "region": "https://www.googleapis.com/compute/v1/projects/nomad-platform-gcp/regions/northamerica-northeast1",
2026-09-03T00:52:35.375+0100 [DEBUG] provider.terraform-provider-google_v7.43.0_x5:    "selfLink": "https://www.googleapis.com/compute/v1/projects/nomad-platform-gcp/zones/northamerica-northeast1-c",
2026-09-03T00:52:35.375+0100 [DEBUG] provider.terraform-provider-google_v7.43.0_x5:    "availableCpuPlatforms": [
2026-09-03T00:52:35.375+0100 [DEBUG] provider.terraform-provider-google_v7.43.0_x5:     "Intel Broadwell",
2026-09-03T00:52:35.375+0100 [DEBUG] provider.terraform-provider-google_v7.43.0_x5:     "Intel Cascade Lake",
2026-09-03T00:52:35.375+0100 [DEBUG] provider.terraform-provider-google_v7.43.0_x5:     "Intel Haswell",
2026-09-03T00:52:35.375+0100 [DEBUG] provider.terraform-provider-google_v7.43.0_x5:     "Intel Ice Lake",
2026-09-03T00:52:35.375+0100 [DEBUG] provider.terraform-provider-google_v7.43.0_x5:     "Intel Ivy Bridge",
2026-09-03T00:52:35.375+0100 [DEBUG] provider.terraform-provider-google_v7.43.0_x5:     "AMD Milan",
2026-09-03T00:52:35.375+0100 [DEBUG] provider.terraform-provider-google_v7.43.0_x5:     "AMD Rome",
2026-09-03T00:52:35.375+0100 [DEBUG] provider.terraform-provider-google_v7.43.0_x5:     "Intel Sandy Bridge",
2026-09-03T00:52:35.375+0100 [DEBUG] provider.terraform-provider-google_v7.43.0_x5:     "Intel Sapphire Rapids",
2026-09-03T00:52:35.375+0100 [DEBUG] provider.terraform-provider-google_v7.43.0_x5:     "Intel Skylake"
2026-09-03T00:52:35.375+0100 [DEBUG] provider.terraform-provider-google_v7.43.0_x5:    ],
2026-09-03T00:52:35.375+0100 [DEBUG] provider.terraform-provider-google_v7.43.0_x5:    "supportsPzs": true
2026-09-03T00:52:35.375+0100 [DEBUG] provider.terraform-provider-google_v7.43.0_x5:   },
2026-09-03T00:52:35.375+0100 [DEBUG] provider.terraform-provider-google_v7.43.0_x5:   {
2026-09-03T00:52:35.375+0100 [DEBUG] provider.terraform-provider-google_v7.43.0_x5:    "kind": "compute#zone",
2026-09-03T00:52:35.375+0100 [DEBUG] provider.terraform-provider-google_v7.43.0_x5:    "id": "2461",
2026-09-03T00:52:35.375+0100 [DEBUG] provider.terraform-provider-google_v7.43.0_x5:    "creationTimestamp": "1969-12-31T16:00:00.000-08:00",
2026-09-03T00:52:35.375+0100 [DEBUG] provider.terraform-provider-google_v7.43.0_x5:    "name": "northamerica-northeast2-a",
2026-09-03T00:52:35.375+0100 [DEBUG] provider.terraform-provider-google_v7.43.0_x5:    "description": "northamerica-northeast2-a",
2026-09-03T00:52:35.375+0100 [DEBUG] provider.terraform-provider-google_v7.43.0_x5:    "status": "UP",
2026-09-03T00:52:35.375+0100 [DEBUG] provider.terraform-provider-google_v7.43.0_x5:    "region": "https://www.googleapis.com/compute/v1/projects/nomad-platform-gcp/regions/northamerica-northeast2",
2026-09-03T00:52:35.375+0100 [DEBUG] provider.terraform-provider-google_v7.43.0_x5:    "selfLink": "https://www.googleapis.com/compute/v1/projects/nomad-platform-gcp/zones/northamerica-northeast2-a",
2026-09-03T00:52:35.375+0100 [DEBUG] provider.terraform-provider-google_v7.43.0_x5:    "availableCpuPlatforms": [
2026-09-03T00:52:35.375+0100 [DEBUG] provider.terraform-provider-google_v7.43.0_x5:     "Intel Broadwell",
2026-09-03T00:52:35.375+0100 [DEBUG] provider.terraform-provider-google_v7.43.0_x5:     "Intel Cascade Lake",
2026-09-03T00:52:35.375+0100 [DEBUG] provider.terraform-provider-google_v7.43.0_x5:     "Intel Emerald Rapids",
2026-09-03T00:52:35.375+0100 [DEBUG] provider.terraform-provider-google_v7.43.0_x5:     "Intel Granite Rapids",
2026-09-03T00:52:35.376+0100 [DEBUG] provider.terraform-provider-google_v7.43.0_x5:     "Intel Haswell",
2026-09-03T00:52:35.377+0100 [DEBUG] provider.terraform-provider-google_v7.43.0_x5:     "Intel Ice Lake",
2026-09-03T00:52:35.377+0100 [DEBUG] provider.terraform-provider-google_v7.43.0_x5:     "Intel Ivy Bridge",
2026-09-03T00:52:35.377+0100 [DEBUG] provider.terraform-provider-google_v7.43.0_x5:     "Google Axion",
2026-09-03T00:52:35.377+0100 [DEBUG] provider.terraform-provider-google_v7.43.0_x5:     "AMD Milan",
2026-09-03T00:52:35.375+0100 [DEBUG] ReferenceTransformer: "module.mig.google_compute_instance_template.this[\"nomad-dev-ondemand\"]" references: []
2026-09-03T00:52:35.377+0100 [DEBUG] ReferenceTransformer: "module.mig.google_compute_instance_template.this[\"nomad-dev-spot\"]" references: []
2026-09-03T00:52:35.377+0100 [DEBUG] provider.terraform-provider-google_v7.43.0_x5:     "AMD Rome",
2026-09-03T00:52:35.378+0100 [DEBUG] provider.terraform-provider-google_v7.43.0_x5:     "Intel Sandy Bridge",
2026-09-03T00:52:35.378+0100 [DEBUG] provider.terraform-provider-google_v7.43.0_x5:     "Intel Sapphire Rapids",
2026-09-03T00:52:35.378+0100 [DEBUG] provider.terraform-provider-google_v7.43.0_x5:     "Intel Skylake"
2026-09-03T00:52:35.378+0100 [DEBUG] provider.terraform-provider-google_v7.43.0_x5:    ],
2026-09-03T00:52:35.378+0100 [DEBUG] provider.terraform-provider-google_v7.43.0_x5:    "supportsPzs": true
2026-09-03T00:52:35.378+0100 [DEBUG] provider.terraform-provider-google_v7.43.0_x5:   },
2026-09-03T00:52:35.378+0100 [DEBUG] provider.terraform-provider-google_v7.43.0_x5:   {
2026-09-03T00:52:35.378+0100 [DEBUG] provider.terraform-provider-google_v7.43.0_x5:    "kind": "compute#zone",
2026-09-03T00:52:35.378+0100 [DEBUG] provider.terraform-provider-google_v7.43.0_x5:    "id": "2460",
2026-09-03T00:52:35.378+0100 [DEBUG] provider.terraform-provider-google_v7.43.0_x5:    "creationTimestamp": "1969-12-31T16:00:00.000-08:00",
2026-09-03T00:52:35.378+0100 [DEBUG] provider.terraform-provider-google_v7.43.0_x5:    "name": "northamerica-northeast2-b",
2026-09-03T00:52:35.378+0100 [DEBUG] provider.terraform-provider-google_v7.43.0_x5:    "description": "northamerica-northeast2-b",
2026-09-03T00:52:35.378+0100 [DEBUG] provider.terraform-provider-google_v7.43.0_x5:    "status": "UP",
2026-09-03T00:52:35.378+0100 [DEBUG] provider.terraform-provider-google_v7.43.0_x5:    "region": "https://www.googleapis.com/compute/v1/projects/nomad-platform-gcp/regions/northamerica-northeast2",
2026-09-03T00:52:35.378+0100 [DEBUG] provider.terraform-provider-google_v7.43.0_x5:    "selfLink": "https://www.googleapis.com/compute/v1/projects/nomad-platform-gcp/zones/northamerica-northeast2-b",
2026-09-03T00:52:35.378+0100 [DEBUG] provider.terraform-provider-google_v7.43.0_x5:    "availableCpuPlatforms": [
2026-09-03T00:52:35.378+0100 [DEBUG] provider.terraform-provider-google_v7.43.0_x5:     "Intel Broadwell",
2026-09-03T00:52:35.378+0100 [DEBUG] provider.terraform-provider-google_v7.43.0_x5:     "Intel Cascade Lake",
2026-09-03T00:52:35.378+0100 [DEBUG] provider.terraform-provider-google_v7.43.0_x5:     "Intel Emerald Rapids",
2026-09-03T00:52:35.378+0100 [DEBUG] provider.terraform-provider-google_v7.43.0_x5:     "Intel Granite Rapids",
2026-09-03T00:52:35.378+0100 [DEBUG] provider.terraform-provider-google_v7.43.0_x5:     "Intel Haswell",
2026-09-03T00:52:35.378+0100 [DEBUG] provider.terraform-provider-google_v7.43.0_x5:     "Intel Ice Lake",
2026-09-03T00:52:35.378+0100 [DEBUG] provider.terraform-provider-google_v7.43.0_x5:     "Intel Ivy Bridge",
2026-09-03T00:52:35.378+0100 [DEBUG] provider.terraform-provider-google_v7.43.0_x5:     "Google Axion",
2026-09-03T00:52:35.378+0100 [DEBUG] provider.terraform-provider-google_v7.43.0_x5:     "AMD Milan",
2026-09-03T00:52:35.378+0100 [DEBUG] provider.terraform-provider-google_v7.43.0_x5:     "AMD Rome",
2026-09-03T00:52:35.378+0100 [DEBUG] provider.terraform-provider-google_v7.43.0_x5:     "Intel Sandy Bridge",
2026-09-03T00:52:35.378+0100 [DEBUG] provider.terraform-provider-google_v7.43.0_x5:     "Intel Sapphire Rapids",
2026-09-03T00:52:35.378+0100 [DEBUG] provider.terraform-provider-google_v7.43.0_x5:     "Intel Skylake",
2026-09-03T00:52:35.378+0100 [DEBUG] provider.terraform-provider-google_v7.43.0_x5:     "AMD Turin"
2026-09-03T00:52:35.378+0100 [DEBUG] provider.terraform-provider-google_v7.43.0_x5:    ],
2026-09-03T00:52:35.378+0100 [DEBUG] provider.terraform-provider-google_v7.43.0_x5:    "supportsPzs": true
2026-09-03T00:52:35.378+0100 [DEBUG] provider.terraform-provider-google_v7.43.0_x5:   },
2026-09-03T00:52:35.378+0100 [DEBUG] provider.terraform-provider-google_v7.43.0_x5:   {
2026-09-03T00:52:35.378+0100 [DEBUG] provider.terraform-provider-google_v7.43.0_x5:    "kind": "compute#zone",
2026-09-03T00:52:35.378+0100 [DEBUG] provider.terraform-provider-google_v7.43.0_x5:    "id": "2462",
2026-09-03T00:52:35.378+0100 [DEBUG] provider.terraform-provider-google_v7.43.0_x5:    "creationTimestamp": "1969-12-31T16:00:00.000-08:00",
2026-09-03T00:52:35.378+0100 [DEBUG] provider.terraform-provider-google_v7.43.0_x5:    "name": "northamerica-northeast2-c",
2026-09-03T00:52:35.378+0100 [DEBUG] provider.terraform-provider-google_v7.43.0_x5:    "description": "northamerica-northeast2-c",
2026-09-03T00:52:35.381+0100 [DEBUG] provider.terraform-provider-google_v7.43.0_x5:    "status": "UP",
2026-09-03T00:52:35.382+0100 [DEBUG] provider.terraform-provider-google_v7.43.0_x5:    "region": "https://www.googleapis.com/compute/v1/projects/nomad-platform-gcp/regions/northamerica-northeast2",
2026-09-03T00:52:35.382+0100 [DEBUG] provider.terraform-provider-google_v7.43.0_x5:    "selfLink": "https://www.googleapis.com/compute/v1/projects/nomad-platform-gcp/zones/northamerica-northeast2-c",
2026-09-03T00:52:35.382+0100 [DEBUG] provider.terraform-provider-google_v7.43.0_x5:    "availableCpuPlatforms": [
2026-09-03T00:52:35.382+0100 [DEBUG] provider.terraform-provider-google_v7.43.0_x5:     "Intel Broadwell",
2026-09-03T00:52:35.382+0100 [DEBUG] provider.terraform-provider-google_v7.43.0_x5:     "Intel Cascade Lake",
2026-09-03T00:52:35.382+0100 [DEBUG] provider.terraform-provider-google_v7.43.0_x5:     "Intel Emerald Rapids",
2026-09-03T00:52:35.382+0100 [DEBUG] provider.terraform-provider-google_v7.43.0_x5:     "Intel Granite Rapids",
2026-09-03T00:52:35.382+0100 [DEBUG] provider.terraform-provider-google_v7.43.0_x5:     "Intel Haswell",
2026-09-03T00:52:35.382+0100 [DEBUG] provider.terraform-provider-google_v7.43.0_x5:     "Intel Ice Lake",
2026-09-03T00:52:35.382+0100 [DEBUG] provider.terraform-provider-google_v7.43.0_x5:     "Intel Ivy Bridge",
2026-09-03T00:52:35.382+0100 [DEBUG] provider.terraform-provider-google_v7.43.0_x5:     "AMD Milan",
2026-09-03T00:52:35.382+0100 [DEBUG] provider.terraform-provider-google_v7.43.0_x5:     "AMD Rome",
2026-09-03T00:52:35.382+0100 [DEBUG] provider.terraform-provider-google_v7.43.0_x5:     "Intel Sandy Bridge",
2026-09-03T00:52:35.382+0100 [DEBUG] provider.terraform-provider-google_v7.43.0_x5:     "Intel Sapphire Rapids",
2026-09-03T00:52:35.382+0100 [DEBUG] provider.terraform-provider-google_v7.43.0_x5:     "Intel Skylake"
2026-09-03T00:52:35.382+0100 [DEBUG] provider.terraform-provider-google_v7.43.0_x5:    ],
2026-09-03T00:52:35.382+0100 [DEBUG] provider.terraform-provider-google_v7.43.0_x5:    "supportsPzs": true
2026-09-03T00:52:35.382+0100 [DEBUG] provider.terraform-provider-google_v7.43.0_x5:   },
2026-09-03T00:52:35.382+0100 [DEBUG] provider.terraform-provider-google_v7.43.0_x5:   {
2026-09-03T00:52:35.382+0100 [DEBUG] provider.terraform-provider-google_v7.43.0_x5:    "kind": "compute#zone",
2026-09-03T00:52:35.382+0100 [DEBUG] provider.terraform-provider-google_v7.43.0_x5:    "id": "2641",
2026-09-03T00:52:35.382+0100 [DEBUG] provider.terraform-provider-google_v7.43.0_x5:    "creationTimestamp": "1969-12-31T16:00:00.000-08:00",
2026-09-03T00:52:35.382+0100 [DEBUG] provider.terraform-provider-google_v7.43.0_x5:    "name": "northamerica-south1-a",
2026-09-03T00:52:35.382+0100 [DEBUG] provider.terraform-provider-google_v7.43.0_x5:    "description": "northamerica-south1-a",
2026-09-03T00:52:35.382+0100 [DEBUG] provider.terraform-provider-google_v7.43.0_x5:    "status": "UP",
2026-09-03T00:52:35.382+0100 [DEBUG] provider.terraform-provider-google_v7.43.0_x5:    "region": "https://www.googleapis.com/compute/v1/projects/nomad-platform-gcp/regions/northamerica-south1",
2026-09-03T00:52:35.382+0100 [DEBUG] provider.terraform-provider-google_v7.43.0_x5:    "selfLink": "https://www.googleapis.com/compute/v1/projects/nomad-platform-gcp/zones/northamerica-south1-a",
2026-09-03T00:52:35.382+0100 [DEBUG] provider.terraform-provider-google_v7.43.0_x5:    "availableCpuPlatforms": [
2026-09-03T00:52:35.382+0100 [DEBUG] provider.terraform-provider-google_v7.43.0_x5:     "Intel Broadwell",
2026-09-03T00:52:35.382+0100 [DEBUG] provider.terraform-provider-google_v7.43.0_x5:     "Intel Cascade Lake",
2026-09-03T00:52:35.382+0100 [DEBUG] provider.terraform-provider-google_v7.43.0_x5:     "Intel Emerald Rapids",
2026-09-03T00:52:35.382+0100 [DEBUG] provider.terraform-provider-google_v7.43.0_x5:     "AMD Genoa",
2026-09-03T00:52:35.382+0100 [DEBUG] provider.terraform-provider-google_v7.43.0_x5:     "Intel Granite Rapids",
2026-09-03T00:52:35.382+0100 [DEBUG] provider.terraform-provider-google_v7.43.0_x5:     "Intel Haswell",
2026-09-03T00:52:35.382+0100 [DEBUG] provider.terraform-provider-google_v7.43.0_x5:     "Intel Ice Lake",
2026-09-03T00:52:35.382+0100 [DEBUG] provider.terraform-provider-google_v7.43.0_x5:     "Intel Ivy Bridge",
2026-09-03T00:52:35.382+0100 [DEBUG] provider.terraform-provider-google_v7.43.0_x5:     "Google Axion",
2026-09-03T00:52:35.382+0100 [DEBUG] provider.terraform-provider-google_v7.43.0_x5:     "AMD Milan",
2026-09-03T00:52:35.382+0100 [DEBUG] provider.terraform-provider-google_v7.43.0_x5:     "AMD Rome",
2026-09-03T00:52:35.382+0100 [DEBUG] provider.terraform-provider-google_v7.43.0_x5:     "Intel Sapphire Rapids"
2026-09-03T00:52:35.382+0100 [DEBUG] provider.terraform-provider-google_v7.43.0_x5:    ],
2026-09-03T00:52:35.382+0100 [DEBUG] provider.terraform-provider-google_v7.43.0_x5:    "supportsPzs": false
2026-09-03T00:52:35.382+0100 [DEBUG] provider.terraform-provider-google_v7.43.0_x5:   },
2026-09-03T00:52:35.382+0100 [DEBUG] provider.terraform-provider-google_v7.43.0_x5:   {
2026-09-03T00:52:35.382+0100 [DEBUG] provider.terraform-provider-google_v7.43.0_x5:    "kind": "compute#zone",
2026-09-03T00:52:35.382+0100 [DEBUG] provider.terraform-provider-google_v7.43.0_x5:    "id": "2640",
2026-09-03T00:52:35.382+0100 [DEBUG] provider.terraform-provider-google_v7.43.0_x5:    "creationTimestamp": "1969-12-31T16:00:00.000-08:00",
2026-09-03T00:52:35.382+0100 [DEBUG] provider.terraform-provider-google_v7.43.0_x5:    "name": "northamerica-south1-b",
2026-09-03T00:52:35.382+0100 [DEBUG] provider.terraform-provider-google_v7.43.0_x5:    "description": "northamerica-south1-b",
2026-09-03T00:52:35.382+0100 [DEBUG] provider.terraform-provider-google_v7.43.0_x5:    "status": "UP",
2026-09-03T00:52:35.382+0100 [DEBUG] provider.terraform-provider-google_v7.43.0_x5:    "region": "https://www.googleapis.com/compute/v1/projects/nomad-platform-gcp/regions/northamerica-south1",
2026-09-03T00:52:35.382+0100 [DEBUG] provider.terraform-provider-google_v7.43.0_x5:    "selfLink": "https://www.googleapis.com/compute/v1/projects/nomad-platform-gcp/zones/northamerica-south1-b",
2026-09-03T00:52:35.382+0100 [DEBUG] provider.terraform-provider-google_v7.43.0_x5:    "availableCpuPlatforms": [
2026-09-03T00:52:35.382+0100 [DEBUG] provider.terraform-provider-google_v7.43.0_x5:     "Intel Broadwell",
2026-09-03T00:52:35.382+0100 [DEBUG] provider.terraform-provider-google_v7.43.0_x5:     "Intel Cascade Lake",
2026-09-03T00:52:35.382+0100 [DEBUG] provider.terraform-provider-google_v7.43.0_x5:     "Intel Emerald Rapids",
2026-09-03T00:52:35.382+0100 [DEBUG] provider.terraform-provider-google_v7.43.0_x5:     "AMD Genoa",
2026-09-03T00:52:35.382+0100 [DEBUG] provider.terraform-provider-google_v7.43.0_x5:     "Intel Granite Rapids",
2026-09-03T00:52:35.382+0100 [DEBUG] provider.terraform-provider-google_v7.43.0_x5:     "Intel Haswell",
2026-09-03T00:52:35.382+0100 [DEBUG] provider.terraform-provider-google_v7.43.0_x5:     "Intel Ice Lake",
2026-09-03T00:52:35.382+0100 [DEBUG] provider.terraform-provider-google_v7.43.0_x5:     "Intel Ivy Bridge",
2026-09-03T00:52:35.382+0100 [DEBUG] provider.terraform-provider-google_v7.43.0_x5:     "Google Axion",
2026-09-03T00:52:35.382+0100 [DEBUG] provider.terraform-provider-google_v7.43.0_x5:     "AMD Milan",
2026-09-03T00:52:35.382+0100 [DEBUG] provider.terraform-provider-google_v7.43.0_x5:     "AMD Rome",
2026-09-03T00:52:35.382+0100 [DEBUG] provider.terraform-provider-google_v7.43.0_x5:     "Intel Sapphire Rapids"
2026-09-03T00:52:35.382+0100 [DEBUG] provider.terraform-provider-google_v7.43.0_x5:    ],
2026-09-03T00:52:35.382+0100 [DEBUG] provider.terraform-provider-google_v7.43.0_x5:    "supportsPzs": false
2026-09-03T00:52:35.382+0100 [DEBUG] provider.terraform-provider-google_v7.43.0_x5:   },
2026-09-03T00:52:35.382+0100 [DEBUG] provider.terraform-provider-google_v7.43.0_x5:   {
2026-09-03T00:52:35.382+0100 [DEBUG] provider.terraform-provider-google_v7.43.0_x5:    "kind": "compute#zone",
2026-09-03T00:52:35.382+0100 [DEBUG] provider.terraform-provider-google_v7.43.0_x5:    "id": "2642",
2026-09-03T00:52:35.382+0100 [DEBUG] provider.terraform-provider-google_v7.43.0_x5:    "creationTimestamp": "1969-12-31T16:00:00.000-08:00",
2026-09-03T00:52:35.382+0100 [DEBUG] provider.terraform-provider-google_v7.43.0_x5:    "name": "northamerica-south1-c",
2026-09-03T00:52:35.382+0100 [DEBUG] provider.terraform-provider-google_v7.43.0_x5:    "description": "northamerica-south1-c",
2026-09-03T00:52:35.382+0100 [DEBUG] provider.terraform-provider-google_v7.43.0_x5:    "status": "UP",
2026-09-03T00:52:35.382+0100 [DEBUG] provider.terraform-provider-google_v7.43.0_x5:    "region": "https://www.googleapis.com/compute/v1/projects/nomad-platform-gcp/regions/northamerica-south1",
2026-09-03T00:52:35.382+0100 [DEBUG] provider.terraform-provider-google_v7.43.0_x5:    "selfLink": "https://www.googleapis.com/compute/v1/projects/nomad-platform-gcp/zones/northamerica-south1-c",
2026-09-03T00:52:35.382+0100 [DEBUG] provider.terraform-provider-google_v7.43.0_x5:    "availableCpuPlatforms": [
2026-09-03T00:52:35.382+0100 [DEBUG] provider.terraform-provider-google_v7.43.0_x5:     "Intel Broadwell",
2026-09-03T00:52:35.382+0100 [DEBUG] provider.terraform-provider-google_v7.43.0_x5:     "Intel Cascade Lake",
2026-09-03T00:52:35.382+0100 [DEBUG] provider.terraform-provider-google_v7.43.0_x5:     "Intel Emerald Rapids",
2026-09-03T00:52:35.382+0100 [DEBUG] provider.terraform-provider-google_v7.43.0_x5:     "AMD Genoa",
2026-09-03T00:52:35.382+0100 [DEBUG] provider.terraform-provider-google_v7.43.0_x5:     "Intel Granite Rapids",
2026-09-03T00:52:35.382+0100 [DEBUG] provider.terraform-provider-google_v7.43.0_x5:     "Intel Haswell",
2026-09-03T00:52:35.382+0100 [DEBUG] provider.terraform-provider-google_v7.43.0_x5:     "Intel Ice Lake",
2026-09-03T00:52:35.382+0100 [DEBUG] provider.terraform-provider-google_v7.43.0_x5:     "Intel Ivy Bridge",
2026-09-03T00:52:35.382+0100 [DEBUG] provider.terraform-provider-google_v7.43.0_x5:     "Google Axion",
2026-09-03T00:52:35.382+0100 [DEBUG] provider.terraform-provider-google_v7.43.0_x5:     "AMD Milan",
2026-09-03T00:52:35.382+0100 [DEBUG] provider.terraform-provider-google_v7.43.0_x5:     "AMD Rome",
2026-09-03T00:52:35.382+0100 [DEBUG] provider.terraform-provider-google_v7.43.0_x5:     "Intel Sapphire Rapids"
2026-09-03T00:52:35.382+0100 [DEBUG] provider.terraform-provider-google_v7.43.0_x5:    ],
2026-09-03T00:52:35.382+0100 [DEBUG] provider.terraform-provider-google_v7.43.0_x5:    "supportsPzs": false
2026-09-03T00:52:35.382+0100 [DEBUG] provider.terraform-provider-google_v7.43.0_x5:   },
2026-09-03T00:52:35.382+0100 [DEBUG] provider.terraform-provider-google_v7.43.0_x5:   {
2026-09-03T00:52:35.382+0100 [DEBUG] provider.terraform-provider-google_v7.43.0_x5:    "kind": "compute#zone",
2026-09-03T00:52:35.382+0100 [DEBUG] provider.terraform-provider-google_v7.43.0_x5:    "id": "2490",
2026-09-03T00:52:35.382+0100 [DEBUG] provider.terraform-provider-google_v7.43.0_x5:    "creationTimestamp": "1969-12-31T16:00:00.000-08:00",
2026-09-03T00:52:35.382+0100 [DEBUG] provider.terraform-provider-google_v7.43.0_x5:    "name": "southamerica-west1-a",
2026-09-03T00:52:35.382+0100 [DEBUG] provider.terraform-provider-google_v7.43.0_x5:    "description": "southamerica-west1-a",
2026-09-03T00:52:35.382+0100 [DEBUG] provider.terraform-provider-google_v7.43.0_x5:    "status": "UP",
2026-09-03T00:52:35.382+0100 [DEBUG] provider.terraform-provider-google_v7.43.0_x5:    "region": "https://www.googleapis.com/compute/v1/projects/nomad-platform-gcp/regions/southamerica-west1",
2026-09-03T00:52:35.382+0100 [DEBUG] provider.terraform-provider-google_v7.43.0_x5:    "selfLink": "https://www.googleapis.com/compute/v1/projects/nomad-platform-gcp/zones/southamerica-west1-a",
2026-09-03T00:52:35.382+0100 [DEBUG] provider.terraform-provider-google_v7.43.0_x5:    "availableCpuPlatforms": [
2026-09-03T00:52:35.382+0100 [DEBUG] provider.terraform-provider-google_v7.43.0_x5:     "Intel Broadwell",
2026-09-03T00:52:35.382+0100 [DEBUG] provider.terraform-provider-google_v7.43.0_x5:     "Intel Cascade Lake",
2026-09-03T00:52:35.382+0100 [DEBUG] provider.terraform-provider-google_v7.43.0_x5:     "Intel Emerald Rapids",
2026-09-03T00:52:35.382+0100 [DEBUG] provider.terraform-provider-google_v7.43.0_x5:     "AMD Genoa",
2026-09-03T00:52:35.382+0100 [DEBUG] provider.terraform-provider-google_v7.43.0_x5:     "Intel Granite Rapids",
2026-09-03T00:52:35.382+0100 [DEBUG] provider.terraform-provider-google_v7.43.0_x5:     "Intel Haswell",
2026-09-03T00:52:35.382+0100 [DEBUG] provider.terraform-provider-google_v7.43.0_x5:     "Intel Ice Lake",
2026-09-03T00:52:35.382+0100 [DEBUG] provider.terraform-provider-google_v7.43.0_x5:     "Intel Ivy Bridge",
2026-09-03T00:52:35.382+0100 [DEBUG] provider.terraform-provider-google_v7.43.0_x5:     "Google Axion",
2026-09-03T00:52:35.382+0100 [DEBUG] provider.terraform-provider-google_v7.43.0_x5:     "AMD Milan",
2026-09-03T00:52:35.382+0100 [DEBUG] provider.terraform-provider-google_v7.43.0_x5:     "AMD Rome",
2026-09-03T00:52:35.382+0100 [DEBUG] provider.terraform-provider-google_v7.43.0_x5:     "Intel Sapphire Rapids",
2026-09-03T00:52:35.382+0100 [DEBUG] provider.terraform-provider-google_v7.43.0_x5:     "Intel Skylake"
2026-09-03T00:52:35.382+0100 [DEBUG] provider.terraform-provider-google_v7.43.0_x5:    ],
2026-09-03T00:52:35.382+0100 [DEBUG] provider.terraform-provider-google_v7.43.0_x5:    "supportsPzs": false
2026-09-03T00:52:35.382+0100 [DEBUG] provider.terraform-provider-google_v7.43.0_x5:   },
2026-09-03T00:52:35.382+0100 [DEBUG] provider.terraform-provider-google_v7.43.0_x5:   {
2026-09-03T00:52:35.382+0100 [DEBUG] provider.terraform-provider-google_v7.43.0_x5:    "kind": "compute#zone",
2026-09-03T00:52:35.382+0100 [DEBUG] provider.terraform-provider-google_v7.43.0_x5:    "id": "2491",
2026-09-03T00:52:35.382+0100 [DEBUG] provider.terraform-provider-google_v7.43.0_x5:    "creationTimestamp": "1969-12-31T16:00:00.000-08:00",
2026-09-03T00:52:35.382+0100 [DEBUG] provider.terraform-provider-google_v7.43.0_x5:    "name": "southamerica-west1-b",
2026-09-03T00:52:35.382+0100 [DEBUG] provider.terraform-provider-google_v7.43.0_x5:    "description": "southamerica-west1-b",
2026-09-03T00:52:35.382+0100 [DEBUG] provider.terraform-provider-google_v7.43.0_x5:    "status": "UP",
2026-09-03T00:52:35.382+0100 [DEBUG] provider.terraform-provider-google_v7.43.0_x5:    "region": "https://www.googleapis.com/compute/v1/projects/nomad-platform-gcp/regions/southamerica-west1",
2026-09-03T00:52:35.382+0100 [DEBUG] provider.terraform-provider-google_v7.43.0_x5:    "selfLink": "https://www.googleapis.com/compute/v1/projects/nomad-platform-gcp/zones/southamerica-west1-b",
2026-09-03T00:52:35.382+0100 [DEBUG] provider.terraform-provider-google_v7.43.0_x5:    "availableCpuPlatforms": [
2026-09-03T00:52:35.382+0100 [DEBUG] provider.terraform-provider-google_v7.43.0_x5:     "Intel Broadwell",
2026-09-03T00:52:35.382+0100 [DEBUG] provider.terraform-provider-google_v7.43.0_x5:     "Intel Cascade Lake",
2026-09-03T00:52:35.382+0100 [DEBUG] provider.terraform-provider-google_v7.43.0_x5:     "Intel Emerald Rapids",
2026-09-03T00:52:35.382+0100 [DEBUG] provider.terraform-provider-google_v7.43.0_x5:     "Intel Granite Rapids",
2026-09-03T00:52:35.382+0100 [DEBUG] provider.terraform-provider-google_v7.43.0_x5:     "Intel Haswell",
2026-09-03T00:52:35.382+0100 [DEBUG] provider.terraform-provider-google_v7.43.0_x5:     "Intel Ice Lake",
2026-09-03T00:52:35.382+0100 [DEBUG] provider.terraform-provider-google_v7.43.0_x5:     "Intel Ivy Bridge",
2026-09-03T00:52:35.382+0100 [DEBUG] provider.terraform-provider-google_v7.43.0_x5:     "Google Axion",
2026-09-03T00:52:35.382+0100 [DEBUG] provider.terraform-provider-google_v7.43.0_x5:     "AMD Milan",
2026-09-03T00:52:35.382+0100 [DEBUG] provider.terraform-provider-google_v7.43.0_x5:     "AMD Rome",
2026-09-03T00:52:35.382+0100 [DEBUG] provider.terraform-provider-google_v7.43.0_x5:     "Intel Skylake"
2026-09-03T00:52:35.382+0100 [DEBUG] provider.terraform-provider-google_v7.43.0_x5:    ],
2026-09-03T00:52:35.382+0100 [DEBUG] provider.terraform-provider-google_v7.43.0_x5:    "supportsPzs": false
2026-09-03T00:52:35.382+0100 [DEBUG] provider.terraform-provider-google_v7.43.0_x5:   },
2026-09-03T00:52:35.382+0100 [DEBUG] provider.terraform-provider-google_v7.43.0_x5:   {
2026-09-03T00:52:35.382+0100 [DEBUG] provider.terraform-provider-google_v7.43.0_x5:    "kind": "compute#zone",
2026-09-03T00:52:35.382+0100 [DEBUG] provider.terraform-provider-google_v7.43.0_x5:    "id": "2492",
2026-09-03T00:52:35.382+0100 [DEBUG] provider.terraform-provider-google_v7.43.0_x5:    "creationTimestamp": "1969-12-31T16:00:00.000-08:00",
2026-09-03T00:52:35.382+0100 [DEBUG] provider.terraform-provider-google_v7.43.0_x5:    "name": "southamerica-west1-c",
2026-09-03T00:52:35.382+0100 [DEBUG] provider.terraform-provider-google_v7.43.0_x5:    "description": "southamerica-west1-c",
2026-09-03T00:52:35.382+0100 [DEBUG] provider.terraform-provider-google_v7.43.0_x5:    "status": "UP",
2026-09-03T00:52:35.382+0100 [DEBUG] provider.terraform-provider-google_v7.43.0_x5:    "region": "https://www.googleapis.com/compute/v1/projects/nomad-platform-gcp/regions/southamerica-west1",
2026-09-03T00:52:35.382+0100 [DEBUG] provider.terraform-provider-google_v7.43.0_x5:    "selfLink": "https://www.googleapis.com/compute/v1/projects/nomad-platform-gcp/zones/southamerica-west1-c",
2026-09-03T00:52:35.382+0100 [DEBUG] provider.terraform-provider-google_v7.43.0_x5:    "availableCpuPlatforms": [
2026-09-03T00:52:35.382+0100 [DEBUG] provider.terraform-provider-google_v7.43.0_x5:     "Intel Broadwell",
2026-09-03T00:52:35.382+0100 [DEBUG] provider.terraform-provider-google_v7.43.0_x5:     "Intel Cascade Lake",
2026-09-03T00:52:35.382+0100 [DEBUG] provider.terraform-provider-google_v7.43.0_x5:     "Intel Emerald Rapids",
2026-09-03T00:52:35.382+0100 [DEBUG] provider.terraform-provider-google_v7.43.0_x5:     "Intel Granite Rapids",
2026-09-03T00:52:35.382+0100 [DEBUG] provider.terraform-provider-google_v7.43.0_x5:     "Intel Haswell",
2026-09-03T00:52:35.382+0100 [DEBUG] provider.terraform-provider-google_v7.43.0_x5:     "Intel Ice Lake",
2026-09-03T00:52:35.382+0100 [DEBUG] provider.terraform-provider-google_v7.43.0_x5:     "Intel Ivy Bridge",
2026-09-03T00:52:35.382+0100 [DEBUG] provider.terraform-provider-google_v7.43.0_x5:     "AMD Milan",
2026-09-03T00:52:35.382+0100 [DEBUG] provider.terraform-provider-google_v7.43.0_x5:     "AMD Rome",
2026-09-03T00:52:35.382+0100 [DEBUG] provider.terraform-provider-google_v7.43.0_x5:     "Intel Skylake"
2026-09-03T00:52:35.382+0100 [DEBUG] provider.terraform-provider-google_v7.43.0_x5:    ],
2026-09-03T00:52:35.382+0100 [DEBUG] provider.terraform-provider-google_v7.43.0_x5:    "supportsPzs": false
2026-09-03T00:52:35.382+0100 [DEBUG] provider.terraform-provider-google_v7.43.0_x5:   },
2026-09-03T00:52:35.382+0100 [DEBUG] provider.terraform-provider-google_v7.43.0_x5:   {
2026-09-03T00:52:35.382+0100 [DEBUG] provider.terraform-provider-google_v7.43.0_x5:    "kind": "compute#zone",
2026-09-03T00:52:35.382+0100 [DEBUG] provider.terraform-provider-google_v7.43.0_x5:    "id": "2532",
2026-09-03T00:52:35.382+0100 [DEBUG] provider.terraform-provider-google_v7.43.0_x5:    "creationTimestamp": "1969-12-31T16:00:00.000-08:00",
2026-09-03T00:52:35.382+0100 [DEBUG] provider.terraform-provider-google_v7.43.0_x5:    "name": "us-east5-a",
2026-09-03T00:52:35.383+0100 [DEBUG] provider.terraform-provider-google_v7.43.0_x5:    "description": "us-east5-a",
2026-09-03T00:52:35.383+0100 [DEBUG] provider.terraform-provider-google_v7.43.0_x5:    "status": "UP",
2026-09-03T00:52:35.383+0100 [DEBUG] provider.terraform-provider-google_v7.43.0_x5:    "region": "https://www.googleapis.com/compute/v1/projects/nomad-platform-gcp/regions/us-east5",
2026-09-03T00:52:35.383+0100 [DEBUG] provider.terraform-provider-google_v7.43.0_x5:    "selfLink": "https://www.googleapis.com/compute/v1/projects/nomad-platform-gcp/zones/us-east5-a",
2026-09-03T00:52:35.383+0100 [DEBUG] provider.terraform-provider-google_v7.43.0_x5:    "availableCpuPlatforms": [
2026-09-03T00:52:35.383+0100 [DEBUG] provider.terraform-provider-google_v7.43.0_x5:     "Intel Broadwell",
2026-09-03T00:52:35.383+0100 [DEBUG] provider.terraform-provider-google_v7.43.0_x5:     "Intel Cascade Lake",
2026-09-03T00:52:35.383+0100 [DEBUG] provider.terraform-provider-google_v7.43.0_x5:     "Intel Emerald Rapids",
2026-09-03T00:52:35.383+0100 [DEBUG] provider.terraform-provider-google_v7.43.0_x5:     "AMD Genoa",
2026-09-03T00:52:35.383+0100 [DEBUG] provider.terraform-provider-google_v7.43.0_x5:     "Intel Granite Rapids",
2026-09-03T00:52:35.383+0100 [DEBUG] provider.terraform-provider-google_v7.43.0_x5:     "Intel Haswell",
2026-09-03T00:52:35.383+0100 [DEBUG] provider.terraform-provider-google_v7.43.0_x5:     "Intel Ice Lake",
2026-09-03T00:52:35.383+0100 [DEBUG] provider.terraform-provider-google_v7.43.0_x5:     "Intel Ivy Bridge",
2026-09-03T00:52:35.383+0100 [DEBUG] provider.terraform-provider-google_v7.43.0_x5:     "Google Axion",
2026-09-03T00:52:35.383+0100 [DEBUG] provider.terraform-provider-google_v7.43.0_x5:     "AMD Milan",
2026-09-03T00:52:35.383+0100 [DEBUG] provider.terraform-provider-google_v7.43.0_x5:     "AMD Rome",
2026-09-03T00:52:35.383+0100 [DEBUG] provider.terraform-provider-google_v7.43.0_x5:     "Intel Sapphire Rapids",
2026-09-03T00:52:35.383+0100 [DEBUG] provider.terraform-provider-google_v7.43.0_x5:     "Intel Skylake",
2026-09-03T00:52:35.383+0100 [DEBUG] provider.terraform-provider-google_v7.43.0_x5:     "AMD Turin"
2026-09-03T00:52:35.383+0100 [DEBUG] provider.terraform-provider-google_v7.43.0_x5:    ],
2026-09-03T00:52:35.383+0100 [DEBUG] provider.terraform-provider-google_v7.43.0_x5:    "supportsPzs": true
2026-09-03T00:52:35.383+0100 [DEBUG] provider.terraform-provider-google_v7.43.0_x5:   },
2026-09-03T00:52:35.383+0100 [DEBUG] provider.terraform-provider-google_v7.43.0_x5:   {
2026-09-03T00:52:35.383+0100 [DEBUG] provider.terraform-provider-google_v7.43.0_x5:    "kind": "compute#zone",
2026-09-03T00:52:35.383+0100 [DEBUG] provider.terraform-provider-google_v7.43.0_x5:    "id": "2531",
2026-09-03T00:52:35.383+0100 [DEBUG] provider.terraform-provider-google_v7.43.0_x5:    "creationTimestamp": "1969-12-31T16:00:00.000-08:00",
2026-09-03T00:52:35.383+0100 [DEBUG] provider.terraform-provider-google_v7.43.0_x5:    "name": "us-east5-b",
2026-09-03T00:52:35.383+0100 [DEBUG] provider.terraform-provider-google_v7.43.0_x5:    "description": "us-east5-b",
2026-09-03T00:52:35.383+0100 [DEBUG] provider.terraform-provider-google_v7.43.0_x5:    "status": "UP",
2026-09-03T00:52:35.383+0100 [DEBUG] provider.terraform-provider-google_v7.43.0_x5:    "region": "https://www.googleapis.com/compute/v1/projects/nomad-platform-gcp/regions/us-east5",
2026-09-03T00:52:35.383+0100 [DEBUG] provider.terraform-provider-google_v7.43.0_x5:    "selfLink": "https://www.googleapis.com/compute/v1/projects/nomad-platform-gcp/zones/us-east5-b",
2026-09-03T00:52:35.383+0100 [DEBUG] provider.terraform-provider-google_v7.43.0_x5:    "availableCpuPlatforms": [
2026-09-03T00:52:35.383+0100 [DEBUG] provider.terraform-provider-google_v7.43.0_x5:     "Intel Broadwell",
2026-09-03T00:52:35.383+0100 [DEBUG] provider.terraform-provider-google_v7.43.0_x5:     "Intel Cascade Lake",
2026-09-03T00:52:35.383+0100 [DEBUG] provider.terraform-provider-google_v7.43.0_x5:     "Intel Emerald Rapids",
2026-09-03T00:52:35.383+0100 [DEBUG] provider.terraform-provider-google_v7.43.0_x5:     "AMD Genoa",
2026-09-03T00:52:35.383+0100 [DEBUG] provider.terraform-provider-google_v7.43.0_x5:     "NVIDIA Grace",
2026-09-03T00:52:35.383+0100 [DEBUG] provider.terraform-provider-google_v7.43.0_x5:     "Intel Granite Rapids",
2026-09-03T00:52:35.383+0100 [DEBUG] provider.terraform-provider-google_v7.43.0_x5:     "Intel Haswell",
2026-09-03T00:52:35.383+0100 [DEBUG] provider.terraform-provider-google_v7.43.0_x5:     "Intel Ice Lake",
2026-09-03T00:52:35.383+0100 [DEBUG] provider.terraform-provider-google_v7.43.0_x5:     "Intel Ivy Bridge",
2026-09-03T00:52:35.383+0100 [DEBUG] provider.terraform-provider-google_v7.43.0_x5:     "Google Axion",
2026-09-03T00:52:35.383+0100 [DEBUG] provider.terraform-provider-google_v7.43.0_x5:     "AMD Milan",
2026-09-03T00:52:35.383+0100 [DEBUG] provider.terraform-provider-google_v7.43.0_x5:     "AMD Rome",
2026-09-03T00:52:35.383+0100 [DEBUG] provider.terraform-provider-google_v7.43.0_x5:     "Intel Sapphire Rapids",
2026-09-03T00:52:35.383+0100 [DEBUG] provider.terraform-provider-google_v7.43.0_x5:     "Intel Skylake",
2026-09-03T00:52:35.383+0100 [DEBUG] provider.terraform-provider-google_v7.43.0_x5:     "Google Axion",
2026-09-03T00:52:35.383+0100 [DEBUG] provider.terraform-provider-google_v7.43.0_x5:     "AMD Turin"
2026-09-03T00:52:35.383+0100 [DEBUG] provider.terraform-provider-google_v7.43.0_x5:    ],
2026-09-03T00:52:35.383+0100 [DEBUG] provider.terraform-provider-google_v7.43.0_x5:    "supportsPzs": true
2026-09-03T00:52:35.383+0100 [DEBUG] provider.terraform-provider-google_v7.43.0_x5:   },
2026-09-03T00:52:35.383+0100 [DEBUG] provider.terraform-provider-google_v7.43.0_x5:   {
2026-09-03T00:52:35.383+0100 [DEBUG] provider.terraform-provider-google_v7.43.0_x5:    "kind": "compute#zone",
2026-09-03T00:52:35.383+0100 [DEBUG] provider.terraform-provider-google_v7.43.0_x5:    "id": "2530",
2026-09-03T00:52:35.383+0100 [DEBUG] provider.terraform-provider-google_v7.43.0_x5:    "creationTimestamp": "1969-12-31T16:00:00.000-08:00",
2026-09-03T00:52:35.383+0100 [DEBUG] provider.terraform-provider-google_v7.43.0_x5:    "name": "us-east5-c",
2026-09-03T00:52:35.383+0100 [DEBUG] provider.terraform-provider-google_v7.43.0_x5:    "description": "us-east5-c",
2026-09-03T00:52:35.383+0100 [DEBUG] provider.terraform-provider-google_v7.43.0_x5:    "status": "UP",
2026-09-03T00:52:35.383+0100 [DEBUG] provider.terraform-provider-google_v7.43.0_x5:    "region": "https://www.googleapis.com/compute/v1/projects/nomad-platform-gcp/regions/us-east5",
2026-09-03T00:52:35.383+0100 [DEBUG] provider.terraform-provider-google_v7.43.0_x5:    "selfLink": "https://www.googleapis.com/compute/v1/projects/nomad-platform-gcp/zones/us-east5-c",
2026-09-03T00:52:35.383+0100 [DEBUG] provider.terraform-provider-google_v7.43.0_x5:    "availableCpuPlatforms": [
2026-09-03T00:52:35.383+0100 [DEBUG] provider.terraform-provider-google_v7.43.0_x5:     "Intel Broadwell",
2026-09-03T00:52:35.383+0100 [DEBUG] provider.terraform-provider-google_v7.43.0_x5:     "Intel Cascade Lake",
2026-09-03T00:52:35.383+0100 [DEBUG] provider.terraform-provider-google_v7.43.0_x5:     "Intel Emerald Rapids",
2026-09-03T00:52:35.383+0100 [DEBUG] provider.terraform-provider-google_v7.43.0_x5:     "AMD Genoa",
2026-09-03T00:52:35.383+0100 [DEBUG] provider.terraform-provider-google_v7.43.0_x5:     "NVIDIA Grace",
2026-09-03T00:52:35.383+0100 [DEBUG] provider.terraform-provider-google_v7.43.0_x5:     "Intel Granite Rapids",
2026-09-03T00:52:35.383+0100 [DEBUG] provider.terraform-provider-google_v7.43.0_x5:     "Intel Haswell",
2026-09-03T00:52:35.383+0100 [DEBUG] provider.terraform-provider-google_v7.43.0_x5:     "Intel Ice Lake",
2026-09-03T00:52:35.383+0100 [DEBUG] provider.terraform-provider-google_v7.43.0_x5:     "Intel Ivy Bridge",
2026-09-03T00:52:35.383+0100 [DEBUG] provider.terraform-provider-google_v7.43.0_x5:     "Google Axion",
2026-09-03T00:52:35.383+0100 [DEBUG] provider.terraform-provider-google_v7.43.0_x5:     "AMD Milan",
2026-09-03T00:52:35.383+0100 [DEBUG] provider.terraform-provider-google_v7.43.0_x5:     "AMD Rome",
2026-09-03T00:52:35.383+0100 [DEBUG] provider.terraform-provider-google_v7.43.0_x5:     "Intel Sapphire Rapids",
2026-09-03T00:52:35.383+0100 [DEBUG] provider.terraform-provider-google_v7.43.0_x5:     "Intel Skylake",
2026-09-03T00:52:35.383+0100 [DEBUG] provider.terraform-provider-google_v7.43.0_x5:     "AMD Turin"
2026-09-03T00:52:35.383+0100 [DEBUG] provider.terraform-provider-google_v7.43.0_x5:    ],
2026-09-03T00:52:35.383+0100 [DEBUG] provider.terraform-provider-google_v7.43.0_x5:    "supportsPzs": true
2026-09-03T00:52:35.383+0100 [DEBUG] provider.terraform-provider-google_v7.43.0_x5:   },
2026-09-03T00:52:35.383+0100 [DEBUG] provider.terraform-provider-google_v7.43.0_x5:   {
2026-09-03T00:52:35.383+0100 [DEBUG] provider.terraform-provider-google_v7.43.0_x5:    "kind": "compute#zone",
2026-09-03T00:52:35.383+0100 [DEBUG] provider.terraform-provider-google_v7.43.0_x5:    "id": "2551",
2026-09-03T00:52:35.383+0100 [DEBUG] provider.terraform-provider-google_v7.43.0_x5:    "creationTimestamp": "1969-12-31T16:00:00.000-08:00",
2026-09-03T00:52:35.383+0100 [DEBUG] provider.terraform-provider-google_v7.43.0_x5:    "name": "us-south1-a",
2026-09-03T00:52:35.383+0100 [DEBUG] provider.terraform-provider-google_v7.43.0_x5:    "description": "us-south1-a",
2026-09-03T00:52:35.383+0100 [DEBUG] provider.terraform-provider-google_v7.43.0_x5:    "status": "UP",
2026-09-03T00:52:35.383+0100 [DEBUG] provider.terraform-provider-google_v7.43.0_x5:    "region": "https://www.googleapis.com/compute/v1/projects/nomad-platform-gcp/regions/us-south1",
2026-09-03T00:52:35.383+0100 [DEBUG] provider.terraform-provider-google_v7.43.0_x5:    "selfLink": "https://www.googleapis.com/compute/v1/projects/nomad-platform-gcp/zones/us-south1-a",
2026-09-03T00:52:35.383+0100 [DEBUG] provider.terraform-provider-google_v7.43.0_x5:    "availableCpuPlatforms": [
2026-09-03T00:52:35.383+0100 [DEBUG] provider.terraform-provider-google_v7.43.0_x5:     "Intel Broadwell",
2026-09-03T00:52:35.383+0100 [DEBUG] provider.terraform-provider-google_v7.43.0_x5:     "Intel Cascade Lake",
2026-09-03T00:52:35.383+0100 [DEBUG] provider.terraform-provider-google_v7.43.0_x5:     "Intel Emerald Rapids",
2026-09-03T00:52:35.383+0100 [DEBUG] provider.terraform-provider-google_v7.43.0_x5:     "Intel Granite Rapids",
2026-09-03T00:52:35.383+0100 [DEBUG] provider.terraform-provider-google_v7.43.0_x5:     "Intel Haswell",
2026-09-03T00:52:35.383+0100 [DEBUG] provider.terraform-provider-google_v7.43.0_x5:     "Intel Ice Lake",
2026-09-03T00:52:35.383+0100 [DEBUG] provider.terraform-provider-google_v7.43.0_x5:     "Intel Ivy Bridge",
2026-09-03T00:52:35.383+0100 [DEBUG] provider.terraform-provider-google_v7.43.0_x5:     "Google Axion",
2026-09-03T00:52:35.383+0100 [DEBUG] provider.terraform-provider-google_v7.43.0_x5:     "AMD Milan",
2026-09-03T00:52:35.383+0100 [DEBUG] provider.terraform-provider-google_v7.43.0_x5:     "AMD Rome",
2026-09-03T00:52:35.383+0100 [DEBUG] provider.terraform-provider-google_v7.43.0_x5:     "Intel Sapphire Rapids",
2026-09-03T00:52:35.383+0100 [DEBUG] provider.terraform-provider-google_v7.43.0_x5:     "Intel Skylake",
2026-09-03T00:52:35.383+0100 [DEBUG] provider.terraform-provider-google_v7.43.0_x5:     "AMD Turin"
2026-09-03T00:52:35.383+0100 [DEBUG] provider.terraform-provider-google_v7.43.0_x5:    ],
2026-09-03T00:52:35.383+0100 [DEBUG] provider.terraform-provider-google_v7.43.0_x5:    "supportsPzs": true
2026-09-03T00:52:35.383+0100 [DEBUG] provider.terraform-provider-google_v7.43.0_x5:   },
2026-09-03T00:52:35.383+0100 [DEBUG] provider.terraform-provider-google_v7.43.0_x5:   {
2026-09-03T00:52:35.383+0100 [DEBUG] provider.terraform-provider-google_v7.43.0_x5:    "kind": "compute#zone",
2026-09-03T00:52:35.383+0100 [DEBUG] provider.terraform-provider-google_v7.43.0_x5:    "id": "2552",
2026-09-03T00:52:35.383+0100 [DEBUG] provider.terraform-provider-google_v7.43.0_x5:    "creationTimestamp": "1969-12-31T16:00:00.000-08:00",
2026-09-03T00:52:35.383+0100 [DEBUG] provider.terraform-provider-google_v7.43.0_x5:    "name": "us-south1-b",
2026-09-03T00:52:35.383+0100 [DEBUG] provider.terraform-provider-google_v7.43.0_x5:    "description": "us-south1-b",
2026-09-03T00:52:35.383+0100 [DEBUG] provider.terraform-provider-google_v7.43.0_x5:    "status": "UP",
2026-09-03T00:52:35.383+0100 [DEBUG] provider.terraform-provider-google_v7.43.0_x5:    "region": "https://www.googleapis.com/compute/v1/projects/nomad-platform-gcp/regions/us-south1",
2026-09-03T00:52:35.383+0100 [DEBUG] provider.terraform-provider-google_v7.43.0_x5:    "selfLink": "https://www.googleapis.com/compute/v1/projects/nomad-platform-gcp/zones/us-south1-b",
2026-09-03T00:52:35.383+0100 [DEBUG] provider.terraform-provider-google_v7.43.0_x5:    "availableCpuPlatforms": [
2026-09-03T00:52:35.383+0100 [DEBUG] provider.terraform-provider-google_v7.43.0_x5:     "Intel Broadwell",
2026-09-03T00:52:35.383+0100 [DEBUG] provider.terraform-provider-google_v7.43.0_x5:     "Intel Cascade Lake",
2026-09-03T00:52:35.383+0100 [DEBUG] provider.terraform-provider-google_v7.43.0_x5:     "Intel Emerald Rapids",
2026-09-03T00:52:35.383+0100 [DEBUG] provider.terraform-provider-google_v7.43.0_x5:     "Intel Granite Rapids",
2026-09-03T00:52:35.383+0100 [DEBUG] provider.terraform-provider-google_v7.43.0_x5:     "Intel Haswell",
2026-09-03T00:52:35.383+0100 [DEBUG] provider.terraform-provider-google_v7.43.0_x5:     "Intel Ice Lake",
2026-09-03T00:52:35.383+0100 [DEBUG] provider.terraform-provider-google_v7.43.0_x5:     "Intel Ivy Bridge",
2026-09-03T00:52:35.383+0100 [DEBUG] provider.terraform-provider-google_v7.43.0_x5:     "Google Axion",
2026-09-03T00:52:35.383+0100 [DEBUG] provider.terraform-provider-google_v7.43.0_x5:     "AMD Milan",
2026-09-03T00:52:35.383+0100 [DEBUG] provider.terraform-provider-google_v7.43.0_x5:     "AMD Rome",
2026-09-03T00:52:35.383+0100 [DEBUG] provider.terraform-provider-google_v7.43.0_x5:     "Intel Sapphire Rapids",
2026-09-03T00:52:35.383+0100 [DEBUG] provider.terraform-provider-google_v7.43.0_x5:     "Intel Skylake",
2026-09-03T00:52:35.383+0100 [DEBUG] provider.terraform-provider-google_v7.43.0_x5:     "AMD Turin"
2026-09-03T00:52:35.383+0100 [DEBUG] provider.terraform-provider-google_v7.43.0_x5:    ],
2026-09-03T00:52:35.383+0100 [DEBUG] provider.terraform-provider-google_v7.43.0_x5:    "supportsPzs": true
2026-09-03T00:52:35.383+0100 [DEBUG] provider.terraform-provider-google_v7.43.0_x5:   },
2026-09-03T00:52:35.383+0100 [DEBUG] provider.terraform-provider-google_v7.43.0_x5:   {
2026-09-03T00:52:35.383+0100 [DEBUG] provider.terraform-provider-google_v7.43.0_x5:    "kind": "compute#zone",
2026-09-03T00:52:35.383+0100 [DEBUG] provider.terraform-provider-google_v7.43.0_x5:    "id": "2550",
2026-09-03T00:52:35.383+0100 [DEBUG] provider.terraform-provider-google_v7.43.0_x5:    "creationTimestamp": "1969-12-31T16:00:00.000-08:00",
2026-09-03T00:52:35.383+0100 [DEBUG] provider.terraform-provider-google_v7.43.0_x5:    "name": "us-south1-c",
2026-09-03T00:52:35.383+0100 [DEBUG] provider.terraform-provider-google_v7.43.0_x5:    "description": "us-south1-c",
2026-09-03T00:52:35.383+0100 [DEBUG] provider.terraform-provider-google_v7.43.0_x5:    "status": "UP",
2026-09-03T00:52:35.383+0100 [DEBUG] provider.terraform-provider-google_v7.43.0_x5:    "region": "https://www.googleapis.com/compute/v1/projects/nomad-platform-gcp/regions/us-south1",
2026-09-03T00:52:35.383+0100 [DEBUG] provider.terraform-provider-google_v7.43.0_x5:    "selfLink": "https://www.googleapis.com/compute/v1/projects/nomad-platform-gcp/zones/us-south1-c",
2026-09-03T00:52:35.383+0100 [DEBUG] provider.terraform-provider-google_v7.43.0_x5:    "availableCpuPlatforms": [
2026-09-03T00:52:35.383+0100 [DEBUG] provider.terraform-provider-google_v7.43.0_x5:     "Intel Broadwell",
2026-09-03T00:52:35.383+0100 [DEBUG] provider.terraform-provider-google_v7.43.0_x5:     "Intel Cascade Lake",
2026-09-03T00:52:35.383+0100 [DEBUG] provider.terraform-provider-google_v7.43.0_x5:     "Intel Haswell",
2026-09-03T00:52:35.383+0100 [DEBUG] provider.terraform-provider-google_v7.43.0_x5:     "Intel Ice Lake",
2026-09-03T00:52:35.383+0100 [DEBUG] provider.terraform-provider-google_v7.43.0_x5:     "Intel Ivy Bridge",
2026-09-03T00:52:35.383+0100 [DEBUG] provider.terraform-provider-google_v7.43.0_x5:     "Google Axion",
2026-09-03T00:52:35.383+0100 [DEBUG] provider.terraform-provider-google_v7.43.0_x5:     "AMD Milan",
2026-09-03T00:52:35.383+0100 [DEBUG] provider.terraform-provider-google_v7.43.0_x5:     "AMD Rome",
2026-09-03T00:52:35.383+0100 [DEBUG] provider.terraform-provider-google_v7.43.0_x5:     "Intel Sapphire Rapids",
2026-09-03T00:52:35.383+0100 [DEBUG] provider.terraform-provider-google_v7.43.0_x5:     "Intel Skylake"
2026-09-03T00:52:35.383+0100 [DEBUG] provider.terraform-provider-google_v7.43.0_x5:    ],
2026-09-03T00:52:35.383+0100 [DEBUG] provider.terraform-provider-google_v7.43.0_x5:    "supportsPzs": true
2026-09-03T00:52:35.383+0100 [DEBUG] provider.terraform-provider-google_v7.43.0_x5:   },
2026-09-03T00:52:35.383+0100 [DEBUG] provider.terraform-provider-google_v7.43.0_x5:   {
2026-09-03T00:52:35.383+0100 [DEBUG] provider.terraform-provider-google_v7.43.0_x5:    "kind": "compute#zone",
2026-09-03T00:52:35.383+0100 [DEBUG] provider.terraform-provider-google_v7.43.0_x5:    "id": "2362",
2026-09-03T00:52:35.383+0100 [DEBUG] provider.terraform-provider-google_v7.43.0_x5:    "creationTimestamp": "1969-12-31T16:00:00.000-08:00",
2026-09-03T00:52:35.383+0100 [DEBUG] provider.terraform-provider-google_v7.43.0_x5:    "name": "us-west2-a",
2026-09-03T00:52:35.383+0100 [DEBUG] provider.terraform-provider-google_v7.43.0_x5:    "description": "us-west2-a",
2026-09-03T00:52:35.383+0100 [DEBUG] provider.terraform-provider-google_v7.43.0_x5:    "status": "UP",
2026-09-03T00:52:35.383+0100 [DEBUG] provider.terraform-provider-google_v7.43.0_x5:    "region": "https://www.googleapis.com/compute/v1/projects/nomad-platform-gcp/regions/us-west2",
2026-09-03T00:52:35.383+0100 [DEBUG] provider.terraform-provider-google_v7.43.0_x5:    "selfLink": "https://www.googleapis.com/compute/v1/projects/nomad-platform-gcp/zones/us-west2-a",
2026-09-03T00:52:35.383+0100 [DEBUG] provider.terraform-provider-google_v7.43.0_x5:    "availableCpuPlatforms": [
2026-09-03T00:52:35.383+0100 [DEBUG] provider.terraform-provider-google_v7.43.0_x5:     "Intel Broadwell",
2026-09-03T00:52:35.383+0100 [DEBUG] provider.terraform-provider-google_v7.43.0_x5:     "Intel Cascade Lake",
2026-09-03T00:52:35.383+0100 [DEBUG] provider.terraform-provider-google_v7.43.0_x5:     "Intel Emerald Rapids",
2026-09-03T00:52:35.383+0100 [DEBUG] provider.terraform-provider-google_v7.43.0_x5:     "AMD Genoa",
2026-09-03T00:52:35.383+0100 [DEBUG] provider.terraform-provider-google_v7.43.0_x5:     "Intel Haswell",
2026-09-03T00:52:35.383+0100 [DEBUG] provider.terraform-provider-google_v7.43.0_x5:     "Intel Ice Lake",
2026-09-03T00:52:35.383+0100 [DEBUG] provider.terraform-provider-google_v7.43.0_x5:     "Intel Ivy Bridge",
2026-09-03T00:52:35.383+0100 [DEBUG] provider.terraform-provider-google_v7.43.0_x5:     "Google Axion",
2026-09-03T00:52:35.383+0100 [DEBUG] provider.terraform-provider-google_v7.43.0_x5:     "AMD Milan",
2026-09-03T00:52:35.383+0100 [DEBUG] provider.terraform-provider-google_v7.43.0_x5:     "AMD Rome",
2026-09-03T00:52:35.383+0100 [DEBUG] provider.terraform-provider-google_v7.43.0_x5:     "Intel Sandy Bridge",
2026-09-03T00:52:35.383+0100 [DEBUG] provider.terraform-provider-google_v7.43.0_x5:     "Intel Sapphire Rapids",
2026-09-03T00:52:35.383+0100 [DEBUG] provider.terraform-provider-google_v7.43.0_x5:     "Intel Skylake"
2026-09-03T00:52:35.383+0100 [DEBUG] provider.terraform-provider-google_v7.43.0_x5:    ],
2026-09-03T00:52:35.383+0100 [DEBUG] provider.terraform-provider-google_v7.43.0_x5:    "supportsPzs": false
2026-09-03T00:52:35.383+0100 [DEBUG] provider.terraform-provider-google_v7.43.0_x5:   },
2026-09-03T00:52:35.383+0100 [DEBUG] provider.terraform-provider-google_v7.43.0_x5:   {
2026-09-03T00:52:35.383+0100 [DEBUG] provider.terraform-provider-google_v7.43.0_x5:    "kind": "compute#zone",
2026-09-03T00:52:35.383+0100 [DEBUG] provider.terraform-provider-google_v7.43.0_x5:    "id": "2361",
2026-09-03T00:52:35.384+0100 [DEBUG] provider.terraform-provider-google_v7.43.0_x5:    "creationTimestamp": "1969-12-31T16:00:00.000-08:00",
2026-09-03T00:52:35.384+0100 [DEBUG] provider.terraform-provider-google_v7.43.0_x5:    "name": "us-west2-b",
2026-09-03T00:52:35.384+0100 [DEBUG] provider.terraform-provider-google_v7.43.0_x5:    "description": "us-west2-b",
2026-09-03T00:52:35.384+0100 [DEBUG] provider.terraform-provider-google_v7.43.0_x5:    "status": "UP",
2026-09-03T00:52:35.384+0100 [DEBUG] provider.terraform-provider-google_v7.43.0_x5:    "region": "https://www.googleapis.com/compute/v1/projects/nomad-platform-gcp/regions/us-west2",
2026-09-03T00:52:35.384+0100 [DEBUG] provider.terraform-provider-google_v7.43.0_x5:    "selfLink": "https://www.googleapis.com/compute/v1/projects/nomad-platform-gcp/zones/us-west2-b",
2026-09-03T00:52:35.384+0100 [DEBUG] provider.terraform-provider-google_v7.43.0_x5:    "availableCpuPlatforms": [
2026-09-03T00:52:35.384+0100 [DEBUG] provider.terraform-provider-google_v7.43.0_x5:     "Intel Broadwell",
2026-09-03T00:52:35.384+0100 [DEBUG] provider.terraform-provider-google_v7.43.0_x5:     "Intel Cascade Lake",
2026-09-03T00:52:35.384+0100 [DEBUG] provider.terraform-provider-google_v7.43.0_x5:     "Intel Emerald Rapids",
2026-09-03T00:52:35.384+0100 [DEBUG] provider.terraform-provider-google_v7.43.0_x5:     "AMD Genoa",
2026-09-03T00:52:35.384+0100 [DEBUG] provider.terraform-provider-google_v7.43.0_x5:     "Intel Granite Rapids",
2026-09-03T00:52:35.384+0100 [DEBUG] provider.terraform-provider-google_v7.43.0_x5:     "Intel Haswell",
2026-09-03T00:52:35.384+0100 [DEBUG] provider.terraform-provider-google_v7.43.0_x5:     "Intel Ice Lake",
2026-09-03T00:52:35.384+0100 [DEBUG] provider.terraform-provider-google_v7.43.0_x5:     "Intel Ivy Bridge",
2026-09-03T00:52:35.384+0100 [DEBUG] provider.terraform-provider-google_v7.43.0_x5:     "Google Axion",
2026-09-03T00:52:35.384+0100 [DEBUG] provider.terraform-provider-google_v7.43.0_x5:     "AMD Milan",
2026-09-03T00:52:35.384+0100 [DEBUG] provider.terraform-provider-google_v7.43.0_x5:     "AMD Rome",
2026-09-03T00:52:35.384+0100 [DEBUG] provider.terraform-provider-google_v7.43.0_x5:     "Intel Sandy Bridge",
2026-09-03T00:52:35.384+0100 [DEBUG] provider.terraform-provider-google_v7.43.0_x5:     "Intel Sapphire Rapids",
2026-09-03T00:52:35.384+0100 [DEBUG] provider.terraform-provider-google_v7.43.0_x5:     "Intel Skylake"
2026-09-03T00:52:35.384+0100 [DEBUG] provider.terraform-provider-google_v7.43.0_x5:    ],
2026-09-03T00:52:35.384+0100 [DEBUG] provider.terraform-provider-google_v7.43.0_x5:    "supportsPzs": false
2026-09-03T00:52:35.384+0100 [DEBUG] provider.terraform-provider-google_v7.43.0_x5:   },
2026-09-03T00:52:35.384+0100 [DEBUG] provider.terraform-provider-google_v7.43.0_x5:   {
2026-09-03T00:52:35.384+0100 [DEBUG] provider.terraform-provider-google_v7.43.0_x5:    "kind": "compute#zone",
2026-09-03T00:52:35.384+0100 [DEBUG] provider.terraform-provider-google_v7.43.0_x5:    "id": "2360",
2026-09-03T00:52:35.384+0100 [DEBUG] provider.terraform-provider-google_v7.43.0_x5:    "creationTimestamp": "1969-12-31T16:00:00.000-08:00",
2026-09-03T00:52:35.384+0100 [DEBUG] provider.terraform-provider-google_v7.43.0_x5:    "name": "us-west2-c",
2026-09-03T00:52:35.384+0100 [DEBUG] provider.terraform-provider-google_v7.43.0_x5:    "description": "us-west2-c",
2026-09-03T00:52:35.384+0100 [DEBUG] provider.terraform-provider-google_v7.43.0_x5:    "status": "UP",
2026-09-03T00:52:35.384+0100 [DEBUG] provider.terraform-provider-google_v7.43.0_x5:    "region": "https://www.googleapis.com/compute/v1/projects/nomad-platform-gcp/regions/us-west2",
2026-09-03T00:52:35.384+0100 [DEBUG] provider.terraform-provider-google_v7.43.0_x5:    "selfLink": "https://www.googleapis.com/compute/v1/projects/nomad-platform-gcp/zones/us-west2-c",
2026-09-03T00:52:35.384+0100 [DEBUG] provider.terraform-provider-google_v7.43.0_x5:    "availableCpuPlatforms": [
2026-09-03T00:52:35.384+0100 [DEBUG] provider.terraform-provider-google_v7.43.0_x5:     "Intel Broadwell",
2026-09-03T00:52:35.384+0100 [DEBUG] provider.terraform-provider-google_v7.43.0_x5:     "Intel Cascade Lake",
2026-09-03T00:52:35.384+0100 [DEBUG] provider.terraform-provider-google_v7.43.0_x5:     "Intel Emerald Rapids",
2026-09-03T00:52:35.384+0100 [DEBUG] provider.terraform-provider-google_v7.43.0_x5:     "AMD Genoa",
2026-09-03T00:52:35.384+0100 [DEBUG] provider.terraform-provider-google_v7.43.0_x5:     "Intel Granite Rapids",
2026-09-03T00:52:35.384+0100 [DEBUG] provider.terraform-provider-google_v7.43.0_x5:     "Intel Haswell",
2026-09-03T00:52:35.384+0100 [DEBUG] provider.terraform-provider-google_v7.43.0_x5:     "Intel Ice Lake",
2026-09-03T00:52:35.384+0100 [DEBUG] provider.terraform-provider-google_v7.43.0_x5:     "Intel Ivy Bridge",
2026-09-03T00:52:35.384+0100 [DEBUG] provider.terraform-provider-google_v7.43.0_x5:     "Google Axion",
2026-09-03T00:52:35.384+0100 [DEBUG] provider.terraform-provider-google_v7.43.0_x5:     "AMD Milan",
2026-09-03T00:52:35.384+0100 [DEBUG] provider.terraform-provider-google_v7.43.0_x5:     "AMD Rome",
2026-09-03T00:52:35.384+0100 [DEBUG] provider.terraform-provider-google_v7.43.0_x5:     "Intel Sandy Bridge",
2026-09-03T00:52:35.384+0100 [DEBUG] provider.terraform-provider-google_v7.43.0_x5:     "Intel Sapphire Rapids",
2026-09-03T00:52:35.384+0100 [DEBUG] provider.terraform-provider-google_v7.43.0_x5:     "Intel Skylake"
2026-09-03T00:52:35.384+0100 [DEBUG] provider.terraform-provider-google_v7.43.0_x5:    ],
2026-09-03T00:52:35.384+0100 [DEBUG] provider.terraform-provider-google_v7.43.0_x5:    "supportsPzs": false
2026-09-03T00:52:35.384+0100 [DEBUG] provider.terraform-provider-google_v7.43.0_x5:   },
2026-09-03T00:52:35.384+0100 [DEBUG] provider.terraform-provider-google_v7.43.0_x5:   {
2026-09-03T00:52:35.384+0100 [DEBUG] provider.terraform-provider-google_v7.43.0_x5:    "kind": "compute#zone",
2026-09-03T00:52:35.384+0100 [DEBUG] provider.terraform-provider-google_v7.43.0_x5:    "id": "2420",
2026-09-03T00:52:35.384+0100 [DEBUG] provider.terraform-provider-google_v7.43.0_x5:    "creationTimestamp": "1969-12-31T16:00:00.000-08:00",
2026-09-03T00:52:35.384+0100 [DEBUG] provider.terraform-provider-google_v7.43.0_x5:    "name": "us-west3-a",
2026-09-03T00:52:35.384+0100 [DEBUG] provider.terraform-provider-google_v7.43.0_x5:    "description": "us-west3-a",
2026-09-03T00:52:35.384+0100 [DEBUG] provider.terraform-provider-google_v7.43.0_x5:    "status": "UP",
2026-09-03T00:52:35.384+0100 [DEBUG] provider.terraform-provider-google_v7.43.0_x5:    "region": "https://www.googleapis.com/compute/v1/projects/nomad-platform-gcp/regions/us-west3",
2026-09-03T00:52:35.384+0100 [DEBUG] provider.terraform-provider-google_v7.43.0_x5:    "selfLink": "https://www.googleapis.com/compute/v1/projects/nomad-platform-gcp/zones/us-west3-a",
2026-09-03T00:52:35.384+0100 [DEBUG] provider.terraform-provider-google_v7.43.0_x5:    "availableCpuPlatforms": [
2026-09-03T00:52:35.384+0100 [DEBUG] provider.terraform-provider-google_v7.43.0_x5:     "Intel Broadwell",
2026-09-03T00:52:35.384+0100 [DEBUG] provider.terraform-provider-google_v7.43.0_x5:     "Intel Cascade Lake",
2026-09-03T00:52:35.384+0100 [DEBUG] provider.terraform-provider-google_v7.43.0_x5:     "Intel Emerald Rapids",
2026-09-03T00:52:35.384+0100 [DEBUG] provider.terraform-provider-google_v7.43.0_x5:     "Intel Granite Rapids",
2026-09-03T00:52:35.384+0100 [DEBUG] provider.terraform-provider-google_v7.43.0_x5:     "Intel Haswell",
2026-09-03T00:52:35.384+0100 [DEBUG] provider.terraform-provider-google_v7.43.0_x5:     "Intel Ice Lake",
2026-09-03T00:52:35.384+0100 [DEBUG] provider.terraform-provider-google_v7.43.0_x5:     "Intel Ivy Bridge",
2026-09-03T00:52:35.384+0100 [DEBUG] provider.terraform-provider-google_v7.43.0_x5:     "Google Axion",
2026-09-03T00:52:35.384+0100 [DEBUG] provider.terraform-provider-google_v7.43.0_x5:     "AMD Milan",
2026-09-03T00:52:35.384+0100 [DEBUG] provider.terraform-provider-google_v7.43.0_x5:     "AMD Rome",
2026-09-03T00:52:35.384+0100 [DEBUG] provider.terraform-provider-google_v7.43.0_x5:     "Intel Sandy Bridge",
2026-09-03T00:52:35.384+0100 [DEBUG] provider.terraform-provider-google_v7.43.0_x5:     "Intel Sapphire Rapids",
2026-09-03T00:52:35.384+0100 [DEBUG] provider.terraform-provider-google_v7.43.0_x5:     "Intel Skylake",
2026-09-03T00:52:35.384+0100 [DEBUG] provider.terraform-provider-google_v7.43.0_x5:     "Google Axion",
2026-09-03T00:52:35.384+0100 [DEBUG] provider.terraform-provider-google_v7.43.0_x5:     "AMD Turin"
2026-09-03T00:52:35.384+0100 [DEBUG] provider.terraform-provider-google_v7.43.0_x5:    ],
2026-09-03T00:52:35.384+0100 [DEBUG] provider.terraform-provider-google_v7.43.0_x5:    "supportsPzs": true
2026-09-03T00:52:35.384+0100 [DEBUG] provider.terraform-provider-google_v7.43.0_x5:   },
2026-09-03T00:52:35.384+0100 [DEBUG] provider.terraform-provider-google_v7.43.0_x5:   {
2026-09-03T00:52:35.384+0100 [DEBUG] provider.terraform-provider-google_v7.43.0_x5:    "kind": "compute#zone",
2026-09-03T00:52:35.384+0100 [DEBUG] provider.terraform-provider-google_v7.43.0_x5:    "id": "2421",
2026-09-03T00:52:35.384+0100 [DEBUG] provider.terraform-provider-google_v7.43.0_x5:    "creationTimestamp": "1969-12-31T16:00:00.000-08:00",
2026-09-03T00:52:35.384+0100 [DEBUG] provider.terraform-provider-google_v7.43.0_x5:    "name": "us-west3-b",
2026-09-03T00:52:35.384+0100 [DEBUG] provider.terraform-provider-google_v7.43.0_x5:    "description": "us-west3-b",
2026-09-03T00:52:35.384+0100 [DEBUG] provider.terraform-provider-google_v7.43.0_x5:    "status": "UP",
2026-09-03T00:52:35.384+0100 [DEBUG] provider.terraform-provider-google_v7.43.0_x5:    "region": "https://www.googleapis.com/compute/v1/projects/nomad-platform-gcp/regions/us-west3",
2026-09-03T00:52:35.384+0100 [DEBUG] provider.terraform-provider-google_v7.43.0_x5:    "selfLink": "https://www.googleapis.com/compute/v1/projects/nomad-platform-gcp/zones/us-west3-b",
2026-09-03T00:52:35.384+0100 [DEBUG] provider.terraform-provider-google_v7.43.0_x5:    "availableCpuPlatforms": [
2026-09-03T00:52:35.384+0100 [DEBUG] provider.terraform-provider-google_v7.43.0_x5:     "Intel Broadwell",
2026-09-03T00:52:35.384+0100 [DEBUG] provider.terraform-provider-google_v7.43.0_x5:     "Intel Cascade Lake",
2026-09-03T00:52:35.384+0100 [DEBUG] provider.terraform-provider-google_v7.43.0_x5:     "Intel Emerald Rapids",
2026-09-03T00:52:35.384+0100 [DEBUG] provider.terraform-provider-google_v7.43.0_x5:     "Intel Granite Rapids",
2026-09-03T00:52:35.384+0100 [DEBUG] provider.terraform-provider-google_v7.43.0_x5:     "Intel Haswell",
2026-09-03T00:52:35.384+0100 [DEBUG] provider.terraform-provider-google_v7.43.0_x5:     "Intel Ice Lake",
2026-09-03T00:52:35.384+0100 [DEBUG] provider.terraform-provider-google_v7.43.0_x5:     "Intel Ivy Bridge",
2026-09-03T00:52:35.384+0100 [DEBUG] provider.terraform-provider-google_v7.43.0_x5:     "Google Axion",
2026-09-03T00:52:35.384+0100 [DEBUG] provider.terraform-provider-google_v7.43.0_x5:     "AMD Milan",
2026-09-03T00:52:35.384+0100 [DEBUG] provider.terraform-provider-google_v7.43.0_x5:     "AMD Rome",
2026-09-03T00:52:35.384+0100 [DEBUG] provider.terraform-provider-google_v7.43.0_x5:     "Intel Sandy Bridge",
2026-09-03T00:52:35.384+0100 [DEBUG] provider.terraform-provider-google_v7.43.0_x5:     "Intel Sapphire Rapids",
2026-09-03T00:52:35.384+0100 [DEBUG] provider.terraform-provider-google_v7.43.0_x5:     "Intel Skylake",
2026-09-03T00:52:35.384+0100 [DEBUG] provider.terraform-provider-google_v7.43.0_x5:     "Google Axion",
2026-09-03T00:52:35.384+0100 [DEBUG] provider.terraform-provider-google_v7.43.0_x5:     "AMD Turin"
2026-09-03T00:52:35.384+0100 [DEBUG] provider.terraform-provider-google_v7.43.0_x5:    ],
2026-09-03T00:52:35.384+0100 [DEBUG] provider.terraform-provider-google_v7.43.0_x5:    "supportsPzs": true
2026-09-03T00:52:35.384+0100 [DEBUG] provider.terraform-provider-google_v7.43.0_x5:   },
2026-09-03T00:52:35.384+0100 [DEBUG] provider.terraform-provider-google_v7.43.0_x5:   {
2026-09-03T00:52:35.384+0100 [DEBUG] provider.terraform-provider-google_v7.43.0_x5:    "kind": "compute#zone",
2026-09-03T00:52:35.385+0100 [DEBUG] provider.terraform-provider-google_v7.43.0_x5:    "id": "2422",
2026-09-03T00:52:35.385+0100 [DEBUG] provider.terraform-provider-google_v7.43.0_x5:    "creationTimestamp": "1969-12-31T16:00:00.000-08:00",
2026-09-03T00:52:35.385+0100 [DEBUG] provider.terraform-provider-google_v7.43.0_x5:    "name": "us-west3-c",
2026-09-03T00:52:35.385+0100 [DEBUG] provider.terraform-provider-google_v7.43.0_x5:    "description": "us-west3-c",
2026-09-03T00:52:35.385+0100 [DEBUG] provider.terraform-provider-google_v7.43.0_x5:    "status": "UP",
2026-09-03T00:52:35.385+0100 [DEBUG] provider.terraform-provider-google_v7.43.0_x5:    "region": "https://www.googleapis.com/compute/v1/projects/nomad-platform-gcp/regions/us-west3",
2026-09-03T00:52:35.385+0100 [DEBUG] provider.terraform-provider-google_v7.43.0_x5:    "selfLink": "https://www.googleapis.com/compute/v1/projects/nomad-platform-gcp/zones/us-west3-c",
2026-09-03T00:52:35.385+0100 [DEBUG] provider.terraform-provider-google_v7.43.0_x5:    "availableCpuPlatforms": [
2026-09-03T00:52:35.385+0100 [DEBUG] provider.terraform-provider-google_v7.43.0_x5:     "Intel Broadwell",
2026-09-03T00:52:35.385+0100 [DEBUG] provider.terraform-provider-google_v7.43.0_x5:     "Intel Cascade Lake",
2026-09-03T00:52:35.385+0100 [DEBUG] provider.terraform-provider-google_v7.43.0_x5:     "Intel Emerald Rapids",
2026-09-03T00:52:35.385+0100 [DEBUG] provider.terraform-provider-google_v7.43.0_x5:     "Intel Granite Rapids",
2026-09-03T00:52:35.385+0100 [DEBUG] provider.terraform-provider-google_v7.43.0_x5:     "Intel Haswell",
2026-09-03T00:52:35.385+0100 [DEBUG] provider.terraform-provider-google_v7.43.0_x5:     "Intel Ice Lake",
2026-09-03T00:52:35.385+0100 [DEBUG] provider.terraform-provider-google_v7.43.0_x5:     "Intel Ivy Bridge",
2026-09-03T00:52:35.385+0100 [DEBUG] provider.terraform-provider-google_v7.43.0_x5:     "Google Axion",
2026-09-03T00:52:35.385+0100 [DEBUG] provider.terraform-provider-google_v7.43.0_x5:     "AMD Milan",
2026-09-03T00:52:35.385+0100 [DEBUG] provider.terraform-provider-google_v7.43.0_x5:     "AMD Rome",
2026-09-03T00:52:35.385+0100 [DEBUG] provider.terraform-provider-google_v7.43.0_x5:     "Intel Sandy Bridge",
2026-09-03T00:52:35.385+0100 [DEBUG] provider.terraform-provider-google_v7.43.0_x5:     "Intel Sapphire Rapids",
2026-09-03T00:52:35.385+0100 [DEBUG] provider.terraform-provider-google_v7.43.0_x5:     "Intel Skylake"
2026-09-03T00:52:35.385+0100 [DEBUG] provider.terraform-provider-google_v7.43.0_x5:    ],
2026-09-03T00:52:35.385+0100 [DEBUG] provider.terraform-provider-google_v7.43.0_x5:    "supportsPzs": true
2026-09-03T00:52:35.385+0100 [DEBUG] provider.terraform-provider-google_v7.43.0_x5:   },
2026-09-03T00:52:35.385+0100 [DEBUG] provider.terraform-provider-google_v7.43.0_x5:   {
2026-09-03T00:52:35.385+0100 [DEBUG] provider.terraform-provider-google_v7.43.0_x5:    "kind": "compute#zone",
2026-09-03T00:52:35.385+0100 [DEBUG] provider.terraform-provider-google_v7.43.0_x5:    "id": "2431",
2026-09-03T00:52:35.385+0100 [DEBUG] provider.terraform-provider-google_v7.43.0_x5:    "creationTimestamp": "1969-12-31T16:00:00.000-08:00",
2026-09-03T00:52:35.385+0100 [DEBUG] provider.terraform-provider-google_v7.43.0_x5:    "name": "us-west4-a",
2026-09-03T00:52:35.385+0100 [DEBUG] provider.terraform-provider-google_v7.43.0_x5:    "description": "us-west4-a",
2026-09-03T00:52:35.385+0100 [DEBUG] provider.terraform-provider-google_v7.43.0_x5:    "status": "UP",
2026-09-03T00:52:35.385+0100 [DEBUG] provider.terraform-provider-google_v7.43.0_x5:    "region": "https://www.googleapis.com/compute/v1/projects/nomad-platform-gcp/regions/us-west4",
2026-09-03T00:52:35.385+0100 [DEBUG] provider.terraform-provider-google_v7.43.0_x5:    "selfLink": "https://www.googleapis.com/compute/v1/projects/nomad-platform-gcp/zones/us-west4-a",
2026-09-03T00:52:35.385+0100 [DEBUG] provider.terraform-provider-google_v7.43.0_x5:    "availableCpuPlatforms": [
2026-09-03T00:52:35.385+0100 [DEBUG] provider.terraform-provider-google_v7.43.0_x5:     "Intel Broadwell",
2026-09-03T00:52:35.385+0100 [DEBUG] provider.terraform-provider-google_v7.43.0_x5:     "Intel Cascade Lake",
2026-09-03T00:52:35.385+0100 [DEBUG] provider.terraform-provider-google_v7.43.0_x5:     "Intel Emerald Rapids",
2026-09-03T00:52:35.385+0100 [DEBUG] provider.terraform-provider-google_v7.43.0_x5:     "AMD Genoa",
2026-09-03T00:52:35.385+0100 [DEBUG] provider.terraform-provider-google_v7.43.0_x5:     "Intel Granite Rapids",
2026-09-03T00:52:35.385+0100 [DEBUG] provider.terraform-provider-google_v7.43.0_x5:     "Intel Haswell",
2026-09-03T00:52:35.385+0100 [DEBUG] provider.terraform-provider-google_v7.43.0_x5:     "Intel Ice Lake",
2026-09-03T00:52:35.385+0100 [DEBUG] provider.terraform-provider-google_v7.43.0_x5:     "Intel Ivy Bridge",
2026-09-03T00:52:35.385+0100 [DEBUG] provider.terraform-provider-google_v7.43.0_x5:     "Google Axion",
2026-09-03T00:52:35.385+0100 [DEBUG] provider.terraform-provider-google_v7.43.0_x5:     "AMD Milan",
2026-09-03T00:52:35.385+0100 [DEBUG] provider.terraform-provider-google_v7.43.0_x5:     "AMD Rome",
2026-09-03T00:52:35.385+0100 [DEBUG] provider.terraform-provider-google_v7.43.0_x5:     "Intel Sandy Bridge",
2026-09-03T00:52:35.385+0100 [DEBUG] provider.terraform-provider-google_v7.43.0_x5:     "Intel Sapphire Rapids",
2026-09-03T00:52:35.385+0100 [DEBUG] provider.terraform-provider-google_v7.43.0_x5:     "Intel Skylake",
2026-09-03T00:52:35.385+0100 [DEBUG] provider.terraform-provider-google_v7.43.0_x5:     "Google Axion",
2026-09-03T00:52:35.385+0100 [DEBUG] provider.terraform-provider-google_v7.43.0_x5:     "AMD Turin"
2026-09-03T00:52:35.385+0100 [DEBUG] provider.terraform-provider-google_v7.43.0_x5:    ],
2026-09-03T00:52:35.385+0100 [DEBUG] provider.terraform-provider-google_v7.43.0_x5:    "supportsPzs": false
2026-09-03T00:52:35.385+0100 [DEBUG] provider.terraform-provider-google_v7.43.0_x5:   },
2026-09-03T00:52:35.385+0100 [DEBUG] provider.terraform-provider-google_v7.43.0_x5:   {
2026-09-03T00:52:35.385+0100 [DEBUG] provider.terraform-provider-google_v7.43.0_x5:    "kind": "compute#zone",
2026-09-03T00:52:35.385+0100 [DEBUG] provider.terraform-provider-google_v7.43.0_x5:    "id": "2432",
2026-09-03T00:52:35.385+0100 [DEBUG] provider.terraform-provider-google_v7.43.0_x5:    "creationTimestamp": "1969-12-31T16:00:00.000-08:00",
2026-09-03T00:52:35.385+0100 [DEBUG] provider.terraform-provider-google_v7.43.0_x5:    "name": "us-west4-b",
2026-09-03T00:52:35.385+0100 [DEBUG] provider.terraform-provider-google_v7.43.0_x5:    "description": "us-west4-b",
2026-09-03T00:52:35.385+0100 [DEBUG] provider.terraform-provider-google_v7.43.0_x5:    "status": "UP",
2026-09-03T00:52:35.385+0100 [DEBUG] provider.terraform-provider-google_v7.43.0_x5:    "region": "https://www.googleapis.com/compute/v1/projects/nomad-platform-gcp/regions/us-west4",
2026-09-03T00:52:35.385+0100 [DEBUG] provider.terraform-provider-google_v7.43.0_x5:    "selfLink": "https://www.googleapis.com/compute/v1/projects/nomad-platform-gcp/zones/us-west4-b",
2026-09-03T00:52:35.385+0100 [DEBUG] provider.terraform-provider-google_v7.43.0_x5:    "availableCpuPlatforms": [
2026-09-03T00:52:35.385+0100 [DEBUG] provider.terraform-provider-google_v7.43.0_x5:     "Intel Broadwell",
2026-09-03T00:52:35.385+0100 [DEBUG] provider.terraform-provider-google_v7.43.0_x5:     "Intel Cascade Lake",
2026-09-03T00:52:35.385+0100 [DEBUG] provider.terraform-provider-google_v7.43.0_x5:     "Intel Emerald Rapids",
2026-09-03T00:52:35.385+0100 [DEBUG] provider.terraform-provider-google_v7.43.0_x5:     "AMD Genoa",
2026-09-03T00:52:35.385+0100 [DEBUG] provider.terraform-provider-google_v7.43.0_x5:     "Intel Granite Rapids",
2026-09-03T00:52:35.385+0100 [DEBUG] provider.terraform-provider-google_v7.43.0_x5:     "Intel Haswell",
2026-09-03T00:52:35.385+0100 [DEBUG] provider.terraform-provider-google_v7.43.0_x5:     "Intel Ice Lake",
2026-09-03T00:52:35.385+0100 [DEBUG] provider.terraform-provider-google_v7.43.0_x5:     "Intel Ivy Bridge",
2026-09-03T00:52:35.385+0100 [DEBUG] provider.terraform-provider-google_v7.43.0_x5:     "Google Axion",
2026-09-03T00:52:35.385+0100 [DEBUG] provider.terraform-provider-google_v7.43.0_x5:     "AMD Milan",
2026-09-03T00:52:35.386+0100 [DEBUG] provider.terraform-provider-google_v7.43.0_x5:     "AMD Rome",
2026-09-03T00:52:35.386+0100 [DEBUG] provider.terraform-provider-google_v7.43.0_x5:     "Intel Sandy Bridge",
2026-09-03T00:52:35.386+0100 [DEBUG] provider.terraform-provider-google_v7.43.0_x5:     "Intel Sapphire Rapids",
2026-09-03T00:52:35.386+0100 [DEBUG] provider.terraform-provider-google_v7.43.0_x5:     "Intel Skylake",
2026-09-03T00:52:35.386+0100 [DEBUG] provider.terraform-provider-google_v7.43.0_x5:     "AMD Turin"
2026-09-03T00:52:35.386+0100 [DEBUG] provider.terraform-provider-google_v7.43.0_x5:    ],
2026-09-03T00:52:35.386+0100 [DEBUG] provider.terraform-provider-google_v7.43.0_x5:    "supportsPzs": false
2026-09-03T00:52:35.387+0100 [DEBUG] provider.terraform-provider-google_v7.43.0_x5:   },
2026-09-03T00:52:35.387+0100 [DEBUG] provider.terraform-provider-google_v7.43.0_x5:   {
2026-09-03T00:52:35.387+0100 [DEBUG] provider.terraform-provider-google_v7.43.0_x5:    "kind": "compute#zone",
2026-09-03T00:52:35.387+0100 [DEBUG] provider.terraform-provider-google_v7.43.0_x5:    "id": "2430",
2026-09-03T00:52:35.387+0100 [DEBUG] provider.terraform-provider-google_v7.43.0_x5:    "creationTimestamp": "1969-12-31T16:00:00.000-08:00",
2026-09-03T00:52:35.387+0100 [DEBUG] provider.terraform-provider-google_v7.43.0_x5:    "name": "us-west4-c",
2026-09-03T00:52:35.387+0100 [DEBUG] provider.terraform-provider-google_v7.43.0_x5:    "description": "us-west4-c",
2026-09-03T00:52:35.388+0100 [DEBUG] provider.terraform-provider-google_v7.43.0_x5:    "status": "UP",
2026-09-03T00:52:35.388+0100 [DEBUG] provider.terraform-provider-google_v7.43.0_x5:    "region": "https://www.googleapis.com/compute/v1/projects/nomad-platform-gcp/regions/us-west4",
2026-09-03T00:52:35.388+0100 [DEBUG] provider.terraform-provider-google_v7.43.0_x5:    "selfLink": "https://www.googleapis.com/compute/v1/projects/nomad-platform-gcp/zones/us-west4-c",
2026-09-03T00:52:35.388+0100 [DEBUG] provider.terraform-provider-google_v7.43.0_x5:    "availableCpuPlatforms": [
2026-09-03T00:52:35.388+0100 [DEBUG] provider.terraform-provider-google_v7.43.0_x5:     "Intel Broadwell",
2026-09-03T00:52:35.388+0100 [DEBUG] provider.terraform-provider-google_v7.43.0_x5:     "Intel Cascade Lake",
2026-09-03T00:52:35.388+0100 [DEBUG] provider.terraform-provider-google_v7.43.0_x5:     "Intel Emerald Rapids",
2026-09-03T00:52:35.388+0100 [DEBUG] provider.terraform-provider-google_v7.43.0_x5:     "Intel Granite Rapids",
2026-09-03T00:52:35.389+0100 [DEBUG] provider.terraform-provider-google_v7.43.0_x5:     "Intel Haswell",
2026-09-03T00:52:35.389+0100 [DEBUG] provider.terraform-provider-google_v7.43.0_x5:     "Intel Ice Lake",
2026-09-03T00:52:35.389+0100 [DEBUG] provider.terraform-provider-google_v7.43.0_x5:     "Intel Ivy Bridge",
2026-09-03T00:52:35.389+0100 [DEBUG] provider.terraform-provider-google_v7.43.0_x5:     "Google Axion",
2026-09-03T00:52:35.389+0100 [DEBUG] provider.terraform-provider-google_v7.43.0_x5:     "AMD Milan",
2026-09-03T00:52:35.389+0100 [DEBUG] provider.terraform-provider-google_v7.43.0_x5:     "AMD Rome",
2026-09-03T00:52:35.389+0100 [DEBUG] provider.terraform-provider-google_v7.43.0_x5:     "Intel Sandy Bridge",
2026-09-03T00:52:35.389+0100 [DEBUG] provider.terraform-provider-google_v7.43.0_x5:     "Intel Sapphire Rapids",
2026-09-03T00:52:35.390+0100 [DEBUG] provider.terraform-provider-google_v7.43.0_x5:     "Intel Skylake",
2026-09-03T00:52:35.390+0100 [DEBUG] provider.terraform-provider-google_v7.43.0_x5:     "Google Axion",
2026-09-03T00:52:35.390+0100 [DEBUG] provider.terraform-provider-google_v7.43.0_x5:     "AMD Turin"
2026-09-03T00:52:35.390+0100 [DEBUG] provider.terraform-provider-google_v7.43.0_x5:    ],
2026-09-03T00:52:35.390+0100 [DEBUG] provider.terraform-provider-google_v7.43.0_x5:    "supportsPzs": false
2026-09-03T00:52:35.390+0100 [DEBUG] provider.terraform-provider-google_v7.43.0_x5:   }
2026-09-03T00:52:35.390+0100 [DEBUG] provider.terraform-provider-google_v7.43.0_x5:  ],
2026-09-03T00:52:35.390+0100 [DEBUG] provider.terraform-provider-google_v7.43.0_x5:  "selfLink": "https://www.googleapis.com/compute/v1/projects/nomad-platform-gcp/zones"
2026-09-03T00:52:35.390+0100 [DEBUG] provider.terraform-provider-google_v7.43.0_x5: }
2026-09-03T00:52:35.390+0100 [DEBUG] provider.terraform-provider-google_v7.43.0_x5: -----------------------------------------------------
2026-09-03T00:52:35.390+0100 [DEBUG] provider.terraform-provider-google_v7.43.0_x5: 2026/09/03 00:52:35 [DEBUG] Received Google Compute Zones: ["europe-west1-b" "europe-west1-c" "europe-west1-d"]
2026-09-03T00:52:35.390+0100 [DEBUG] provider.terraform-provider-google_v7.43.0_x5: 2026/09/03 00:52:35 [DEBUG] Waiting for state to become: [success]
2026-09-03T00:52:35.390+0100 [DEBUG] provider.terraform-provider-google_v7.43.0_x5: 2026/09/03 00:52:35 [DEBUG] Google API Request Details:
2026-09-03T00:52:35.390+0100 [DEBUG] provider.terraform-provider-google_v7.43.0_x5: ---[ REQUEST ]---------------------------------------
2026-09-03T00:52:35.391+0100 [DEBUG] provider.terraform-provider-google_v7.43.0_x5: GET /compute/v1/projects/nomad-platform-gcp/global/healthChecks/nomad-dev-ondemand-health-check?alt=json HTTP/1.1
2026-09-03T00:52:35.391+0100 [DEBUG] provider.terraform-provider-google_v7.43.0_x5: Host: compute.googleapis.com
2026-09-03T00:52:35.391+0100 [DEBUG] provider.terraform-provider-google_v7.43.0_x5: User-Agent: Terraform/1.15.8 (+https://www.terraform.io) Terraform-Plugin-SDK/2.40.1 terraform-provider-google/7.43.0
2026-09-03T00:52:35.391+0100 [DEBUG] provider.terraform-provider-google_v7.43.0_x5: Content-Type: application/json
2026-09-03T00:52:35.391+0100 [DEBUG] provider.terraform-provider-google_v7.43.0_x5: Accept-Encoding: gzip
2026-09-03T00:52:35.391+0100 [DEBUG] provider.terraform-provider-google_v7.43.0_x5
2026-09-03T00:52:35.391+0100 [DEBUG] provider.terraform-provider-google_v7.43.0_x5
2026-09-03T00:52:35.391+0100 [DEBUG] provider.terraform-provider-google_v7.43.0_x5: -----------------------------------------------------
2026-09-03T00:52:35.397+0100 [DEBUG] ReferenceTransformer: "module.instances.google_compute_address.static[\"traefik-dev\"]" references: []
2026-09-03T00:52:35.421+0100 [DEBUG] provider.terraform-provider-google_v7.43.0_x5: 2026/09/03 00:52:35 [DEBUG] Waiting for state to become: [success]
2026-09-03T00:52:35.421+0100 [DEBUG] provider.terraform-provider-google_v7.43.0_x5: 2026/09/03 00:52:35 [DEBUG] Google API Request Details:
2026-09-03T00:52:35.421+0100 [DEBUG] provider.terraform-provider-google_v7.43.0_x5: ---[ REQUEST ]---------------------------------------
2026-09-03T00:52:35.421+0100 [DEBUG] provider.terraform-provider-google_v7.43.0_x5: GET /compute/v1/projects/nomad-platform-gcp/global/instanceTemplates/9060359966362859004?alt=json HTTP/1.1
2026-09-03T00:52:35.421+0100 [DEBUG] provider.terraform-provider-google_v7.43.0_x5: Host: compute.googleapis.com
2026-09-03T00:52:35.421+0100 [DEBUG] provider.terraform-provider-google_v7.43.0_x5: User-Agent: Terraform/1.15.8 (+https://www.terraform.io) Terraform-Plugin-SDK/2.40.1 terraform-provider-google/7.43.0
2026-09-03T00:52:35.421+0100 [DEBUG] provider.terraform-provider-google_v7.43.0_x5: Content-Type: application/json
2026-09-03T00:52:35.421+0100 [DEBUG] provider.terraform-provider-google_v7.43.0_x5: Accept-Encoding: gzip
2026-09-03T00:52:35.421+0100 [DEBUG] provider.terraform-provider-google_v7.43.0_x5
2026-09-03T00:52:35.421+0100 [DEBUG] provider.terraform-provider-google_v7.43.0_x5
2026-09-03T00:52:35.421+0100 [DEBUG] provider.terraform-provider-google_v7.43.0_x5: -----------------------------------------------------
2026-09-03T00:52:35.423+0100 [DEBUG] ReferenceTransformer: "module.instances.google_compute_disk.additional[\"nomad-dev-server-0-nomad-data\"]" references: []
2026-09-03T00:52:35.423+0100 [DEBUG] ReferenceTransformer: "module.instances.google_compute_disk.additional[\"mgmt-vm-docker-data\"]" references: []
2026-09-03T00:52:35.424+0100 [DEBUG] ReferenceTransformer: "module.instances.google_compute_disk.additional[\"mgmt-vm-sql-data\"]" references: []
2026-09-03T00:52:35.424+0100 [DEBUG] ReferenceTransformer: "module.instances.google_compute_disk.additional[\"mgmt-vm-vault-data\"]" references: []
2026-09-03T00:52:35.424+0100 [DEBUG] ReferenceTransformer: "module.instances.google_compute_disk.additional[\"nomad-dev-server-0-consul-data\"]" references: []
2026-09-03T00:52:35.436+0100 [DEBUG] provider.terraform-provider-google_v7.43.0_x5: 2026/09/03 00:52:35 [DEBUG] Waiting for state to become: [success]
2026-09-03T00:52:35.437+0100 [DEBUG] provider.terraform-provider-google_v7.43.0_x5: 2026/09/03 00:52:35 [DEBUG] Google API Request Details:
2026-09-03T00:52:35.437+0100 [DEBUG] provider.terraform-provider-google_v7.43.0_x5: ---[ REQUEST ]---------------------------------------
2026-09-03T00:52:35.437+0100 [DEBUG] provider.terraform-provider-google_v7.43.0_x5: GET /compute/v1/projects/nomad-platform-gcp/global/healthChecks/nomad-dev-spot-health-check?alt=json HTTP/1.1
2026-09-03T00:52:35.437+0100 [DEBUG] provider.terraform-provider-google_v7.43.0_x5: Host: compute.googleapis.com
2026-09-03T00:52:35.437+0100 [DEBUG] provider.terraform-provider-google_v7.43.0_x5: User-Agent: Terraform/1.15.8 (+https://www.terraform.io) Terraform-Plugin-SDK/2.40.1 terraform-provider-google/7.43.0
2026-09-03T00:52:35.437+0100 [DEBUG] provider.terraform-provider-google_v7.43.0_x5: Content-Type: application/json
2026-09-03T00:52:35.437+0100 [DEBUG] provider.terraform-provider-google_v7.43.0_x5: Accept-Encoding: gzip
2026-09-03T00:52:35.437+0100 [DEBUG] provider.terraform-provider-google_v7.43.0_x5
2026-09-03T00:52:35.437+0100 [DEBUG] provider.terraform-provider-google_v7.43.0_x5
2026-09-03T00:52:35.437+0100 [DEBUG] provider.terraform-provider-google_v7.43.0_x5: -----------------------------------------------------
2026-09-03T00:52:35.466+0100 [DEBUG] provider.terraform-provider-google_v7.43.0_x5: 2026/09/03 00:52:35 [DEBUG] Waiting for state to become: [success]
2026-09-03T00:52:35.466+0100 [DEBUG] provider.terraform-provider-google_v7.43.0_x5: 2026/09/03 00:52:35 [DEBUG] Google API Request Details:
2026-09-03T00:52:35.466+0100 [DEBUG] provider.terraform-provider-google_v7.43.0_x5: ---[ REQUEST ]---------------------------------------
2026-09-03T00:52:35.466+0100 [DEBUG] provider.terraform-provider-google_v7.43.0_x5: GET /compute/v1/projects/nomad-platform-gcp/global/instanceTemplates/1366293485736064508?alt=json HTTP/1.1
2026-09-03T00:52:35.466+0100 [DEBUG] provider.terraform-provider-google_v7.43.0_x5: Host: compute.googleapis.com
2026-09-03T00:52:35.466+0100 [DEBUG] provider.terraform-provider-google_v7.43.0_x5: User-Agent: Terraform/1.15.8 (+https://www.terraform.io) Terraform-Plugin-SDK/2.40.1 terraform-provider-google/7.43.0
2026-09-03T00:52:35.466+0100 [DEBUG] provider.terraform-provider-google_v7.43.0_x5: Content-Type: application/json
2026-09-03T00:52:35.466+0100 [DEBUG] provider.terraform-provider-google_v7.43.0_x5: Accept-Encoding: gzip
2026-09-03T00:52:35.466+0100 [DEBUG] provider.terraform-provider-google_v7.43.0_x5
2026-09-03T00:52:35.466+0100 [DEBUG] provider.terraform-provider-google_v7.43.0_x5
2026-09-03T00:52:35.466+0100 [DEBUG] provider.terraform-provider-google_v7.43.0_x5: -----------------------------------------------------
2026-09-03T00:52:35.466+0100 [DEBUG] provider.terraform-provider-google_v7.43.0_x5: 2026/09/03 00:52:35 [DEBUG] Waiting for state to become: [success]
2026-09-03T00:52:35.466+0100 [DEBUG] provider.terraform-provider-google_v7.43.0_x5: 2026/09/03 00:52:35 [DEBUG] Google API Request Details:
2026-09-03T00:52:35.466+0100 [DEBUG] provider.terraform-provider-google_v7.43.0_x5: ---[ REQUEST ]---------------------------------------
2026-09-03T00:52:35.466+0100 [DEBUG] provider.terraform-provider-google_v7.43.0_x5: GET /compute/v1/projects/nomad-platform-gcp/zones/europe-west1-b/disks/nomad-dev-server-0-consul-data?alt=json HTTP/1.1
2026-09-03T00:52:35.466+0100 [DEBUG] provider.terraform-provider-google_v7.43.0_x5: Host: compute.googleapis.com
2026-09-03T00:52:35.466+0100 [DEBUG] provider.terraform-provider-google_v7.43.0_x5: User-Agent: Terraform/1.15.8 (+https://www.terraform.io) Terraform-Plugin-SDK/2.40.1 terraform-provider-google/7.43.0
2026-09-03T00:52:35.466+0100 [DEBUG] provider.terraform-provider-google_v7.43.0_x5: Content-Type: application/json
2026-09-03T00:52:35.466+0100 [DEBUG] provider.terraform-provider-google_v7.43.0_x5: Accept-Encoding: gzip
2026-09-03T00:52:35.466+0100 [DEBUG] provider.terraform-provider-google_v7.43.0_x5
2026-09-03T00:52:35.466+0100 [DEBUG] provider.terraform-provider-google_v7.43.0_x5
2026-09-03T00:52:35.466+0100 [DEBUG] provider.terraform-provider-google_v7.43.0_x5: -----------------------------------------------------
2026-09-03T00:52:35.466+0100 [DEBUG] provider.terraform-provider-google_v7.43.0_x5: 2026/09/03 00:52:35 [DEBUG] Waiting for state to become: [success]
2026-09-03T00:52:35.466+0100 [DEBUG] provider.terraform-provider-google_v7.43.0_x5: 2026/09/03 00:52:35 [DEBUG] Google API Request Details:
2026-09-03T00:52:35.466+0100 [DEBUG] provider.terraform-provider-google_v7.43.0_x5: ---[ REQUEST ]---------------------------------------
2026-09-03T00:52:35.466+0100 [DEBUG] provider.terraform-provider-google_v7.43.0_x5: GET /compute/v1/projects/nomad-platform-gcp/regions/europe-west1/addresses/traefik-dev-static-ip?alt=json HTTP/1.1
2026-09-03T00:52:35.466+0100 [DEBUG] provider.terraform-provider-google_v7.43.0_x5: Host: compute.googleapis.com
2026-09-03T00:52:35.466+0100 [DEBUG] provider.terraform-provider-google_v7.43.0_x5: User-Agent: Terraform/1.15.8 (+https://www.terraform.io) Terraform-Plugin-SDK/2.40.1 terraform-provider-google/7.43.0
2026-09-03T00:52:35.467+0100 [DEBUG] provider.terraform-provider-google_v7.43.0_x5: Content-Type: application/json
2026-09-03T00:52:35.467+0100 [DEBUG] provider.terraform-provider-google_v7.43.0_x5: Accept-Encoding: gzip
2026-09-03T00:52:35.467+0100 [DEBUG] provider.terraform-provider-google_v7.43.0_x5
2026-09-03T00:52:35.467+0100 [DEBUG] provider.terraform-provider-google_v7.43.0_x5
2026-09-03T00:52:35.467+0100 [DEBUG] provider.terraform-provider-google_v7.43.0_x5: -----------------------------------------------------
2026-09-03T00:52:35.472+0100 [DEBUG] provider.terraform-provider-google_v7.43.0_x5: 2026/09/03 00:52:35 [DEBUG] Waiting for state to become: [success]
2026-09-03T00:52:35.472+0100 [DEBUG] provider.terraform-provider-google_v7.43.0_x5: 2026/09/03 00:52:35 [DEBUG] Google API Request Details:
2026-09-03T00:52:35.472+0100 [DEBUG] provider.terraform-provider-google_v7.43.0_x5: ---[ REQUEST ]---------------------------------------
2026-09-03T00:52:35.472+0100 [DEBUG] provider.terraform-provider-google_v7.43.0_x5: GET /compute/v1/projects/nomad-platform-gcp/zones/europe-west1-b/disks/nomad-dev-server-0-nomad-data?alt=json HTTP/1.1
2026-09-03T00:52:35.472+0100 [DEBUG] provider.terraform-provider-google_v7.43.0_x5: Host: compute.googleapis.com
2026-09-03T00:52:35.472+0100 [DEBUG] provider.terraform-provider-google_v7.43.0_x5: User-Agent: Terraform/1.15.8 (+https://www.terraform.io) Terraform-Plugin-SDK/2.40.1 terraform-provider-google/7.43.0
2026-09-03T00:52:35.472+0100 [DEBUG] provider.terraform-provider-google_v7.43.0_x5: Content-Type: application/json
2026-09-03T00:52:35.472+0100 [DEBUG] provider.terraform-provider-google_v7.43.0_x5: Accept-Encoding: gzip
2026-09-03T00:52:35.472+0100 [DEBUG] provider.terraform-provider-google_v7.43.0_x5
2026-09-03T00:52:35.472+0100 [DEBUG] provider.terraform-provider-google_v7.43.0_x5
2026-09-03T00:52:35.472+0100 [DEBUG] provider.terraform-provider-google_v7.43.0_x5: -----------------------------------------------------
2026-09-03T00:52:35.473+0100 [DEBUG] provider.terraform-provider-google_v7.43.0_x5: 2026/09/03 00:52:35 [DEBUG] Waiting for state to become: [success]
2026-09-03T00:52:35.474+0100 [DEBUG] provider.terraform-provider-google_v7.43.0_x5: 2026/09/03 00:52:35 [DEBUG] Google API Request Details:
2026-09-03T00:52:35.474+0100 [DEBUG] provider.terraform-provider-google_v7.43.0_x5: ---[ REQUEST ]---------------------------------------
2026-09-03T00:52:35.474+0100 [DEBUG] provider.terraform-provider-google_v7.43.0_x5: GET /compute/v1/projects/nomad-platform-gcp/zones/europe-west1-b/disks/mgmt-vm-docker-data?alt=json HTTP/1.1
2026-09-03T00:52:35.474+0100 [DEBUG] provider.terraform-provider-google_v7.43.0_x5: Host: compute.googleapis.com
2026-09-03T00:52:35.474+0100 [DEBUG] provider.terraform-provider-google_v7.43.0_x5: User-Agent: Terraform/1.15.8 (+https://www.terraform.io) Terraform-Plugin-SDK/2.40.1 terraform-provider-google/7.43.0
2026-09-03T00:52:35.474+0100 [DEBUG] provider.terraform-provider-google_v7.43.0_x5: Content-Type: application/json
2026-09-03T00:52:35.474+0100 [DEBUG] provider.terraform-provider-google_v7.43.0_x5: Accept-Encoding: gzip
2026-09-03T00:52:35.474+0100 [DEBUG] provider.terraform-provider-google_v7.43.0_x5
2026-09-03T00:52:35.474+0100 [DEBUG] provider.terraform-provider-google_v7.43.0_x5
2026-09-03T00:52:35.474+0100 [DEBUG] provider.terraform-provider-google_v7.43.0_x5: -----------------------------------------------------
2026-09-03T00:52:35.696+0100 [DEBUG] provider.terraform-provider-google_v7.43.0_x5: 2026/09/03 00:52:35 [DEBUG] Google API Response Details:
2026-09-03T00:52:35.697+0100 [DEBUG] provider.terraform-provider-google_v7.43.0_x5: ---[ RESPONSE ]--------------------------------------
2026-09-03T00:52:35.697+0100 [DEBUG] provider.terraform-provider-google_v7.43.0_x5: HTTP/2.0 200 OK
2026-09-03T00:52:35.697+0100 [DEBUG] provider.terraform-provider-google_v7.43.0_x5: Alt-Svc: h3=":443"; ma=2592000,h3-29=":443"; ma=2592000
2026-09-03T00:52:35.697+0100 [DEBUG] provider.terraform-provider-google_v7.43.0_x5: Content-Type: application/json; charset=UTF-8
2026-09-03T00:52:35.697+0100 [DEBUG] provider.terraform-provider-google_v7.43.0_x5: Date: Wed, 02 Sep 2026 23:52:36 GMT
2026-09-03T00:52:35.697+0100 [DEBUG] provider.terraform-provider-google_v7.43.0_x5: Server: ESF
2026-09-03T00:52:35.697+0100 [DEBUG] provider.terraform-provider-google_v7.43.0_x5: Vary: Origin
2026-09-03T00:52:35.697+0100 [DEBUG] provider.terraform-provider-google_v7.43.0_x5: Vary: X-Origin
2026-09-03T00:52:35.697+0100 [DEBUG] provider.terraform-provider-google_v7.43.0_x5: Vary: Referer
2026-09-03T00:52:35.697+0100 [DEBUG] provider.terraform-provider-google_v7.43.0_x5: X-Content-Type-Options: nosniff
2026-09-03T00:52:35.697+0100 [DEBUG] provider.terraform-provider-google_v7.43.0_x5: X-Frame-Options: SAMEORIGIN
2026-09-03T00:52:35.697+0100 [DEBUG] provider.terraform-provider-google_v7.43.0_x5: X-Xss-Protection: 0
2026-09-03T00:52:35.697+0100 [DEBUG] provider.terraform-provider-google_v7.43.0_x5
2026-09-03T00:52:35.697+0100 [DEBUG] provider.terraform-provider-google_v7.43.0_x5: {
2026-09-03T00:52:35.697+0100 [DEBUG] provider.terraform-provider-google_v7.43.0_x5:   "kind": "compute#disk",
2026-09-03T00:52:35.697+0100 [DEBUG] provider.terraform-provider-google_v7.43.0_x5:   "id": "7505033372245571424",
2026-09-03T00:52:35.697+0100 [DEBUG] provider.terraform-provider-google_v7.43.0_x5:   "creationTimestamp": "2026-08-23T17:00:15.436-07:00",
2026-09-03T00:52:35.697+0100 [DEBUG] provider.terraform-provider-google_v7.43.0_x5:   "name": "nomad-dev-server-0-consul-data",
2026-09-03T00:52:35.697+0100 [DEBUG] provider.terraform-provider-google_v7.43.0_x5:   "sizeGb": "20",
2026-09-03T00:52:35.697+0100 [DEBUG] provider.terraform-provider-google_v7.43.0_x5:   "zone": "https://www.googleapis.com/compute/v1/projects/nomad-platform-gcp/zones/europe-west1-b",
2026-09-03T00:52:35.697+0100 [DEBUG] provider.terraform-provider-google_v7.43.0_x5:   "status": "READY",
2026-09-03T00:52:35.697+0100 [DEBUG] provider.terraform-provider-google_v7.43.0_x5:   "selfLink": "https://www.googleapis.com/compute/v1/projects/nomad-platform-gcp/zones/europe-west1-b/disks/nomad-dev-server-0-consul-data",
2026-09-03T00:52:35.697+0100 [DEBUG] provider.terraform-provider-google_v7.43.0_x5:   "type": "https://www.googleapis.com/compute/v1/projects/nomad-platform-gcp/zones/europe-west1-b/diskTypes/pd-balanced",
2026-09-03T00:52:35.697+0100 [DEBUG] provider.terraform-provider-google_v7.43.0_x5:   "lastAttachTimestamp": "2026-09-01T22:21:05.557-07:00",
2026-09-03T00:52:35.697+0100 [DEBUG] provider.terraform-provider-google_v7.43.0_x5:   "lastDetachTimestamp": "2026-09-01T22:18:38.828-07:00",
2026-09-03T00:52:35.697+0100 [DEBUG] provider.terraform-provider-google_v7.43.0_x5:   "users": [
2026-09-03T00:52:35.697+0100 [DEBUG] provider.terraform-provider-google_v7.43.0_x5: "https://www.googleapis.com/compute/v1/projects/nomad-platform-gcp/zones/europe-west1-b/instances/nomad-dev-server-0"
2026-09-03T00:52:35.697+0100 [DEBUG] provider.terraform-provider-google_v7.43.0_x5:   ],
2026-09-03T00:52:35.697+0100 [DEBUG] provider.terraform-provider-google_v7.43.0_x5:   "diskEncryptionKey": {
2026-09-03T00:52:35.697+0100 [DEBUG] provider.terraform-provider-google_v7.43.0_x5:     "kmsKeyName": "projects/nomad-platform-gcp/locations/europe-west1/keyRings/platform/cryptoKeys/disk-cmek/cryptoKeyVersions/1"
2026-09-03T00:52:35.697+0100 [DEBUG] provider.terraform-provider-google_v7.43.0_x5:   },
2026-09-03T00:52:35.697+0100 [DEBUG] provider.terraform-provider-google_v7.43.0_x5:   "labels": {
2026-09-03T00:52:35.697+0100 [DEBUG] provider.terraform-provider-google_v7.43.0_x5:     "goog-terraform-provisioned": "true"
2026-09-03T00:52:35.697+0100 [DEBUG] provider.terraform-provider-google_v7.43.0_x5:   },
2026-09-03T00:52:35.697+0100 [DEBUG] provider.terraform-provider-google_v7.43.0_x5:   "labelFingerprint": "vezUS-42LLM=",
2026-09-03T00:52:35.697+0100 [DEBUG] provider.terraform-provider-google_v7.43.0_x5:   "physicalBlockSizeBytes": "4096",
2026-09-03T00:52:35.697+0100 [DEBUG] provider.terraform-provider-google_v7.43.0_x5:   "enableConfidentialCompute": false,
2026-09-03T00:52:35.697+0100 [DEBUG] provider.terraform-provider-google_v7.43.0_x5:   "satisfiesPzi": true
2026-09-03T00:52:35.697+0100 [DEBUG] provider.terraform-provider-google_v7.43.0_x5: }
2026-09-03T00:52:35.697+0100 [DEBUG] provider.terraform-provider-google_v7.43.0_x5
2026-09-03T00:52:35.697+0100 [DEBUG] provider.terraform-provider-google_v7.43.0_x5: -----------------------------------------------------
2026-09-03T00:52:35.697+0100 [DEBUG] provider.terraform-provider-google_v7.43.0_x5: 2026/09/03 00:52:35 [DEBUG] Finished reading ComputeDisk "projects/nomad-platform-gcp/zones/europe-west1-b/disks/nomad-dev-server-0-consul-data": map[string]interface {}{"creationTimestamp":"2026-08-23T17:00:15.436-07:00", "diskEncryptionKey":map[string]interface {}{"kmsKeyName":"projects/nomad-platform-gcp/locations/europe-west1/keyRings/platform/cryptoKeys/disk-cmek/cryptoKeyVersions/1"}, "enableConfidentialCompute":false, "id":"7505033372245571424", "kind":"compute#disk", "labelFingerprint":"vezUS-42LLM=", "labels":map[string]interface {}{"goog-terraform-provisioned":"true"}, "lastAttachTimestamp":"2026-09-01T22:21:05.557-07:00", "lastDetachTimestamp":"2026-09-01T22:18:38.828-07:00", "name":"nomad-dev-server-0-consul-data", "physicalBlockSizeBytes":"4096", "satisfiesPzi":true, "selfLink":"https://www.googleapis.com/compute/v1/projects/nomad-platform-gcp/zones/europe-west1-b/disks/nomad-dev-server-0-consul-data", "sizeGb":"20", "status":"READY", "type":"https://www.googleapis.com/compute/v1/projects/nomad-platform-gcp/zones/europe-west1-b/diskTypes/pd-balanced", "users":[]interface {}{"https://www.googleapis.com/compute/v1/projects/nomad-platform-gcp/zones/europe-west1-b/instances/nomad-dev-server-0"}, "zone":"https://www.googleapis.com/compute/v1/projects/nomad-platform-gcp/zones/europe-west1-b"}
2026-09-03T00:52:35.700+0100 [DEBUG] provider.terraform-provider-google_v7.43.0_x5: 2026/09/03 00:52:35 [DEBUG] Google API Response Details:
2026-09-03T00:52:35.700+0100 [DEBUG] provider.terraform-provider-google_v7.43.0_x5: ---[ RESPONSE ]--------------------------------------
2026-09-03T00:52:35.700+0100 [DEBUG] provider.terraform-provider-google_v7.43.0_x5: HTTP/2.0 200 OK
2026-09-03T00:52:35.700+0100 [DEBUG] provider.terraform-provider-google_v7.43.0_x5: Alt-Svc: h3=":443"; ma=2592000,h3-29=":443"; ma=2592000
2026-09-03T00:52:35.700+0100 [DEBUG] provider.terraform-provider-google_v7.43.0_x5: Content-Type: application/json; charset=UTF-8
2026-09-03T00:52:35.701+0100 [DEBUG] provider.terraform-provider-google_v7.43.0_x5: Date: Wed, 02 Sep 2026 23:52:36 GMT
2026-09-03T00:52:35.701+0100 [DEBUG] provider.terraform-provider-google_v7.43.0_x5: Server: ESF
2026-09-03T00:52:35.701+0100 [DEBUG] provider.terraform-provider-google_v7.43.0_x5: Vary: Origin
2026-09-03T00:52:35.701+0100 [DEBUG] provider.terraform-provider-google_v7.43.0_x5: Vary: X-Origin
2026-09-03T00:52:35.701+0100 [DEBUG] provider.terraform-provider-google_v7.43.0_x5: Vary: Referer
2026-09-03T00:52:35.701+0100 [DEBUG] provider.terraform-provider-google_v7.43.0_x5: X-Content-Type-Options: nosniff
2026-09-03T00:52:35.701+0100 [DEBUG] provider.terraform-provider-google_v7.43.0_x5: X-Frame-Options: SAMEORIGIN
2026-09-03T00:52:35.701+0100 [DEBUG] provider.terraform-provider-google_v7.43.0_x5: X-Xss-Protection: 0
2026-09-03T00:52:35.701+0100 [DEBUG] provider.terraform-provider-google_v7.43.0_x5
2026-09-03T00:52:35.701+0100 [DEBUG] provider.terraform-provider-google_v7.43.0_x5: {
2026-09-03T00:52:35.701+0100 [DEBUG] provider.terraform-provider-google_v7.43.0_x5:   "kind": "compute#address",
2026-09-03T00:52:35.701+0100 [DEBUG] provider.terraform-provider-google_v7.43.0_x5:   "id": "8421334056090089312",
2026-09-03T00:52:35.701+0100 [DEBUG] provider.terraform-provider-google_v7.43.0_x5:   "creationTimestamp": "2026-08-23T17:00:15.458-07:00",
2026-09-03T00:52:35.701+0100 [DEBUG] provider.terraform-provider-google_v7.43.0_x5:   "name": "traefik-dev-static-ip",
2026-09-03T00:52:35.701+0100 [DEBUG] provider.terraform-provider-google_v7.43.0_x5:   "description": "",
2026-09-03T00:52:35.701+0100 [DEBUG] provider.terraform-provider-google_v7.43.0_x5:   "address": "35.240.88.115",
2026-09-03T00:52:35.701+0100 [DEBUG] provider.terraform-provider-google_v7.43.0_x5:   "status": "IN_USE",
2026-09-03T00:52:35.701+0100 [DEBUG] provider.terraform-provider-google_v7.43.0_x5:   "region": "https://www.googleapis.com/compute/v1/projects/nomad-platform-gcp/regions/europe-west1",
2026-09-03T00:52:35.701+0100 [DEBUG] provider.terraform-provider-google_v7.43.0_x5:   "selfLink": "https://www.googleapis.com/compute/v1/projects/nomad-platform-gcp/regions/europe-west1/addresses/traefik-dev-static-ip",
2026-09-03T00:52:35.701+0100 [DEBUG] provider.terraform-provider-google_v7.43.0_x5:   "users": [
2026-09-03T00:52:35.701+0100 [DEBUG] provider.terraform-provider-google_v7.43.0_x5: "https://www.googleapis.com/compute/v1/projects/nomad-platform-gcp/zones/europe-west1-b/instances/traefik-dev"
2026-09-03T00:52:35.701+0100 [DEBUG] provider.terraform-provider-google_v7.43.0_x5:   ],
2026-09-03T00:52:35.701+0100 [DEBUG] provider.terraform-provider-google_v7.43.0_x5:   "networkTier": "PREMIUM",
2026-09-03T00:52:35.701+0100 [DEBUG] provider.terraform-provider-google_v7.43.0_x5:   "labels": {
2026-09-03T00:52:35.701+0100 [DEBUG] provider.terraform-provider-google_v7.43.0_x5:     "goog-terraform-provisioned": "true"
2026-09-03T00:52:35.701+0100 [DEBUG] provider.terraform-provider-google_v7.43.0_x5:   },
2026-09-03T00:52:35.701+0100 [DEBUG] provider.terraform-provider-google_v7.43.0_x5:   "labelFingerprint": "vezUS-42LLM=",
2026-09-03T00:52:35.701+0100 [DEBUG] provider.terraform-provider-google_v7.43.0_x5:   "addressType": "EXTERNAL"
2026-09-03T00:52:35.701+0100 [DEBUG] provider.terraform-provider-google_v7.43.0_x5: }
2026-09-03T00:52:35.701+0100 [DEBUG] provider.terraform-provider-google_v7.43.0_x5
2026-09-03T00:52:35.701+0100 [DEBUG] provider.terraform-provider-google_v7.43.0_x5: -----------------------------------------------------
2026-09-03T00:52:35.701+0100 [DEBUG] provider.terraform-provider-google_v7.43.0_x5: 2026/09/03 00:52:35 [DEBUG] Finished reading ComputeAddress "projects/nomad-platform-gcp/regions/europe-west1/addresses/traefik-dev-static-ip": map[string]interface {}{"address":"35.240.88.115", "addressType":"EXTERNAL", "creationTimestamp":"2026-08-23T17:00:15.458-07:00", "description":"", "id":"8421334056090089312", "kind":"compute#address", "labelFingerprint":"vezUS-42LLM=", "labels":map[string]interface {}{"goog-terraform-provisioned":"true"}, "name":"traefik-dev-static-ip", "networkTier":"PREMIUM", "region":"https://www.googleapis.com/compute/v1/projects/nomad-platform-gcp/regions/europe-west1", "selfLink":"https://www.googleapis.com/compute/v1/projects/nomad-platform-gcp/regions/europe-west1/addresses/traefik-dev-static-ip", "status":"IN_USE", "users":[]interface {}{"https://www.googleapis.com/compute/v1/projects/nomad-platform-gcp/zones/europe-west1-b/instances/traefik-dev"}}
2026-09-03T00:52:35.713+0100 [DEBUG] provider.terraform-provider-google_v7.43.0_x5: 2026/09/03 00:52:35 [DEBUG] `deletion_policy` detected as not set within resource or provider configuration. Falling back to resource default, DELETE
2026-09-03T00:52:35.714+0100 [WARN]  Provider "registry.terraform.io/hashicorp/google" produced an invalid plan for module.instances.google_compute_address.static["traefik-dev"], but we are tolerating it because it is using the legacy plugin SDK.
    The following problems may be the cause of any confusing errors from downstream operations:
      - .description: planned value cty.StringVal("") for a non-computed attribute
      - .ip_collection: planned value cty.StringVal("") for a non-computed attribute
      - .ipv6_endpoint_type: planned value cty.StringVal("") for a non-computed attribute
      - .network: planned value cty.StringVal("") for a non-computed attribute
      - .labels: planned value cty.MapValEmpty(cty.String) for a non-computed attribute
      - .ip_version: planned value cty.StringVal("") for a non-computed attribute
2026-09-03T00:52:35.723+0100 [WARN]  Provider "registry.terraform.io/hashicorp/google" produced an invalid plan for module.instances.google_compute_disk.additional["nomad-dev-server-0-consul-data"], but we are tolerating it because it is using the legacy plugin SDK.
    The following problems may be the cause of any confusing errors from downstream operations:
      - .labels: planned value cty.MapValEmpty(cty.String) for a non-computed attribute
      - .description: planned value cty.StringVal("") for a non-computed attribute
      - .source_disk: planned value cty.StringVal("") for a non-computed attribute
      - .source_instant_snapshot: planned value cty.StringVal("") for a non-computed attribute
      - .snapshot: planned value cty.StringVal("") for a non-computed attribute
      - .create_snapshot_before_destroy: planned value cty.False for a non-computed attribute
      - .storage_pool: planned value cty.StringVal("") for a non-computed attribute
      - .image: planned value cty.StringVal("") for a non-computed attribute
      - .disk_encryption_key[0].kms_key_service_account: planned value cty.StringVal("") for a non-computed attribute
      - .disk_encryption_key[0].raw_key: sensitive planned value for a non-computed attribute
      - .disk_encryption_key[0].rsa_encrypted_key: sensitive planned value for a non-computed attribute
2026-09-03T00:52:35.724+0100 [DEBUG] provider.terraform-provider-google_v7.43.0_x5: 2026/09/03 00:52:35 [DEBUG] `deletion_policy` detected as not set within resource or provider configuration. Falling back to resource default, DELETE
2026-09-03T00:52:35.727+0100 [DEBUG] provider.terraform-provider-google_v7.43.0_x5: 2026/09/03 00:52:35 [DEBUG] Waiting for state to become: [success]
2026-09-03T00:52:35.727+0100 [DEBUG] provider.terraform-provider-google_v7.43.0_x5: 2026/09/03 00:52:35 [DEBUG] Google API Request Details:
2026-09-03T00:52:35.727+0100 [DEBUG] provider.terraform-provider-google_v7.43.0_x5: ---[ REQUEST ]---------------------------------------
2026-09-03T00:52:35.727+0100 [DEBUG] provider.terraform-provider-google_v7.43.0_x5: GET /compute/v1/projects/nomad-platform-gcp/zones/europe-west1-b/disks/mgmt-vm-sql-data?alt=json HTTP/1.1
2026-09-03T00:52:35.727+0100 [DEBUG] provider.terraform-provider-google_v7.43.0_x5: Host: compute.googleapis.com
2026-09-03T00:52:35.727+0100 [DEBUG] provider.terraform-provider-google_v7.43.0_x5: User-Agent: Terraform/1.15.8 (+https://www.terraform.io) Terraform-Plugin-SDK/2.40.1 terraform-provider-google/7.43.0
2026-09-03T00:52:35.727+0100 [DEBUG] provider.terraform-provider-google_v7.43.0_x5: Content-Type: application/json
2026-09-03T00:52:35.727+0100 [DEBUG] provider.terraform-provider-google_v7.43.0_x5: Accept-Encoding: gzip
2026-09-03T00:52:35.727+0100 [DEBUG] provider.terraform-provider-google_v7.43.0_x5
2026-09-03T00:52:35.727+0100 [DEBUG] provider.terraform-provider-google_v7.43.0_x5
2026-09-03T00:52:35.727+0100 [DEBUG] provider.terraform-provider-google_v7.43.0_x5: -----------------------------------------------------
2026-09-03T00:52:35.739+0100 [DEBUG] provider.terraform-provider-google_v7.43.0_x5: 2026/09/03 00:52:35 [DEBUG] Waiting for state to become: [success]
2026-09-03T00:52:35.739+0100 [DEBUG] provider.terraform-provider-google_v7.43.0_x5: 2026/09/03 00:52:35 [DEBUG] Google API Request Details:
2026-09-03T00:52:35.739+0100 [DEBUG] provider.terraform-provider-google_v7.43.0_x5: ---[ REQUEST ]---------------------------------------
2026-09-03T00:52:35.739+0100 [DEBUG] provider.terraform-provider-google_v7.43.0_x5: GET /compute/v1/projects/nomad-platform-gcp/zones/europe-west1-b/disks/mgmt-vm-vault-data?alt=json HTTP/1.1
2026-09-03T00:52:35.739+0100 [DEBUG] provider.terraform-provider-google_v7.43.0_x5: Host: compute.googleapis.com
2026-09-03T00:52:35.739+0100 [DEBUG] provider.terraform-provider-google_v7.43.0_x5: User-Agent: Terraform/1.15.8 (+https://www.terraform.io) Terraform-Plugin-SDK/2.40.1 terraform-provider-google/7.43.0
2026-09-03T00:52:35.739+0100 [DEBUG] provider.terraform-provider-google_v7.43.0_x5: Content-Type: application/json
2026-09-03T00:52:35.739+0100 [DEBUG] provider.terraform-provider-google_v7.43.0_x5: Accept-Encoding: gzip
2026-09-03T00:52:35.739+0100 [DEBUG] provider.terraform-provider-google_v7.43.0_x5
2026-09-03T00:52:35.739+0100 [DEBUG] provider.terraform-provider-google_v7.43.0_x5
2026-09-03T00:52:35.739+0100 [DEBUG] provider.terraform-provider-google_v7.43.0_x5: -----------------------------------------------------
2026-09-03T00:52:35.745+0100 [DEBUG] provider.terraform-provider-google_v7.43.0_x5: 2026/09/03 00:52:35 [DEBUG] Google API Response Details:
2026-09-03T00:52:35.745+0100 [DEBUG] provider.terraform-provider-google_v7.43.0_x5: ---[ RESPONSE ]--------------------------------------
2026-09-03T00:52:35.745+0100 [DEBUG] provider.terraform-provider-google_v7.43.0_x5: HTTP/2.0 200 OK
2026-09-03T00:52:35.745+0100 [DEBUG] provider.terraform-provider-google_v7.43.0_x5: Alt-Svc: h3=":443"; ma=2592000,h3-29=":443"; ma=2592000
2026-09-03T00:52:35.745+0100 [DEBUG] provider.terraform-provider-google_v7.43.0_x5: Content-Type: application/json; charset=UTF-8
2026-09-03T00:52:35.745+0100 [DEBUG] provider.terraform-provider-google_v7.43.0_x5: Date: Wed, 02 Sep 2026 23:52:36 GMT
2026-09-03T00:52:35.745+0100 [DEBUG] provider.terraform-provider-google_v7.43.0_x5: Server: ESF
2026-09-03T00:52:35.745+0100 [DEBUG] provider.terraform-provider-google_v7.43.0_x5: Vary: Origin
2026-09-03T00:52:35.745+0100 [DEBUG] provider.terraform-provider-google_v7.43.0_x5: Vary: X-Origin
2026-09-03T00:52:35.745+0100 [DEBUG] provider.terraform-provider-google_v7.43.0_x5: Vary: Referer
2026-09-03T00:52:35.745+0100 [DEBUG] provider.terraform-provider-google_v7.43.0_x5: X-Content-Type-Options: nosniff
2026-09-03T00:52:35.745+0100 [DEBUG] provider.terraform-provider-google_v7.43.0_x5: X-Frame-Options: SAMEORIGIN
2026-09-03T00:52:35.745+0100 [DEBUG] provider.terraform-provider-google_v7.43.0_x5: X-Xss-Protection: 0
2026-09-03T00:52:35.745+0100 [DEBUG] provider.terraform-provider-google_v7.43.0_x5
2026-09-03T00:52:35.745+0100 [DEBUG] provider.terraform-provider-google_v7.43.0_x5: {
2026-09-03T00:52:35.745+0100 [DEBUG] provider.terraform-provider-google_v7.43.0_x5:   "kind": "compute#healthCheck",
2026-09-03T00:52:35.745+0100 [DEBUG] provider.terraform-provider-google_v7.43.0_x5:   "id": "6576165180301260653",
2026-09-03T00:52:35.745+0100 [DEBUG] provider.terraform-provider-google_v7.43.0_x5:   "creationTimestamp": "2026-08-23T17:00:03.205-07:00",
2026-09-03T00:52:35.745+0100 [DEBUG] provider.terraform-provider-google_v7.43.0_x5:   "name": "nomad-dev-ondemand-health-check",
2026-09-03T00:52:35.745+0100 [DEBUG] provider.terraform-provider-google_v7.43.0_x5:   "description": "",
2026-09-03T00:52:35.745+0100 [DEBUG] provider.terraform-provider-google_v7.43.0_x5:   "checkIntervalSec": 30,
2026-09-03T00:52:35.745+0100 [DEBUG] provider.terraform-provider-google_v7.43.0_x5:   "timeoutSec": 10,
2026-09-03T00:52:35.745+0100 [DEBUG] provider.terraform-provider-google_v7.43.0_x5:   "unhealthyThreshold": 3,
2026-09-03T00:52:35.745+0100 [DEBUG] provider.terraform-provider-google_v7.43.0_x5:   "healthyThreshold": 2,
2026-09-03T00:52:35.745+0100 [DEBUG] provider.terraform-provider-google_v7.43.0_x5:   "type": "TCP",
2026-09-03T00:52:35.745+0100 [DEBUG] provider.terraform-provider-google_v7.43.0_x5:   "tcpHealthCheck": {
2026-09-03T00:52:35.745+0100 [DEBUG] provider.terraform-provider-google_v7.43.0_x5:     "port": 4646,
2026-09-03T00:52:35.745+0100 [DEBUG] provider.terraform-provider-google_v7.43.0_x5:     "proxyHeader": "NONE"
2026-09-03T00:52:35.745+0100 [DEBUG] provider.terraform-provider-google_v7.43.0_x5:   },
2026-09-03T00:52:35.745+0100 [DEBUG] provider.terraform-provider-google_v7.43.0_x5:   "selfLink": "https://www.googleapis.com/compute/v1/projects/nomad-platform-gcp/global/healthChecks/nomad-dev-ondemand-health-check",
2026-09-03T00:52:35.745+0100 [DEBUG] provider.terraform-provider-google_v7.43.0_x5:   "logConfig": {
2026-09-03T00:52:35.745+0100 [DEBUG] provider.terraform-provider-google_v7.43.0_x5:     "enable": false
2026-09-03T00:52:35.745+0100 [DEBUG] provider.terraform-provider-google_v7.43.0_x5:   }
2026-09-03T00:52:35.745+0100 [DEBUG] provider.terraform-provider-google_v7.43.0_x5: }
2026-09-03T00:52:35.745+0100 [DEBUG] provider.terraform-provider-google_v7.43.0_x5
2026-09-03T00:52:35.745+0100 [DEBUG] provider.terraform-provider-google_v7.43.0_x5: -----------------------------------------------------
2026-09-03T00:52:35.745+0100 [DEBUG] provider.terraform-provider-google_v7.43.0_x5: 2026/09/03 00:52:35 [DEBUG] Finished reading ComputeHealthCheck "projects/nomad-platform-gcp/global/healthChecks/nomad-dev-ondemand-health-check": map[string]interface {}{"checkIntervalSec":30, "creationTimestamp":"2026-08-23T17:00:03.205-07:00", "description":"", "healthyThreshold":2, "id":"6576165180301260653", "kind":"compute#healthCheck", "logConfig":map[string]interface {}{"enable":false}, "name":"nomad-dev-ondemand-health-check", "selfLink":"https://www.googleapis.com/compute/v1/projects/nomad-platform-gcp/global/healthChecks/nomad-dev-ondemand-health-check", "tcpHealthCheck":map[string]interface {}{"port":4646, "proxyHeader":"NONE"}, "timeoutSec":10, "type":"TCP", "unhealthyThreshold":3}
2026-09-03T00:52:35.749+0100 [DEBUG] provider.terraform-provider-google_v7.43.0_x5: 2026/09/03 00:52:35 [DEBUG] Google API Response Details:
2026-09-03T00:52:35.750+0100 [DEBUG] provider.terraform-provider-google_v7.43.0_x5: ---[ RESPONSE ]--------------------------------------
2026-09-03T00:52:35.750+0100 [DEBUG] provider.terraform-provider-google_v7.43.0_x5: HTTP/2.0 200 OK
2026-09-03T00:52:35.750+0100 [DEBUG] provider.terraform-provider-google_v7.43.0_x5: Alt-Svc: h3=":443"; ma=2592000,h3-29=":443"; ma=2592000
2026-09-03T00:52:35.750+0100 [DEBUG] provider.terraform-provider-google_v7.43.0_x5: Content-Type: application/json; charset=UTF-8
2026-09-03T00:52:35.750+0100 [DEBUG] provider.terraform-provider-google_v7.43.0_x5: Date: Wed, 02 Sep 2026 23:52:36 GMT
2026-09-03T00:52:35.750+0100 [DEBUG] provider.terraform-provider-google_v7.43.0_x5: Server: ESF
2026-09-03T00:52:35.750+0100 [DEBUG] provider.terraform-provider-google_v7.43.0_x5: Vary: Origin
2026-09-03T00:52:35.750+0100 [DEBUG] provider.terraform-provider-google_v7.43.0_x5: Vary: X-Origin
2026-09-03T00:52:35.750+0100 [DEBUG] provider.terraform-provider-google_v7.43.0_x5: Vary: Referer
2026-09-03T00:52:35.750+0100 [DEBUG] provider.terraform-provider-google_v7.43.0_x5: X-Content-Type-Options: nosniff
2026-09-03T00:52:35.750+0100 [DEBUG] provider.terraform-provider-google_v7.43.0_x5: X-Frame-Options: SAMEORIGIN
2026-09-03T00:52:35.750+0100 [DEBUG] provider.terraform-provider-google_v7.43.0_x5: X-Xss-Protection: 0
2026-09-03T00:52:35.750+0100 [DEBUG] provider.terraform-provider-google_v7.43.0_x5
2026-09-03T00:52:35.750+0100 [DEBUG] provider.terraform-provider-google_v7.43.0_x5: {
2026-09-03T00:52:35.750+0100 [DEBUG] provider.terraform-provider-google_v7.43.0_x5:   "kind": "compute#disk",
2026-09-03T00:52:35.750+0100 [DEBUG] provider.terraform-provider-google_v7.43.0_x5:   "id": "67672607250255951",
2026-09-03T00:52:35.750+0100 [DEBUG] provider.terraform-provider-google_v7.43.0_x5:   "creationTimestamp": "2026-08-15T11:23:29.139-07:00",
2026-09-03T00:52:35.750+0100 [DEBUG] provider.terraform-provider-google_v7.43.0_x5:   "name": "mgmt-vm-docker-data",
2026-09-03T00:52:35.750+0100 [DEBUG] provider.terraform-provider-google_v7.43.0_x5:   "sizeGb": "50",
2026-09-03T00:52:35.750+0100 [DEBUG] provider.terraform-provider-google_v7.43.0_x5:   "zone": "https://www.googleapis.com/compute/v1/projects/nomad-platform-gcp/zones/europe-west1-b",
2026-09-03T00:52:35.750+0100 [DEBUG] provider.terraform-provider-google_v7.43.0_x5:   "status": "READY",
2026-09-03T00:52:35.750+0100 [DEBUG] provider.terraform-provider-google_v7.43.0_x5:   "selfLink": "https://www.googleapis.com/compute/v1/projects/nomad-platform-gcp/zones/europe-west1-b/disks/mgmt-vm-docker-data",
2026-09-03T00:52:35.750+0100 [DEBUG] provider.terraform-provider-google_v7.43.0_x5:   "type": "https://www.googleapis.com/compute/v1/projects/nomad-platform-gcp/zones/europe-west1-b/diskTypes/pd-balanced",
2026-09-03T00:52:35.750+0100 [DEBUG] provider.terraform-provider-google_v7.43.0_x5:   "lastAttachTimestamp": "2026-08-27T00:14:09.517-07:00",
2026-09-03T00:52:35.750+0100 [DEBUG] provider.terraform-provider-google_v7.43.0_x5:   "lastDetachTimestamp": "2026-08-23T17:00:06.607-07:00",
2026-09-03T00:52:35.750+0100 [DEBUG] provider.terraform-provider-google_v7.43.0_x5:   "users": [
2026-09-03T00:52:35.750+0100 [DEBUG] provider.terraform-provider-google_v7.43.0_x5: "https://www.googleapis.com/compute/v1/projects/nomad-platform-gcp/zones/europe-west1-b/instances/mgmt-vm"
2026-09-03T00:52:35.750+0100 [DEBUG] provider.terraform-provider-google_v7.43.0_x5:   ],
2026-09-03T00:52:35.750+0100 [DEBUG] provider.terraform-provider-google_v7.43.0_x5:   "diskEncryptionKey": {
2026-09-03T00:52:35.750+0100 [DEBUG] provider.terraform-provider-google_v7.43.0_x5:     "kmsKeyName": "projects/nomad-platform-gcp/locations/europe-west1/keyRings/platform/cryptoKeys/disk-cmek/cryptoKeyVersions/1"
2026-09-03T00:52:35.750+0100 [DEBUG] provider.terraform-provider-google_v7.43.0_x5:   },
2026-09-03T00:52:35.750+0100 [DEBUG] provider.terraform-provider-google_v7.43.0_x5:   "labels": {
2026-09-03T00:52:35.750+0100 [DEBUG] provider.terraform-provider-google_v7.43.0_x5:     "goog-terraform-provisioned": "true"
2026-09-03T00:52:35.750+0100 [DEBUG] provider.terraform-provider-google_v7.43.0_x5:   },
2026-09-03T00:52:35.750+0100 [DEBUG] provider.terraform-provider-google_v7.43.0_x5:   "labelFingerprint": "vezUS-42LLM=",
2026-09-03T00:52:35.750+0100 [DEBUG] provider.terraform-provider-google_v7.43.0_x5:   "physicalBlockSizeBytes": "4096",
2026-09-03T00:52:35.750+0100 [DEBUG] provider.terraform-provider-google_v7.43.0_x5:   "enableConfidentialCompute": false,
2026-09-03T00:52:35.750+0100 [DEBUG] provider.terraform-provider-google_v7.43.0_x5:   "satisfiesPzi": true
2026-09-03T00:52:35.750+0100 [DEBUG] provider.terraform-provider-google_v7.43.0_x5: }
2026-09-03T00:52:35.750+0100 [DEBUG] provider.terraform-provider-google_v7.43.0_x5
2026-09-03T00:52:35.750+0100 [DEBUG] provider.terraform-provider-google_v7.43.0_x5: -----------------------------------------------------
2026-09-03T00:52:35.751+0100 [DEBUG] provider.terraform-provider-google_v7.43.0_x5: 2026/09/03 00:52:35 [DEBUG] Finished reading ComputeDisk "projects/nomad-platform-gcp/zones/europe-west1-b/disks/mgmt-vm-docker-data": map[string]interface {}{"creationTimestamp":"2026-08-15T11:23:29.139-07:00", "diskEncryptionKey":map[string]interface {}{"kmsKeyName":"projects/nomad-platform-gcp/locations/europe-west1/keyRings/platform/cryptoKeys/disk-cmek/cryptoKeyVersions/1"}, "enableConfidentialCompute":false, "id":"67672607250255951", "kind":"compute#disk", "labelFingerprint":"vezUS-42LLM=", "labels":map[string]interface {}{"goog-terraform-provisioned":"true"}, "lastAttachTimestamp":"2026-08-27T00:14:09.517-07:00", "lastDetachTimestamp":"2026-08-23T17:00:06.607-07:00", "name":"mgmt-vm-docker-data", "physicalBlockSizeBytes":"4096", "satisfiesPzi":true, "selfLink":"https://www.googleapis.com/compute/v1/projects/nomad-platform-gcp/zones/europe-west1-b/disks/mgmt-vm-docker-data", "sizeGb":"50", "status":"READY", "type":"https://www.googleapis.com/compute/v1/projects/nomad-platform-gcp/zones/europe-west1-b/diskTypes/pd-balanced", "users":[]interface {}{"https://www.googleapis.com/compute/v1/projects/nomad-platform-gcp/zones/europe-west1-b/instances/mgmt-vm"}, "zone":"https://www.googleapis.com/compute/v1/projects/nomad-platform-gcp/zones/europe-west1-b"}
2026-09-03T00:52:35.752+0100 [DEBUG] provider.terraform-provider-google_v7.43.0_x5: 2026/09/03 00:52:35 [DEBUG] Google API Response Details:
2026-09-03T00:52:35.752+0100 [DEBUG] provider.terraform-provider-google_v7.43.0_x5: ---[ RESPONSE ]--------------------------------------
2026-09-03T00:52:35.752+0100 [DEBUG] provider.terraform-provider-google_v7.43.0_x5: HTTP/2.0 200 OK
2026-09-03T00:52:35.753+0100 [DEBUG] provider.terraform-provider-google_v7.43.0_x5: Alt-Svc: h3=":443"; ma=2592000,h3-29=":443"; ma=2592000
2026-09-03T00:52:35.753+0100 [DEBUG] provider.terraform-provider-google_v7.43.0_x5: Content-Type: application/json; charset=UTF-8
2026-09-03T00:52:35.753+0100 [DEBUG] provider.terraform-provider-google_v7.43.0_x5: Date: Wed, 02 Sep 2026 23:52:36 GMT
2026-09-03T00:52:35.753+0100 [DEBUG] provider.terraform-provider-google_v7.43.0_x5: Server: ESF
2026-09-03T00:52:35.753+0100 [DEBUG] provider.terraform-provider-google_v7.43.0_x5: Vary: Origin
2026-09-03T00:52:35.753+0100 [DEBUG] provider.terraform-provider-google_v7.43.0_x5: Vary: X-Origin
2026-09-03T00:52:35.753+0100 [DEBUG] provider.terraform-provider-google_v7.43.0_x5: Vary: Referer
2026-09-03T00:52:35.753+0100 [DEBUG] provider.terraform-provider-google_v7.43.0_x5: X-Content-Type-Options: nosniff
2026-09-03T00:52:35.753+0100 [DEBUG] provider.terraform-provider-google_v7.43.0_x5: X-Frame-Options: SAMEORIGIN
2026-09-03T00:52:35.753+0100 [DEBUG] provider.terraform-provider-google_v7.43.0_x5: X-Xss-Protection: 0
2026-09-03T00:52:35.753+0100 [DEBUG] provider.terraform-provider-google_v7.43.0_x5
2026-09-03T00:52:35.753+0100 [DEBUG] provider.terraform-provider-google_v7.43.0_x5: {
2026-09-03T00:52:35.753+0100 [DEBUG] provider.terraform-provider-google_v7.43.0_x5:   "kind": "compute#disk",
2026-09-03T00:52:35.753+0100 [DEBUG] provider.terraform-provider-google_v7.43.0_x5:   "id": "3243232500900050784",
2026-09-03T00:52:35.753+0100 [DEBUG] provider.terraform-provider-google_v7.43.0_x5:   "creationTimestamp": "2026-08-23T17:00:15.413-07:00",
2026-09-03T00:52:35.753+0100 [DEBUG] provider.terraform-provider-google_v7.43.0_x5:   "name": "nomad-dev-server-0-nomad-data",
2026-09-03T00:52:35.753+0100 [DEBUG] provider.terraform-provider-google_v7.43.0_x5:   "sizeGb": "20",
2026-09-03T00:52:35.753+0100 [DEBUG] provider.terraform-provider-google_v7.43.0_x5:   "zone": "https://www.googleapis.com/compute/v1/projects/nomad-platform-gcp/zones/europe-west1-b",
2026-09-03T00:52:35.753+0100 [DEBUG] provider.terraform-provider-google_v7.43.0_x5:   "status": "READY",
2026-09-03T00:52:35.753+0100 [DEBUG] provider.terraform-provider-google_v7.43.0_x5:   "selfLink": "https://www.googleapis.com/compute/v1/projects/nomad-platform-gcp/zones/europe-west1-b/disks/nomad-dev-server-0-nomad-data",
2026-09-03T00:52:35.753+0100 [DEBUG] provider.terraform-provider-google_v7.43.0_x5:   "type": "https://www.googleapis.com/compute/v1/projects/nomad-platform-gcp/zones/europe-west1-b/diskTypes/pd-balanced",
2026-09-03T00:52:35.753+0100 [DEBUG] provider.terraform-provider-google_v7.43.0_x5:   "lastAttachTimestamp": "2026-09-01T22:21:05.570-07:00",
2026-09-03T00:52:35.753+0100 [DEBUG] provider.terraform-provider-google_v7.43.0_x5:   "lastDetachTimestamp": "2026-09-01T22:18:38.811-07:00",
2026-09-03T00:52:35.753+0100 [DEBUG] provider.terraform-provider-google_v7.43.0_x5:   "users": [
2026-09-03T00:52:35.753+0100 [DEBUG] provider.terraform-provider-google_v7.43.0_x5: "https://www.googleapis.com/compute/v1/projects/nomad-platform-gcp/zones/europe-west1-b/instances/nomad-dev-server-0"
2026-09-03T00:52:35.753+0100 [DEBUG] provider.terraform-provider-google_v7.43.0_x5:   ],
2026-09-03T00:52:35.753+0100 [DEBUG] provider.terraform-provider-google_v7.43.0_x5:   "diskEncryptionKey": {
2026-09-03T00:52:35.753+0100 [DEBUG] provider.terraform-provider-google_v7.43.0_x5:     "kmsKeyName": "projects/nomad-platform-gcp/locations/europe-west1/keyRings/platform/cryptoKeys/disk-cmek/cryptoKeyVersions/1"
2026-09-03T00:52:35.753+0100 [DEBUG] provider.terraform-provider-google_v7.43.0_x5:   },
2026-09-03T00:52:35.753+0100 [DEBUG] provider.terraform-provider-google_v7.43.0_x5:   "labels": {
2026-09-03T00:52:35.755+0100 [DEBUG] provider.terraform-provider-google_v7.43.0_x5:     "goog-terraform-provisioned": "true"
2026-09-03T00:52:35.755+0100 [DEBUG] provider.terraform-provider-google_v7.43.0_x5:   },
2026-09-03T00:52:35.755+0100 [DEBUG] provider.terraform-provider-google_v7.43.0_x5:   "labelFingerprint": "vezUS-42LLM=",
2026-09-03T00:52:35.755+0100 [DEBUG] provider.terraform-provider-google_v7.43.0_x5:   "physicalBlockSizeBytes": "4096",
2026-09-03T00:52:35.755+0100 [DEBUG] provider.terraform-provider-google_v7.43.0_x5:   "enableConfidentialCompute": false,
2026-09-03T00:52:35.755+0100 [DEBUG] provider.terraform-provider-google_v7.43.0_x5:   "satisfiesPzi": true
2026-09-03T00:52:35.755+0100 [DEBUG] provider.terraform-provider-google_v7.43.0_x5: }
2026-09-03T00:52:35.755+0100 [DEBUG] provider.terraform-provider-google_v7.43.0_x5
2026-09-03T00:52:35.755+0100 [DEBUG] provider.terraform-provider-google_v7.43.0_x5: -----------------------------------------------------
2026-09-03T00:52:35.755+0100 [DEBUG] provider.terraform-provider-google_v7.43.0_x5: 2026/09/03 00:52:35 [DEBUG] Finished reading ComputeDisk "projects/nomad-platform-gcp/zones/europe-west1-b/disks/nomad-dev-server-0-nomad-data": map[string]interface {}{"creationTimestamp":"2026-08-23T17:00:15.413-07:00", "diskEncryptionKey":map[string]interface {}{"kmsKeyName":"projects/nomad-platform-gcp/locations/europe-west1/keyRings/platform/cryptoKeys/disk-cmek/cryptoKeyVersions/1"}, "enableConfidentialCompute":false, "id":"3243232500900050784", "kind":"compute#disk", "labelFingerprint":"vezUS-42LLM=", "labels":map[string]interface {}{"goog-terraform-provisioned":"true"}, "lastAttachTimestamp":"2026-09-01T22:21:05.570-07:00", "lastDetachTimestamp":"2026-09-01T22:18:38.811-07:00", "name":"nomad-dev-server-0-nomad-data", "physicalBlockSizeBytes":"4096", "satisfiesPzi":true, "selfLink":"https://www.googleapis.com/compute/v1/projects/nomad-platform-gcp/zones/europe-west1-b/disks/nomad-dev-server-0-nomad-data", "sizeGb":"20", "status":"READY", "type":"https://www.googleapis.com/compute/v1/projects/nomad-platform-gcp/zones/europe-west1-b/diskTypes/pd-balanced", "users":[]interface {}{"https://www.googleapis.com/compute/v1/projects/nomad-platform-gcp/zones/europe-west1-b/instances/nomad-dev-server-0"}, "zone":"https://www.googleapis.com/compute/v1/projects/nomad-platform-gcp/zones/europe-west1-b"}
2026-09-03T00:52:35.764+0100 [DEBUG] provider.terraform-provider-google_v7.43.0_x5: 2026/09/03 00:52:35 [DEBUG] `deletion_policy` detected as not set within resource or provider configuration. Falling back to resource default, DELETE
2026-09-03T00:52:35.766+0100 [WARN]  Provider "registry.terraform.io/hashicorp/google" produced an invalid plan for module.mig.google_compute_health_check.this["nomad-dev-ondemand"], but we are tolerating it because it is using the legacy plugin SDK.
    The following problems may be the cause of any confusing errors from downstream operations:
      - .source_regions: planned value cty.ListValEmpty(cty.String) for a non-computed attribute
      - .description: planned value cty.StringVal("") for a non-computed attribute
      - .tcp_health_check[0].proxy_header: planned value cty.StringVal("NONE") for a non-computed attribute
      - .tcp_health_check[0].request: planned value cty.StringVal("") for a non-computed attribute
      - .tcp_health_check[0].response: planned value cty.StringVal("") for a non-computed attribute
      - .tcp_health_check[0].port_name: planned value cty.StringVal("") for a non-computed attribute
      - .tcp_health_check[0].port_specification: planned value cty.StringVal("") for a non-computed attribute
      - .log_config: block count in plan (1) disagrees with count in config (0)
2026-09-03T00:52:35.767+0100 [WARN]  Provider "registry.terraform.io/hashicorp/google" produced an invalid plan for module.instances.google_compute_disk.additional["mgmt-vm-docker-data"], but we are tolerating it because it is using the legacy plugin SDK.
    The following problems may be the cause of any confusing errors from downstream operations:
      - .image: planned value cty.StringVal("") for a non-computed attribute
      - .labels: planned value cty.MapValEmpty(cty.String) for a non-computed attribute
      - .description: planned value cty.StringVal("") for a non-computed attribute
      - .source_disk: planned value cty.StringVal("") for a non-computed attribute
      - .source_instant_snapshot: planned value cty.StringVal("") for a non-computed attribute
      - .snapshot: planned value cty.StringVal("") for a non-computed attribute
      - .create_snapshot_before_destroy: planned value cty.False for a non-computed attribute
      - .storage_pool: planned value cty.StringVal("") for a non-computed attribute
      - .disk_encryption_key[0].rsa_encrypted_key: sensitive planned value for a non-computed attribute
      - .disk_encryption_key[0].kms_key_service_account: planned value cty.StringVal("") for a non-computed attribute
      - .disk_encryption_key[0].raw_key: sensitive planned value for a non-computed attribute
2026-09-03T00:52:35.768+0100 [DEBUG] provider.terraform-provider-google_v7.43.0_x5: 2026/09/03 00:52:35 [DEBUG] `deletion_policy` detected as not set within resource or provider configuration. Falling back to resource default, DELETE
2026-09-03T00:52:35.771+0100 [DEBUG] provider.terraform-provider-google_v7.43.0_x5: 2026/09/03 00:52:35 [DEBUG] `deletion_policy` detected as not set within resource or provider configuration. Falling back to resource default, DELETE
2026-09-03T00:52:35.772+0100 [WARN]  Provider "registry.terraform.io/hashicorp/google" produced an invalid plan for module.instances.google_compute_disk.additional["nomad-dev-server-0-nomad-data"], but we are tolerating it because it is using the legacy plugin SDK.
    The following problems may be the cause of any confusing errors from downstream operations:
      - .image: planned value cty.StringVal("") for a non-computed attribute
      - .labels: planned value cty.MapValEmpty(cty.String) for a non-computed attribute
      - .description: planned value cty.StringVal("") for a non-computed attribute
      - .source_disk: planned value cty.StringVal("") for a non-computed attribute
      - .source_instant_snapshot: planned value cty.StringVal("") for a non-computed attribute
      - .snapshot: planned value cty.StringVal("") for a non-computed attribute
      - .create_snapshot_before_destroy: planned value cty.False for a non-computed attribute
      - .storage_pool: planned value cty.StringVal("") for a non-computed attribute
      - .disk_encryption_key[0].kms_key_service_account: planned value cty.StringVal("") for a non-computed attribute
      - .disk_encryption_key[0].raw_key: sensitive planned value for a non-computed attribute
      - .disk_encryption_key[0].rsa_encrypted_key: sensitive planned value for a non-computed attribute
2026-09-03T00:52:35.797+0100 [DEBUG] provider.terraform-provider-google_v7.43.0_x5: 2026/09/03 00:52:35 [DEBUG] Google API Response Details:
2026-09-03T00:52:35.797+0100 [DEBUG] provider.terraform-provider-google_v7.43.0_x5: ---[ RESPONSE ]--------------------------------------
2026-09-03T00:52:35.797+0100 [DEBUG] provider.terraform-provider-google_v7.43.0_x5: HTTP/2.0 200 OK
2026-09-03T00:52:35.797+0100 [DEBUG] provider.terraform-provider-google_v7.43.0_x5: Alt-Svc: h3=":443"; ma=2592000,h3-29=":443"; ma=2592000
2026-09-03T00:52:35.797+0100 [DEBUG] provider.terraform-provider-google_v7.43.0_x5: Content-Type: application/json; charset=UTF-8
2026-09-03T00:52:35.797+0100 [DEBUG] provider.terraform-provider-google_v7.43.0_x5: Date: Wed, 02 Sep 2026 23:52:36 GMT
2026-09-03T00:52:35.797+0100 [DEBUG] provider.terraform-provider-google_v7.43.0_x5: Server: ESF
2026-09-03T00:52:35.797+0100 [DEBUG] provider.terraform-provider-google_v7.43.0_x5: Vary: Origin
2026-09-03T00:52:35.797+0100 [DEBUG] provider.terraform-provider-google_v7.43.0_x5: Vary: X-Origin
2026-09-03T00:52:35.797+0100 [DEBUG] provider.terraform-provider-google_v7.43.0_x5: Vary: Referer
2026-09-03T00:52:35.798+0100 [DEBUG] provider.terraform-provider-google_v7.43.0_x5: X-Content-Type-Options: nosniff
2026-09-03T00:52:35.798+0100 [DEBUG] provider.terraform-provider-google_v7.43.0_x5: X-Frame-Options: SAMEORIGIN
2026-09-03T00:52:35.798+0100 [DEBUG] provider.terraform-provider-google_v7.43.0_x5: X-Xss-Protection: 0
2026-09-03T00:52:35.798+0100 [DEBUG] provider.terraform-provider-google_v7.43.0_x5
2026-09-03T00:52:35.798+0100 [DEBUG] provider.terraform-provider-google_v7.43.0_x5: {
2026-09-03T00:52:35.798+0100 [DEBUG] provider.terraform-provider-google_v7.43.0_x5:   "kind": "compute#healthCheck",
2026-09-03T00:52:35.798+0100 [DEBUG] provider.terraform-provider-google_v7.43.0_x5:   "id": "2522948631181801325",
2026-09-03T00:52:35.798+0100 [DEBUG] provider.terraform-provider-google_v7.43.0_x5:   "creationTimestamp": "2026-08-23T17:00:02.911-07:00",
2026-09-03T00:52:35.798+0100 [DEBUG] provider.terraform-provider-google_v7.43.0_x5:   "name": "nomad-dev-spot-health-check",
2026-09-03T00:52:35.798+0100 [DEBUG] provider.terraform-provider-google_v7.43.0_x5:   "description": "",
2026-09-03T00:52:35.798+0100 [DEBUG] provider.terraform-provider-google_v7.43.0_x5:   "checkIntervalSec": 30,
2026-09-03T00:52:35.798+0100 [DEBUG] provider.terraform-provider-google_v7.43.0_x5:   "timeoutSec": 10,
2026-09-03T00:52:35.798+0100 [DEBUG] provider.terraform-provider-google_v7.43.0_x5:   "unhealthyThreshold": 3,
2026-09-03T00:52:35.798+0100 [DEBUG] provider.terraform-provider-google_v7.43.0_x5:   "healthyThreshold": 2,
2026-09-03T00:52:35.798+0100 [DEBUG] provider.terraform-provider-google_v7.43.0_x5:   "type": "TCP",
2026-09-03T00:52:35.798+0100 [DEBUG] provider.terraform-provider-google_v7.43.0_x5:   "tcpHealthCheck": {
2026-09-03T00:52:35.798+0100 [DEBUG] provider.terraform-provider-google_v7.43.0_x5:     "port": 4646,
2026-09-03T00:52:35.798+0100 [DEBUG] provider.terraform-provider-google_v7.43.0_x5:     "proxyHeader": "NONE"
2026-09-03T00:52:35.798+0100 [DEBUG] provider.terraform-provider-google_v7.43.0_x5:   },
2026-09-03T00:52:35.798+0100 [DEBUG] provider.terraform-provider-google_v7.43.0_x5:   "selfLink": "https://www.googleapis.com/compute/v1/projects/nomad-platform-gcp/global/healthChecks/nomad-dev-spot-health-check",
2026-09-03T00:52:35.798+0100 [DEBUG] provider.terraform-provider-google_v7.43.0_x5:   "logConfig": {
2026-09-03T00:52:35.798+0100 [DEBUG] provider.terraform-provider-google_v7.43.0_x5:     "enable": false
2026-09-03T00:52:35.798+0100 [DEBUG] provider.terraform-provider-google_v7.43.0_x5:   }
2026-09-03T00:52:35.798+0100 [DEBUG] provider.terraform-provider-google_v7.43.0_x5: }
2026-09-03T00:52:35.798+0100 [DEBUG] provider.terraform-provider-google_v7.43.0_x5
2026-09-03T00:52:35.798+0100 [DEBUG] provider.terraform-provider-google_v7.43.0_x5: -----------------------------------------------------
2026-09-03T00:52:35.798+0100 [DEBUG] provider.terraform-provider-google_v7.43.0_x5: 2026/09/03 00:52:35 [DEBUG] Finished reading ComputeHealthCheck "projects/nomad-platform-gcp/global/healthChecks/nomad-dev-spot-health-check": map[string]interface {}{"checkIntervalSec":30, "creationTimestamp":"2026-08-23T17:00:02.911-07:00", "description":"", "healthyThreshold":2, "id":"2522948631181801325", "kind":"compute#healthCheck", "logConfig":map[string]interface {}{"enable":false}, "name":"nomad-dev-spot-health-check", "selfLink":"https://www.googleapis.com/compute/v1/projects/nomad-platform-gcp/global/healthChecks/nomad-dev-spot-health-check", "tcpHealthCheck":map[string]interface {}{"port":4646, "proxyHeader":"NONE"}, "timeoutSec":10, "type":"TCP", "unhealthyThreshold":3}
2026-09-03T00:52:35.809+0100 [DEBUG] provider.terraform-provider-google_v7.43.0_x5: 2026/09/03 00:52:35 [DEBUG] `deletion_policy` detected as not set within resource or provider configuration. Falling back to resource default, DELETE
2026-09-03T00:52:35.810+0100 [WARN]  Provider "registry.terraform.io/hashicorp/google" produced an invalid plan for module.mig.google_compute_health_check.this["nomad-dev-spot"], but we are tolerating it because it is using the legacy plugin SDK.
    The following problems may be the cause of any confusing errors from downstream operations:
      - .source_regions: planned value cty.ListValEmpty(cty.String) for a non-computed attribute
      - .description: planned value cty.StringVal("") for a non-computed attribute
      - .tcp_health_check[0].port_name: planned value cty.StringVal("") for a non-computed attribute
      - .tcp_health_check[0].port_specification: planned value cty.StringVal("") for a non-computed attribute
      - .tcp_health_check[0].proxy_header: planned value cty.StringVal("NONE") for a non-computed attribute
      - .tcp_health_check[0].request: planned value cty.StringVal("") for a non-computed attribute
      - .tcp_health_check[0].response: planned value cty.StringVal("") for a non-computed attribute
      - .log_config: block count in plan (1) disagrees with count in config (0)
2026-09-03T00:52:35.939+0100 [DEBUG] provider.terraform-provider-google_v7.43.0_x5: 2026/09/03 00:52:35 [DEBUG] Google API Response Details:
2026-09-03T00:52:35.939+0100 [DEBUG] provider.terraform-provider-google_v7.43.0_x5: ---[ RESPONSE ]--------------------------------------
2026-09-03T00:52:35.939+0100 [DEBUG] provider.terraform-provider-google_v7.43.0_x5: HTTP/2.0 200 OK
2026-09-03T00:52:35.939+0100 [DEBUG] provider.terraform-provider-google_v7.43.0_x5: Alt-Svc: h3=":443"; ma=2592000,h3-29=":443"; ma=2592000
2026-09-03T00:52:35.939+0100 [DEBUG] provider.terraform-provider-google_v7.43.0_x5: Content-Type: application/json; charset=UTF-8
2026-09-03T00:52:35.939+0100 [DEBUG] provider.terraform-provider-google_v7.43.0_x5: Date: Wed, 02 Sep 2026 23:52:36 GMT
2026-09-03T00:52:35.939+0100 [DEBUG] provider.terraform-provider-google_v7.43.0_x5: Server: ESF
2026-09-03T00:52:35.939+0100 [DEBUG] provider.terraform-provider-google_v7.43.0_x5: Vary: Origin
2026-09-03T00:52:35.939+0100 [DEBUG] provider.terraform-provider-google_v7.43.0_x5: Vary: X-Origin
2026-09-03T00:52:35.939+0100 [DEBUG] provider.terraform-provider-google_v7.43.0_x5: Vary: Referer
2026-09-03T00:52:35.939+0100 [DEBUG] provider.terraform-provider-google_v7.43.0_x5: X-Content-Type-Options: nosniff
2026-09-03T00:52:35.940+0100 [DEBUG] provider.terraform-provider-google_v7.43.0_x5: X-Frame-Options: SAMEORIGIN
2026-09-03T00:52:35.940+0100 [DEBUG] provider.terraform-provider-google_v7.43.0_x5: X-Xss-Protection: 0
2026-09-03T00:52:35.940+0100 [DEBUG] provider.terraform-provider-google_v7.43.0_x5
2026-09-03T00:52:35.940+0100 [DEBUG] provider.terraform-provider-google_v7.43.0_x5: {
2026-09-03T00:52:35.940+0100 [DEBUG] provider.terraform-provider-google_v7.43.0_x5:   "kind": "compute#instanceTemplate",
2026-09-03T00:52:35.940+0100 [DEBUG] provider.terraform-provider-google_v7.43.0_x5:   "id": "9060359966362859004",
2026-09-03T00:52:35.940+0100 [DEBUG] provider.terraform-provider-google_v7.43.0_x5:   "creationTimestamp": "2026-09-02T00:07:02.233-07:00",
2026-09-03T00:52:35.940+0100 [DEBUG] provider.terraform-provider-google_v7.43.0_x5:   "name": "nomad-dev-ondemand-20260902070657615800000001",
2026-09-03T00:52:35.940+0100 [DEBUG] provider.terraform-provider-google_v7.43.0_x5:   "description": "",
2026-09-03T00:52:35.940+0100 [DEBUG] provider.terraform-provider-google_v7.43.0_x5:   "properties": {
2026-09-03T00:52:35.940+0100 [DEBUG] provider.terraform-provider-google_v7.43.0_x5:     "tags": {
2026-09-03T00:52:35.940+0100 [DEBUG] provider.terraform-provider-google_v7.43.0_x5:       "items": [
2026-09-03T00:52:35.940+0100 [DEBUG] provider.terraform-provider-google_v7.43.0_x5:         "nomad-client-dev",
2026-09-03T00:52:35.940+0100 [DEBUG] provider.terraform-provider-google_v7.43.0_x5: "consul-client-dev"
2026-09-03T00:52:35.940+0100 [DEBUG] provider.terraform-provider-google_v7.43.0_x5:       ]
2026-09-03T00:52:35.940+0100 [DEBUG] provider.terraform-provider-google_v7.43.0_x5:     },
2026-09-03T00:52:35.940+0100 [DEBUG] provider.terraform-provider-google_v7.43.0_x5:     "machineType": "e2-standard-2",
2026-09-03T00:52:35.940+0100 [DEBUG] provider.terraform-provider-google_v7.43.0_x5:     "networkInterfaces": [
2026-09-03T00:52:35.940+0100 [DEBUG] provider.terraform-provider-google_v7.43.0_x5:       {
2026-09-03T00:52:35.940+0100 [DEBUG] provider.terraform-provider-google_v7.43.0_x5:         "kind": "compute#networkInterface",
2026-09-03T00:52:35.940+0100 [DEBUG] provider.terraform-provider-google_v7.43.0_x5:         "network": "https://www.googleapis.com/compute/v1/projects/nomad-platform-gcp/global/networks/nomad-platform",
2026-09-03T00:52:35.940+0100 [DEBUG] provider.terraform-provider-google_v7.43.0_x5:         "subnetwork": "https://www.googleapis.com/compute/v1/projects/nomad-platform-gcp/regions/europe-west1/subnetworks/subnet-dev-private",
2026-09-03T00:52:35.940+0100 [DEBUG] provider.terraform-provider-google_v7.43.0_x5:         "name": "nic0"
2026-09-03T00:52:35.940+0100 [DEBUG] provider.terraform-provider-google_v7.43.0_x5:       }
2026-09-03T00:52:35.940+0100 [DEBUG] provider.terraform-provider-google_v7.43.0_x5:     ],
2026-09-03T00:52:35.940+0100 [DEBUG] provider.terraform-provider-google_v7.43.0_x5:     "disks": [
2026-09-03T00:52:35.940+0100 [DEBUG] provider.terraform-provider-google_v7.43.0_x5:       {
2026-09-03T00:52:35.940+0100 [DEBUG] provider.terraform-provider-google_v7.43.0_x5:         "kind": "compute#attachedDisk",
2026-09-03T00:52:35.940+0100 [DEBUG] provider.terraform-provider-google_v7.43.0_x5:         "type": "PERSISTENT",
2026-09-03T00:52:35.940+0100 [DEBUG] provider.terraform-provider-google_v7.43.0_x5:         "mode": "READ_WRITE",
2026-09-03T00:52:35.940+0100 [DEBUG] provider.terraform-provider-google_v7.43.0_x5:         "deviceName": "persistent-disk-0",
2026-09-03T00:52:35.940+0100 [DEBUG] provider.terraform-provider-google_v7.43.0_x5:         "index": 0,
2026-09-03T00:52:35.940+0100 [DEBUG] provider.terraform-provider-google_v7.43.0_x5:         "boot": true,
2026-09-03T00:52:35.940+0100 [DEBUG] provider.terraform-provider-google_v7.43.0_x5:         "initializeParams": {
2026-09-03T00:52:35.940+0100 [DEBUG] provider.terraform-provider-google_v7.43.0_x5:           "sourceImage": "projects/nomad-platform-gcp/global/images/family/nomad-client",
2026-09-03T00:52:35.940+0100 [DEBUG] provider.terraform-provider-google_v7.43.0_x5:           "diskSizeGb": "30",
2026-09-03T00:52:35.940+0100 [DEBUG] provider.terraform-provider-google_v7.43.0_x5:           "diskType": "pd-balanced"
2026-09-03T00:52:35.940+0100 [DEBUG] provider.terraform-provider-google_v7.43.0_x5:         },
2026-09-03T00:52:35.940+0100 [DEBUG] provider.terraform-provider-google_v7.43.0_x5:         "autoDelete": true,
2026-09-03T00:52:35.940+0100 [DEBUG] provider.terraform-provider-google_v7.43.0_x5:         "diskEncryptionKey": {
2026-09-03T00:52:35.940+0100 [DEBUG] provider.terraform-provider-google_v7.43.0_x5:           "kmsKeyServiceAccount": "",
2026-09-03T00:52:35.940+0100 [DEBUG] provider.terraform-provider-google_v7.43.0_x5:           "kmsKeyName": "projects/nomad-platform-gcp/locations/europe-west1/keyRings/platform/cryptoKeys/disk-cmek"
2026-09-03T00:52:35.940+0100 [DEBUG] provider.terraform-provider-google_v7.43.0_x5:         },
2026-09-03T00:52:35.940+0100 [DEBUG] provider.terraform-provider-google_v7.43.0_x5:         "diskSizeGb": "30"
2026-09-03T00:52:35.940+0100 [DEBUG] provider.terraform-provider-google_v7.43.0_x5:       }
2026-09-03T00:52:35.940+0100 [DEBUG] provider.terraform-provider-google_v7.43.0_x5:     ],
2026-09-03T00:52:35.940+0100 [DEBUG] provider.terraform-provider-google_v7.43.0_x5:     "metadata": {
2026-09-03T00:52:35.940+0100 [DEBUG] provider.terraform-provider-google_v7.43.0_x5:       "kind": "compute#metadata",
2026-09-03T00:52:35.940+0100 [DEBUG] provider.terraform-provider-google_v7.43.0_x5:       "fingerprint": "KJfx_19V6oc=",
2026-09-03T00:52:35.940+0100 [DEBUG] provider.terraform-provider-google_v7.43.0_x5:       "items": [
2026-09-03T00:52:35.940+0100 [DEBUG] provider.terraform-provider-google_v7.43.0_x5:         {
2026-09-03T00:52:35.940+0100 [DEBUG] provider.terraform-provider-google_v7.43.0_x5:           "key": "datacenter",
2026-09-03T00:52:35.940+0100 [DEBUG] provider.terraform-provider-google_v7.43.0_x5:           "value": "dc-dev"
2026-09-03T00:52:35.940+0100 [DEBUG] provider.terraform-provider-google_v7.43.0_x5:         },
2026-09-03T00:52:35.940+0100 [DEBUG] provider.terraform-provider-google_v7.43.0_x5:         {
2026-09-03T00:52:35.940+0100 [DEBUG] provider.terraform-provider-google_v7.43.0_x5:           "key": "env",
2026-09-03T00:52:35.940+0100 [DEBUG] provider.terraform-provider-google_v7.43.0_x5:           "value": "dev"
2026-09-03T00:52:35.940+0100 [DEBUG] provider.terraform-provider-google_v7.43.0_x5:         },
2026-09-03T00:52:35.940+0100 [DEBUG] provider.terraform-provider-google_v7.43.0_x5:         {
2026-09-03T00:52:35.940+0100 [DEBUG] provider.terraform-provider-google_v7.43.0_x5:           "key": "node_class",
2026-09-03T00:52:35.940+0100 [DEBUG] provider.terraform-provider-google_v7.43.0_x5:           "value": "critical"
2026-09-03T00:52:35.940+0100 [DEBUG] provider.terraform-provider-google_v7.43.0_x5:         },
2026-09-03T00:52:35.940+0100 [DEBUG] provider.terraform-provider-google_v7.43.0_x5:         {
2026-09-03T00:52:35.940+0100 [DEBUG] provider.terraform-provider-google_v7.43.0_x5:           "key": "node_pool_type",
2026-09-03T00:52:35.940+0100 [DEBUG] provider.terraform-provider-google_v7.43.0_x5:           "value": "on-demand"
2026-09-03T00:52:35.940+0100 [DEBUG] provider.terraform-provider-google_v7.43.0_x5:         },
2026-09-03T00:52:35.940+0100 [DEBUG] provider.terraform-provider-google_v7.43.0_x5:         {
2026-09-03T00:52:35.940+0100 [DEBUG] provider.terraform-provider-google_v7.43.0_x5:           "key": "startup-script",
2026-09-03T00:52:35.940+0100 [DEBUG] provider.terraform-provider-google_v7.43.0_x5:           "value": "#!/bin/bash\n# GCE Startup Script — nomad-client-mig Instance Template Only.\n#\n# Baked Ahead Of Time By Packer (common, consul, nomad, docker, falco\n# Roles): Binaries, Systemd Units (Enabled, NOT Started) — Nothing Else.\n# Per The Latest PKI Redesign, Packer Bakes ZERO Certificates/Keys/Secrets\n# Of Any Kind — Every CA Cert, Leaf Cert/Key, Gossip Key, And Token Is\n# Fetched Here, At Boot, Using This Instance's Own Service Account.\n# Images Are Fully Environment-Agnostic.\n#\n# gcloud CLI Is Used Directly For Every Secret Manager Read — Already\n# Present In The Baked Image Via The common Role's\n# common_install_gcloud_cli Toggle (Set True In nomad-clients.yaml, The\n# Same Playbook Packer's Provisioner Runs), So There's No Need For The\n# Raw curl+REST+OAuth-Token Approach An Earlier Version Of This Script\n# Used.\n#\n# retry_join Is No Longer Supplied Via Instance Metadata — GCE Cloud\n# Auto-Join (provider=gce, Tag-Based Discovery) Replaces It Entirely, So\n# Terraform Doesn't Need To Compute/Pass An Address List That Would Go\n# Stale If Server Count Ever Changes. REQUIRES: nomad-server Instances\n# Tagged With Environment-Specific Tags (consul-server-dev/prod,\n# nomad-server-dev/prod — NOT A Shared \"nomad-server\" Tag Across Both\n# Envs, Or Auto-Join Would Cross Environments). REQUIRES: This Instance's\n# Service Account Has compute.instances.list (Or roles/compute.viewer).\n#\n# Runs On Every Boot — Idempotent By Design.\n#\n# ACL Token Bootstrap Ordering — Gated, Not Assumed:\n# consul-client-agent-token-${ENVIRONMENT} And\n# nomad-client-consul-token-${ENVIRONMENT} Don't Exist Until AFTER The\n# Nomad Servers Have Been ACL-Bootstrapped And platform-config Terraform\n# Has Minted The Real Tokens. fetch_token_optional Below Falls Back To An\n# Empty String If Either Secret Isn't There Yet, Same As The Server\n# Script. Nomad Clients On A MIG Reboot/Reimage Routinely, So The Next\n# Boot After Terraform Creates The Tokens Picks Them Up Automatically —\n# No Manual Intervention Needed On This Node Type.\n\nset -euo pipefail\n\nMETADATA_URL=\"http://metadata.google.internal/computeMetadata/v1/instance\"\nMETADATA_HEADER=\"Metadata-Flavor: Google\"\n\nget_metadata() {\n  curl -sf -H \"${METADATA_HEADER}\" \"${METADATA_URL}/attributes/$1\"\n}\n\n# --- Values Supplied By Terraform Via Instance Metadata ---\nENVIRONMENT=\"$(get_metadata env)\"\nDATACENTER=\"$(get_metadata datacenter)\"\nNODE_POOL_TYPE=\"$(get_metadata node_pool_type)\"\nNODE_CLASS=\"$(get_metadata node_class)\"\n\n# --- Values Supplied By the Compute Engine Metadata Server ---\nZONE=\"$(curl -sf -H \"${METADATA_HEADER}\" \\\n  \"${METADATA_URL}/zone\" | awk -F/ '{print $NF}')\"\n\nREGION=\"${ZONE%-[a-z]}\"\n\nPRIVATE_IP=\"$(curl -sf -H \"${METADATA_HEADER}\" \\\n  \"${METADATA_URL}/network-interfaces/0/ip\")\"\n\nNODE_NAME=\"$(hostname)\"\n\nprintf 'environment=%s\\n' \"$ENVIRONMENT\"\nprintf 'datacenter=%s\\n' \"$DATACENTER\"\nprintf 'node_pool_type=%s\\n' \"$NODE_POOL_TYPE\"\nprintf 'node_class=%s\\n' \"$NODE_CLASS\"\nprintf 'zone=%s\\n' \"$ZONE\"\nprintf 'region=%s\\n' \"$REGION\"\nprintf 'private_ip=%s\\n' \"$PRIVATE_IP\"\nprintf 'node_name=%s\\n' \"$NODE_NAME\"\n\nGCP_PROJECT=\"$(curl -sf -H \"${METADATA_HEADER}\" \\\n  \"http://metadata.google.internal/computeMetadata/v1/project/project-id\")\"\n\n# Required Secret — Hard-Fails The Script (Via set -e) If Missing. Use\n# For Certs/Gossip Keys, Which Must Always Exist By The Time A Client\n# Boots (Pushed By generate-and-push-pki.sh Before Any Instance Is\n# Created).\nfetch_secret() {\n  local secret_name=\"$1\"\n  gcloud secrets versions access latest --secret=\"${secret_name}\" --project=\"${GCP_PROJECT}\"\n}\n\n# Optional Secret — Never Fails The Script. Used For ACL Tokens That\n# Genuinely Don't Exist Until After The Servers' ACL Bootstrap +\n# Terraform Have Run. Logs To Stderr So The Outcome Is Visible In Cloud\n# Logging Without Polluting The Captured Value On Stdout.\nfetch_token_optional() {\n  local secret_name=\"$1\"\n  local label=\"$2\"\n  local value\n  if value=\"$(gcloud secrets versions access latest --secret=\"${secret_name}\" --project=\"${GCP_PROJECT}\" 2\u003e/dev/null)\"; then\n    echo \"[nomad-client-startup] ${label}: found, applying.\" \u003e&2\n    printf '%s' \"${value}\"\n  else\n    echo \"[nomad-client-startup] ${label}: not created yet (expected before ACL bootstrap), using empty token.\" \u003e&2\n    printf ''\n  fi\n}\n\n# --- Cloud Auto-Join Discover Strings — Same Target Regardless Of\n# Whether The LOCAL Agent Is Server Or Client Mode, Since Both Always\n# Discover SERVERS, Never Other Clients. ---\nCONSUL_DISCOVER=\"provider=gce project_name=${GCP_PROJECT} tag_value=consul-server-${ENVIRONMENT}\"\nNOMAD_DISCOVER=\"provider=gce project_name=${GCP_PROJECT} tag_value=nomad-server-${ENVIRONMENT}\"\n\n# --- Fetch Everything From Secret Manager ---\n# CA Is Per-Environment And Shared Between Consul And Nomad — Both Are\n# Signed Off The Same ${ENVIRONMENT} CA By generate-and-push-pki.sh, So\n# It's Fetched Once And Written To Both Trust Stores Below.\nmkdir -p /etc/consul.d/tls /etc/nomad.d/tls\nfetch_secret \"ca-cert-${ENVIRONMENT}\" \u003e /etc/consul.d/tls/ca.pem\nfetch_secret \"ca-cert-${ENVIRONMENT}\" \u003e /etc/nomad.d/tls/ca.pem\n\n# Consul Client Leaf Cert/Key — Per-Environment.\nfetch_secret \"consul-client-cert-${ENVIRONMENT}\" \u003e /etc/consul.d/tls/cert.pem\nfetch_secret \"consul-client-tls-key-${ENVIRONMENT}\" \u003e /etc/consul.d/tls/key.pem\nchown consul:consul /etc/consul.d/tls/ca.pem /etc/consul.d/tls/cert.pem /etc/consul.d/tls/key.pem\nchmod 0644 /etc/consul.d/tls/ca.pem /etc/consul.d/tls/cert.pem\nchmod 0600 /etc/consul.d/tls/key.pem\n\nCONSUL_GOSSIP_KEY=\"$(fetch_secret \"consul-gossip-key-${ENVIRONMENT}\")\"\n\n# consul-client-agent-token-{env} — Consul's OWN Agent Token\n# (acl.tokens.agent), Narrow Node-Identity Scope. Distinct From Nomad's\n# Own Consul Token Below.\nCONSUL_AGENT_TOKEN=\"$(fetch_token_optional \"consul-client-agent-token-${ENVIRONMENT}\" \"Consul client agent token\")\"\n\n# nomad-client-consul-token-{env} — NOMAD'S OWN Token For Its consul{}\n# Block (Client Variant — Narrower Than The Server Variant, No acl/mesh\n# write).\nNOMAD_CONSUL_TOKEN=\"$(fetch_token_optional \"nomad-client-consul-token-${ENVIRONMENT}\" \"Nomad client's Consul token\")\"\n\n# Nomad Client Leaf Cert/Key — Per-Environment, Signed By The Same CA As\n# Consul (See Above).\nfetch_secret \"nomad-client-cert-${ENVIRONMENT}\" \u003e /etc/nomad.d/tls/cert.pem\nfetch_secret \"nomad-client-tls-key-${ENVIRONMENT}\" \u003e /etc/nomad.d/tls/key.pem\n\n# vault-ca.pem — Trust Anchor For Verifying Vault's Server TLS Cert. Must\n# Be The CA That Signed Vault's Leaf (management-ca-cert), Not Vault's\n# Own Leaf Cert (vault-cert) — The Leaf Isn't A CA, So Using It Here\n# Wouldn't Do Real Chain Verification.\nfetch_secret \"management-ca-cert\" \u003e /etc/nomad.d/tls/vault-ca.pem\n\nchown nomad:nomad /etc/nomad.d/tls/ca.pem /etc/nomad.d/tls/cert.pem /etc/nomad.d/tls/key.pem /etc/nomad.d/tls/vault-ca.pem\nchmod 0644 /etc/nomad.d/tls/ca.pem /etc/nomad.d/tls/cert.pem /etc/nomad.d/tls/vault-ca.pem\nchmod 0600 /etc/nomad.d/tls/key.pem\n\necho \"[nomad-client-startup] env=${ENVIRONMENT} dc=${DATACENTER} pool=${NODE_POOL_TYPE} class=${NODE_CLASS} ip=${PRIVATE_IP}\"\n\n# --- Consul Instance Config ---\n# Agent Token In The Config File (acl.tokens.agent), Not A Separate\n# `consul acl set-agent-token` CLI Call — Per Consul's Own Bootstrap\n# Docs's Explicit Recommendation.\ncat \u003e /etc/consul.d/99-instance.hcl \u003c\u003cEOF\ndatacenter = \"${DATACENTER}\"\nnode_name  = \"${NODE_NAME}\"\n\nbind_addr      = \"0.0.0.0\"\nclient_addr    = \"0.0.0.0\"\nadvertise_addr = \"${PRIVATE_IP}\"\n\nretry_join = [\"${CONSUL_DISCOVER}\"]\n\nencrypt = \"${CONSUL_GOSSIP_KEY}\"\n\nacl {\n  tokens {\n    agent = \"${CONSUL_AGENT_TOKEN}\"\n  }\n}\nEOF\nchown consul:consul /etc/consul.d/99-instance.hcl\nchmod 0640 /etc/consul.d/99-instance.hcl\n\n# --- Nomad Instance Config ---\ncat \u003e /etc/nomad.d/99-instance.hcl \u003c\u003cEOF\ndatacenter = \"${DATACENTER}\"\nregion     = \"${ENVIRONMENT}\"\nname       = \"${NODE_NAME}\"\n\nbind_addr = \"0.0.0.0\"\n\nadvertise {\n  http = \"${PRIVATE_IP}\"\n  rpc  = \"${PRIVATE_IP}\"\n  serf = \"${PRIVATE_IP}\"\n}\n\nclient {\n  server_join {\n    retry_join = [\"${NOMAD_DISCOVER}\"]\n  }\n\n  meta {\n    node_pool_type = \"${NODE_POOL_TYPE}\"\n    env            = \"${ENVIRONMENT}\"\n    node_class     = \"${NODE_CLASS}\"\n  }\n}\n\nconsul {\n  token = \"${NOMAD_CONSUL_TOKEN}\"\n}\n\nvault {\n  enabled = true\n  address                = \"https://vault.platform.lefrancis.org:8443\"\n  jwt_auth_backend_path  = \"jwt-nomad-${ENVIRONMENT}\"\n}\nEOF\nchown nomad:nomad /etc/nomad.d/99-instance.hcl\nchmod 0640 /etc/nomad.d/99-instance.hcl\n\n# --- Start Consul, Then Nomad ---\nsystemctl restart consul\n\nfor i in $(seq 1 30); do\n  if consul members \u003e/dev/null 2\u003e&1; then\n    echo \"[nomad-client-startup] Consul is responsive.\"\n    break\n  fi\n  sleep 2\ndone\n\nsystemctl restart nomad\n\nfor i in $(seq 1 30); do\n  if nomad node status -self \u003e/dev/null 2\u003e&1; then\n    echo \"[nomad-client-startup] Nomad is responsive.\"\n    break\n  fi\n  sleep 2\ndone\n\n# Set Falco Webhook URL config based on environment\nif [ \"${ENVIRONMENT}\" = \"prod\" ]; then\n    TRAEFIK_INTERNAL_ENNTRY_PORT=\"8447\"\nelse\n    TRAEFIK_INTERNAL_ENNTRY_PORT=\"8446\"\nfi\n\nFALCO_WEBHOOK_URL=\"https://falco-webhook-${ENVIRONMENT}.platform.lefrancis.org:${TRAEFIK_INTERNAL_ENNTRY_PORT}\"\n\n# Replace the placeholder simply and cleanly\nsed -i \"s|__FALCO_WEBHOOK_URL__|${FALCO_WEBHOOK_URL}|g\" /etc/falco/falco.yaml\n\nsystemctl restart falco\n\n# Configure Docker to use gcloud as a credential helper for Artifact Registry\ngcloud auth configure-docker ${REGION}-docker.pkg.dev --quiet\n\necho \"[nomad-client-startup] Done.\""
2026-09-03T00:52:35.940+0100 [DEBUG] provider.terraform-provider-google_v7.43.0_x5:         }
2026-09-03T00:52:35.940+0100 [DEBUG] provider.terraform-provider-google_v7.43.0_x5:       ]
2026-09-03T00:52:35.940+0100 [DEBUG] provider.terraform-provider-google_v7.43.0_x5:     },
2026-09-03T00:52:35.940+0100 [DEBUG] provider.terraform-provider-google_v7.43.0_x5:     "serviceAccounts": [
2026-09-03T00:52:35.940+0100 [DEBUG] provider.terraform-provider-google_v7.43.0_x5:       {
2026-09-03T00:52:35.940+0100 [DEBUG] provider.terraform-provider-google_v7.43.0_x5:         "email": "nomad-client-sa-dev@nomad-platform-gcp.iam.gserviceaccount.com",
2026-09-03T00:52:35.940+0100 [DEBUG] provider.terraform-provider-google_v7.43.0_x5:         "scopes": [
2026-09-03T00:52:35.940+0100 [DEBUG] provider.terraform-provider-google_v7.43.0_x5: "https://www.googleapis.com/auth/cloud-platform"
2026-09-03T00:52:35.940+0100 [DEBUG] provider.terraform-provider-google_v7.43.0_x5:         ]
2026-09-03T00:52:35.940+0100 [DEBUG] provider.terraform-provider-google_v7.43.0_x5:       }
2026-09-03T00:52:35.940+0100 [DEBUG] provider.terraform-provider-google_v7.43.0_x5:     ],
2026-09-03T00:52:35.940+0100 [DEBUG] provider.terraform-provider-google_v7.43.0_x5:     "scheduling": {
2026-09-03T00:52:35.940+0100 [DEBUG] provider.terraform-provider-google_v7.43.0_x5:       "onHostMaintenance": "MIGRATE",
2026-09-03T00:52:35.940+0100 [DEBUG] provider.terraform-provider-google_v7.43.0_x5:       "automaticRestart": true,
2026-09-03T00:52:35.940+0100 [DEBUG] provider.terraform-provider-google_v7.43.0_x5:       "preemptible": false,
2026-09-03T00:52:35.940+0100 [DEBUG] provider.terraform-provider-google_v7.43.0_x5:       "provisioningModel": "STANDARD"
2026-09-03T00:52:35.940+0100 [DEBUG] provider.terraform-provider-google_v7.43.0_x5:     },
2026-09-03T00:52:35.940+0100 [DEBUG] provider.terraform-provider-google_v7.43.0_x5:     "labels": {
2026-09-03T00:52:35.940+0100 [DEBUG] provider.terraform-provider-google_v7.43.0_x5:       "environment": "dev",
2026-09-03T00:52:35.940+0100 [DEBUG] provider.terraform-provider-google_v7.43.0_x5:       "goog-terraform-provisioned": "true",
2026-09-03T00:52:35.940+0100 [DEBUG] provider.terraform-provider-google_v7.43.0_x5:       "pool": "on-demand",
2026-09-03T00:52:35.940+0100 [DEBUG] provider.terraform-provider-google_v7.43.0_x5:       "role": "worker"
2026-09-03T00:52:35.940+0100 [DEBUG] provider.terraform-provider-google_v7.43.0_x5:     }
2026-09-03T00:52:35.940+0100 [DEBUG] provider.terraform-provider-google_v7.43.0_x5:   },
2026-09-03T00:52:35.940+0100 [DEBUG] provider.terraform-provider-google_v7.43.0_x5:   "selfLink": "https://www.googleapis.com/compute/v1/projects/nomad-platform-gcp/global/instanceTemplates/nomad-dev-ondemand-20260902070657615800000001"
2026-09-03T00:52:35.940+0100 [DEBUG] provider.terraform-provider-google_v7.43.0_x5: }
2026-09-03T00:52:35.940+0100 [DEBUG] provider.terraform-provider-google_v7.43.0_x5
2026-09-03T00:52:35.940+0100 [DEBUG] provider.terraform-provider-google_v7.43.0_x5: -----------------------------------------------------
2026-09-03T00:52:35.965+0100 [DEBUG] provider.terraform-provider-google_v7.43.0_x5: 2026/09/03 00:52:35 [INFO] Instantiating GCE client for path https://compute.googleapis.com/compute/v1/
2026-09-03T00:52:35.966+0100 [DEBUG] provider.terraform-provider-google_v7.43.0_x5: 2026/09/03 00:52:35 [DEBUG] Google API Request Details:
2026-09-03T00:52:35.966+0100 [DEBUG] provider.terraform-provider-google_v7.43.0_x5: ---[ REQUEST ]---------------------------------------
2026-09-03T00:52:35.966+0100 [DEBUG] provider.terraform-provider-google_v7.43.0_x5: GET /compute/v1/projects/nomad-platform-gcp/global/images/nomad-client?alt=json&prettyPrint=false HTTP/1.1
2026-09-03T00:52:35.966+0100 [DEBUG] provider.terraform-provider-google_v7.43.0_x5: Host: compute.googleapis.com
2026-09-03T00:52:35.966+0100 [DEBUG] provider.terraform-provider-google_v7.43.0_x5: User-Agent: google-api-go-client/0.5 Terraform/1.15.8 (+https://www.terraform.io) Terraform-Plugin-SDK/2.40.1 terraform-provider-google/7.43.0
2026-09-03T00:52:35.966+0100 [DEBUG] provider.terraform-provider-google_v7.43.0_x5: X-Goog-Api-Client: gl-go/1.26.5 gdcl/0.288.0
2026-09-03T00:52:35.966+0100 [DEBUG] provider.terraform-provider-google_v7.43.0_x5: Accept-Encoding: gzip
2026-09-03T00:52:35.966+0100 [DEBUG] provider.terraform-provider-google_v7.43.0_x5
2026-09-03T00:52:35.966+0100 [DEBUG] provider.terraform-provider-google_v7.43.0_x5
2026-09-03T00:52:35.966+0100 [DEBUG] provider.terraform-provider-google_v7.43.0_x5: -----------------------------------------------------
2026-09-03T00:52:35.977+0100 [DEBUG] provider.terraform-provider-google_v7.43.0_x5: 2026/09/03 00:52:35 [DEBUG] Google API Response Details:
2026-09-03T00:52:35.978+0100 [DEBUG] provider.terraform-provider-google_v7.43.0_x5: ---[ RESPONSE ]--------------------------------------
2026-09-03T00:52:35.978+0100 [DEBUG] provider.terraform-provider-google_v7.43.0_x5: HTTP/2.0 200 OK
2026-09-03T00:52:35.978+0100 [DEBUG] provider.terraform-provider-google_v7.43.0_x5: Alt-Svc: h3=":443"; ma=2592000,h3-29=":443"; ma=2592000
2026-09-03T00:52:35.978+0100 [DEBUG] provider.terraform-provider-google_v7.43.0_x5: Content-Type: application/json; charset=UTF-8
2026-09-03T00:52:35.978+0100 [DEBUG] provider.terraform-provider-google_v7.43.0_x5: Date: Wed, 02 Sep 2026 23:52:36 GMT
2026-09-03T00:52:35.978+0100 [DEBUG] provider.terraform-provider-google_v7.43.0_x5: Server: ESF
2026-09-03T00:52:35.978+0100 [DEBUG] provider.terraform-provider-google_v7.43.0_x5: Vary: Origin
2026-09-03T00:52:35.978+0100 [DEBUG] provider.terraform-provider-google_v7.43.0_x5: Vary: X-Origin
2026-09-03T00:52:35.978+0100 [DEBUG] provider.terraform-provider-google_v7.43.0_x5: Vary: Referer
2026-09-03T00:52:35.978+0100 [DEBUG] provider.terraform-provider-google_v7.43.0_x5: X-Content-Type-Options: nosniff
2026-09-03T00:52:35.978+0100 [DEBUG] provider.terraform-provider-google_v7.43.0_x5: X-Frame-Options: SAMEORIGIN
2026-09-03T00:52:35.978+0100 [DEBUG] provider.terraform-provider-google_v7.43.0_x5: X-Xss-Protection: 0
2026-09-03T00:52:35.978+0100 [DEBUG] provider.terraform-provider-google_v7.43.0_x5
2026-09-03T00:52:35.978+0100 [DEBUG] provider.terraform-provider-google_v7.43.0_x5: {
2026-09-03T00:52:35.978+0100 [DEBUG] provider.terraform-provider-google_v7.43.0_x5:   "kind": "compute#disk",
2026-09-03T00:52:35.978+0100 [DEBUG] provider.terraform-provider-google_v7.43.0_x5:   "id": "6092594786675265615",
2026-09-03T00:52:35.978+0100 [DEBUG] provider.terraform-provider-google_v7.43.0_x5:   "creationTimestamp": "2026-08-15T11:23:29.149-07:00",
2026-09-03T00:52:35.978+0100 [DEBUG] provider.terraform-provider-google_v7.43.0_x5:   "name": "mgmt-vm-vault-data",
2026-09-03T00:52:35.978+0100 [DEBUG] provider.terraform-provider-google_v7.43.0_x5:   "sizeGb": "20",
2026-09-03T00:52:35.978+0100 [DEBUG] provider.terraform-provider-google_v7.43.0_x5:   "zone": "https://www.googleapis.com/compute/v1/projects/nomad-platform-gcp/zones/europe-west1-b",
2026-09-03T00:52:35.978+0100 [DEBUG] provider.terraform-provider-google_v7.43.0_x5:   "status": "READY",
2026-09-03T00:52:35.978+0100 [DEBUG] provider.terraform-provider-google_v7.43.0_x5:   "selfLink": "https://www.googleapis.com/compute/v1/projects/nomad-platform-gcp/zones/europe-west1-b/disks/mgmt-vm-vault-data",
2026-09-03T00:52:35.978+0100 [DEBUG] provider.terraform-provider-google_v7.43.0_x5:   "type": "https://www.googleapis.com/compute/v1/projects/nomad-platform-gcp/zones/europe-west1-b/diskTypes/pd-balanced",
2026-09-03T00:52:35.978+0100 [DEBUG] provider.terraform-provider-google_v7.43.0_x5:   "lastAttachTimestamp": "2026-08-27T00:14:32.202-07:00",
2026-09-03T00:52:35.978+0100 [DEBUG] provider.terraform-provider-google_v7.43.0_x5:   "lastDetachTimestamp": "2026-08-23T17:00:10.452-07:00",
2026-09-03T00:52:35.979+0100 [DEBUG] provider.terraform-provider-google_v7.43.0_x5:   "users": [
2026-09-03T00:52:35.979+0100 [DEBUG] provider.terraform-provider-google_v7.43.0_x5: "https://www.googleapis.com/compute/v1/projects/nomad-platform-gcp/zones/europe-west1-b/instances/mgmt-vm"
2026-09-03T00:52:35.979+0100 [DEBUG] provider.terraform-provider-google_v7.43.0_x5:   ],
2026-09-03T00:52:35.979+0100 [DEBUG] provider.terraform-provider-google_v7.43.0_x5:   "diskEncryptionKey": {
2026-09-03T00:52:35.979+0100 [DEBUG] provider.terraform-provider-google_v7.43.0_x5:     "kmsKeyName": "projects/nomad-platform-gcp/locations/europe-west1/keyRings/platform/cryptoKeys/disk-cmek/cryptoKeyVersions/1"
2026-09-03T00:52:35.979+0100 [DEBUG] provider.terraform-provider-google_v7.43.0_x5:   },
2026-09-03T00:52:35.979+0100 [DEBUG] provider.terraform-provider-google_v7.43.0_x5:   "labels": {
2026-09-03T00:52:35.979+0100 [DEBUG] provider.terraform-provider-google_v7.43.0_x5:     "goog-terraform-provisioned": "true"
2026-09-03T00:52:35.979+0100 [DEBUG] provider.terraform-provider-google_v7.43.0_x5:   },
2026-09-03T00:52:35.979+0100 [DEBUG] provider.terraform-provider-google_v7.43.0_x5:   "labelFingerprint": "vezUS-42LLM=",
2026-09-03T00:52:35.979+0100 [DEBUG] provider.terraform-provider-google_v7.43.0_x5:   "physicalBlockSizeBytes": "4096",
2026-09-03T00:52:35.979+0100 [DEBUG] provider.terraform-provider-google_v7.43.0_x5:   "enableConfidentialCompute": false,
2026-09-03T00:52:35.979+0100 [DEBUG] provider.terraform-provider-google_v7.43.0_x5:   "satisfiesPzi": true
2026-09-03T00:52:35.979+0100 [DEBUG] provider.terraform-provider-google_v7.43.0_x5: }
2026-09-03T00:52:35.979+0100 [DEBUG] provider.terraform-provider-google_v7.43.0_x5
2026-09-03T00:52:35.979+0100 [DEBUG] provider.terraform-provider-google_v7.43.0_x5: -----------------------------------------------------
2026-09-03T00:52:35.979+0100 [DEBUG] provider.terraform-provider-google_v7.43.0_x5: 2026/09/03 00:52:35 [DEBUG] Finished reading ComputeDisk "projects/nomad-platform-gcp/zones/europe-west1-b/disks/mgmt-vm-vault-data": map[string]interface {}{"creationTimestamp":"2026-08-15T11:23:29.149-07:00", "diskEncryptionKey":map[string]interface {}{"kmsKeyName":"projects/nomad-platform-gcp/locations/europe-west1/keyRings/platform/cryptoKeys/disk-cmek/cryptoKeyVersions/1"}, "enableConfidentialCompute":false, "id":"6092594786675265615", "kind":"compute#disk", "labelFingerprint":"vezUS-42LLM=", "labels":map[string]interface {}{"goog-terraform-provisioned":"true"}, "lastAttachTimestamp":"2026-08-27T00:14:32.202-07:00", "lastDetachTimestamp":"2026-08-23T17:00:10.452-07:00", "name":"mgmt-vm-vault-data", "physicalBlockSizeBytes":"4096", "satisfiesPzi":true, "selfLink":"https://www.googleapis.com/compute/v1/projects/nomad-platform-gcp/zones/europe-west1-b/disks/mgmt-vm-vault-data", "sizeGb":"20", "status":"READY", "type":"https://www.googleapis.com/compute/v1/projects/nomad-platform-gcp/zones/europe-west1-b/diskTypes/pd-balanced", "users":[]interface {}{"https://www.googleapis.com/compute/v1/projects/nomad-platform-gcp/zones/europe-west1-b/instances/mgmt-vm"}, "zone":"https://www.googleapis.com/compute/v1/projects/nomad-platform-gcp/zones/europe-west1-b"}
2026-09-03T00:52:35.981+0100 [DEBUG] provider.terraform-provider-google_v7.43.0_x5: 2026/09/03 00:52:35 [DEBUG] Google API Response Details:
2026-09-03T00:52:35.981+0100 [DEBUG] provider.terraform-provider-google_v7.43.0_x5: ---[ RESPONSE ]--------------------------------------
2026-09-03T00:52:35.981+0100 [DEBUG] provider.terraform-provider-google_v7.43.0_x5: HTTP/2.0 200 OK
2026-09-03T00:52:35.981+0100 [DEBUG] provider.terraform-provider-google_v7.43.0_x5: Alt-Svc: h3=":443"; ma=2592000,h3-29=":443"; ma=2592000
2026-09-03T00:52:35.981+0100 [DEBUG] provider.terraform-provider-google_v7.43.0_x5: Content-Type: application/json; charset=UTF-8
2026-09-03T00:52:35.981+0100 [DEBUG] provider.terraform-provider-google_v7.43.0_x5: Date: Wed, 02 Sep 2026 23:52:36 GMT
2026-09-03T00:52:35.981+0100 [DEBUG] provider.terraform-provider-google_v7.43.0_x5: Server: ESF
2026-09-03T00:52:35.981+0100 [DEBUG] provider.terraform-provider-google_v7.43.0_x5: Vary: Origin
2026-09-03T00:52:35.981+0100 [DEBUG] provider.terraform-provider-google_v7.43.0_x5: Vary: X-Origin
2026-09-03T00:52:35.981+0100 [DEBUG] provider.terraform-provider-google_v7.43.0_x5: Vary: Referer
2026-09-03T00:52:35.981+0100 [DEBUG] provider.terraform-provider-google_v7.43.0_x5: X-Content-Type-Options: nosniff
2026-09-03T00:52:35.981+0100 [DEBUG] provider.terraform-provider-google_v7.43.0_x5: X-Frame-Options: SAMEORIGIN
2026-09-03T00:52:35.981+0100 [DEBUG] provider.terraform-provider-google_v7.43.0_x5: X-Xss-Protection: 0
2026-09-03T00:52:35.981+0100 [DEBUG] provider.terraform-provider-google_v7.43.0_x5
2026-09-03T00:52:35.981+0100 [DEBUG] provider.terraform-provider-google_v7.43.0_x5: {
2026-09-03T00:52:35.981+0100 [DEBUG] provider.terraform-provider-google_v7.43.0_x5:   "kind": "compute#instanceTemplate",
2026-09-03T00:52:35.981+0100 [DEBUG] provider.terraform-provider-google_v7.43.0_x5:   "id": "1366293485736064508",
2026-09-03T00:52:35.981+0100 [DEBUG] provider.terraform-provider-google_v7.43.0_x5:   "creationTimestamp": "2026-09-02T00:07:00.531-07:00",
2026-09-03T00:52:35.981+0100 [DEBUG] provider.terraform-provider-google_v7.43.0_x5:   "name": "nomad-dev-spot-20260902070657678800000002",
2026-09-03T00:52:35.981+0100 [DEBUG] provider.terraform-provider-google_v7.43.0_x5:   "description": "",
2026-09-03T00:52:35.981+0100 [DEBUG] provider.terraform-provider-google_v7.43.0_x5:   "properties": {
2026-09-03T00:52:35.981+0100 [DEBUG] provider.terraform-provider-google_v7.43.0_x5:     "tags": {
2026-09-03T00:52:35.981+0100 [DEBUG] provider.terraform-provider-google_v7.43.0_x5:       "items": [
2026-09-03T00:52:35.981+0100 [DEBUG] provider.terraform-provider-google_v7.43.0_x5:         "nomad-client-dev",
2026-09-03T00:52:35.981+0100 [DEBUG] provider.terraform-provider-google_v7.43.0_x5: "consul-client-dev"
2026-09-03T00:52:35.981+0100 [DEBUG] provider.terraform-provider-google_v7.43.0_x5:       ]
2026-09-03T00:52:35.981+0100 [DEBUG] provider.terraform-provider-google_v7.43.0_x5:     },
2026-09-03T00:52:35.981+0100 [DEBUG] provider.terraform-provider-google_v7.43.0_x5:     "machineType": "e2-standard-2",
2026-09-03T00:52:35.981+0100 [DEBUG] provider.terraform-provider-google_v7.43.0_x5:     "networkInterfaces": [
2026-09-03T00:52:35.981+0100 [DEBUG] provider.terraform-provider-google_v7.43.0_x5:       {
2026-09-03T00:52:35.981+0100 [DEBUG] provider.terraform-provider-google_v7.43.0_x5:         "kind": "compute#networkInterface",
2026-09-03T00:52:35.981+0100 [DEBUG] provider.terraform-provider-google_v7.43.0_x5:         "network": "https://www.googleapis.com/compute/v1/projects/nomad-platform-gcp/global/networks/nomad-platform",
2026-09-03T00:52:35.981+0100 [DEBUG] provider.terraform-provider-google_v7.43.0_x5:         "subnetwork": "https://www.googleapis.com/compute/v1/projects/nomad-platform-gcp/regions/europe-west1/subnetworks/subnet-dev-private",
2026-09-03T00:52:35.981+0100 [DEBUG] provider.terraform-provider-google_v7.43.0_x5:         "name": "nic0"
2026-09-03T00:52:35.981+0100 [DEBUG] provider.terraform-provider-google_v7.43.0_x5:       }
2026-09-03T00:52:35.981+0100 [DEBUG] provider.terraform-provider-google_v7.43.0_x5:     ],
2026-09-03T00:52:35.981+0100 [DEBUG] provider.terraform-provider-google_v7.43.0_x5:     "disks": [
2026-09-03T00:52:35.981+0100 [DEBUG] provider.terraform-provider-google_v7.43.0_x5:       {
2026-09-03T00:52:35.981+0100 [DEBUG] provider.terraform-provider-google_v7.43.0_x5:         "kind": "compute#attachedDisk",
2026-09-03T00:52:35.981+0100 [DEBUG] provider.terraform-provider-google_v7.43.0_x5:         "type": "PERSISTENT",
2026-09-03T00:52:35.981+0100 [DEBUG] provider.terraform-provider-google_v7.43.0_x5:         "mode": "READ_WRITE",
2026-09-03T00:52:35.981+0100 [DEBUG] provider.terraform-provider-google_v7.43.0_x5:         "deviceName": "persistent-disk-0",
2026-09-03T00:52:35.981+0100 [DEBUG] provider.terraform-provider-google_v7.43.0_x5:         "index": 0,
2026-09-03T00:52:35.981+0100 [DEBUG] provider.terraform-provider-google_v7.43.0_x5:         "boot": true,
2026-09-03T00:52:35.981+0100 [DEBUG] provider.terraform-provider-google_v7.43.0_x5:         "initializeParams": {
2026-09-03T00:52:35.981+0100 [DEBUG] provider.terraform-provider-google_v7.43.0_x5:           "sourceImage": "projects/nomad-platform-gcp/global/images/family/nomad-client",
2026-09-03T00:52:35.981+0100 [DEBUG] provider.terraform-provider-google_v7.43.0_x5:           "diskSizeGb": "30",
2026-09-03T00:52:35.981+0100 [DEBUG] provider.terraform-provider-google_v7.43.0_x5:           "diskType": "pd-balanced"
2026-09-03T00:52:35.981+0100 [DEBUG] provider.terraform-provider-google_v7.43.0_x5:         },
2026-09-03T00:52:35.981+0100 [DEBUG] provider.terraform-provider-google_v7.43.0_x5:         "autoDelete": true,
2026-09-03T00:52:35.981+0100 [DEBUG] provider.terraform-provider-google_v7.43.0_x5:         "diskEncryptionKey": {
2026-09-03T00:52:35.981+0100 [DEBUG] provider.terraform-provider-google_v7.43.0_x5:           "kmsKeyServiceAccount": "",
2026-09-03T00:52:35.981+0100 [DEBUG] provider.terraform-provider-google_v7.43.0_x5:           "kmsKeyName": "projects/nomad-platform-gcp/locations/europe-west1/keyRings/platform/cryptoKeys/disk-cmek"
2026-09-03T00:52:35.981+0100 [DEBUG] provider.terraform-provider-google_v7.43.0_x5:         },
2026-09-03T00:52:35.981+0100 [DEBUG] provider.terraform-provider-google_v7.43.0_x5:         "diskSizeGb": "30"
2026-09-03T00:52:35.981+0100 [DEBUG] provider.terraform-provider-google_v7.43.0_x5:       }
2026-09-03T00:52:35.981+0100 [DEBUG] provider.terraform-provider-google_v7.43.0_x5:     ],
2026-09-03T00:52:35.981+0100 [DEBUG] provider.terraform-provider-google_v7.43.0_x5:     "metadata": {
2026-09-03T00:52:35.981+0100 [DEBUG] provider.terraform-provider-google_v7.43.0_x5:       "kind": "compute#metadata",
2026-09-03T00:52:35.981+0100 [DEBUG] provider.terraform-provider-google_v7.43.0_x5:       "fingerprint": "a433SFUXjxM=",
2026-09-03T00:52:35.982+0100 [DEBUG] provider.terraform-provider-google_v7.43.0_x5:       "items": [
2026-09-03T00:52:35.982+0100 [DEBUG] provider.terraform-provider-google_v7.43.0_x5:         {
2026-09-03T00:52:35.982+0100 [DEBUG] provider.terraform-provider-google_v7.43.0_x5:           "key": "datacenter",
2026-09-03T00:52:35.982+0100 [DEBUG] provider.terraform-provider-google_v7.43.0_x5:           "value": "dc-dev"
2026-09-03T00:52:35.982+0100 [DEBUG] provider.terraform-provider-google_v7.43.0_x5:         },
2026-09-03T00:52:35.982+0100 [DEBUG] provider.terraform-provider-google_v7.43.0_x5:         {
2026-09-03T00:52:35.982+0100 [DEBUG] provider.terraform-provider-google_v7.43.0_x5:           "key": "env",
2026-09-03T00:52:35.982+0100 [DEBUG] provider.terraform-provider-google_v7.43.0_x5:           "value": "dev"
2026-09-03T00:52:35.982+0100 [DEBUG] provider.terraform-provider-google_v7.43.0_x5:         },
2026-09-03T00:52:35.982+0100 [DEBUG] provider.terraform-provider-google_v7.43.0_x5:         {
2026-09-03T00:52:35.982+0100 [DEBUG] provider.terraform-provider-google_v7.43.0_x5:           "key": "node_class",
2026-09-03T00:52:35.982+0100 [DEBUG] provider.terraform-provider-google_v7.43.0_x5:           "value": "preemptible"
2026-09-03T00:52:35.982+0100 [DEBUG] provider.terraform-provider-google_v7.43.0_x5:         },
2026-09-03T00:52:35.982+0100 [DEBUG] provider.terraform-provider-google_v7.43.0_x5:         {
2026-09-03T00:52:35.982+0100 [DEBUG] provider.terraform-provider-google_v7.43.0_x5:           "key": "node_pool_type",
2026-09-03T00:52:35.982+0100 [DEBUG] provider.terraform-provider-google_v7.43.0_x5:           "value": "spot"
2026-09-03T00:52:35.982+0100 [DEBUG] provider.terraform-provider-google_v7.43.0_x5:         },
2026-09-03T00:52:35.982+0100 [DEBUG] provider.terraform-provider-google_v7.43.0_x5:         {
2026-09-03T00:52:35.982+0100 [DEBUG] provider.terraform-provider-google_v7.43.0_x5:           "key": "shutdown-script",
2026-09-03T00:52:35.982+0100 [DEBUG] provider.terraform-provider-google_v7.43.0_x5:           "value": "#!/bin/bash\n# GCE Shutdown Script — Wired Into nomad-dev-spot / nomad-prod-spot Instance\n# Templates Only (NOT *-ondemand — Those Pools Aren't Preemptible, So There's\n# Nothing To Drain For). Runs During GCP's ~30s ACPI G2 Soft-Off Warning\n# Window Before A Spot Instance Is Actually Reclaimed.\n#\n# -deadline 25s Deliberately Leaves A Buffer Below GCP's Warning\n# Window (30s) So The Drain Command Itself Has Time To Return Before Termination.\n\nset -euo pipefail\n\necho \"[nomad-client-spot-shutdown] Preemption signal received, draining node...\"\n\nnomad node drain -self -enable -deadline 25s -yes || \\\n  echo \"[nomad-client-spot-shutdown] Drain command failed or timed out — instance is terminating regardless.\"\n\necho \"[nomad-client-spot-shutdown] Drain attempt complete.\"\n"
2026-09-03T00:52:35.983+0100 [DEBUG] provider.terraform-provider-google_v7.43.0_x5:         },
2026-09-03T00:52:35.983+0100 [DEBUG] provider.terraform-provider-google_v7.43.0_x5:         {
2026-09-03T00:52:35.983+0100 [DEBUG] provider.terraform-provider-google_v7.43.0_x5:           "key": "startup-script",
2026-09-03T00:52:35.983+0100 [DEBUG] provider.terraform-provider-google_v7.43.0_x5:           "value": "#!/bin/bash\n# GCE Startup Script — nomad-client-mig Instance Template Only.\n#\n# Baked Ahead Of Time By Packer (common, consul, nomad, docker, falco\n# Roles): Binaries, Systemd Units (Enabled, NOT Started) — Nothing Else.\n# Per The Latest PKI Redesign, Packer Bakes ZERO Certificates/Keys/Secrets\n# Of Any Kind — Every CA Cert, Leaf Cert/Key, Gossip Key, And Token Is\n# Fetched Here, At Boot, Using This Instance's Own Service Account.\n# Images Are Fully Environment-Agnostic.\n#\n# gcloud CLI Is Used Directly For Every Secret Manager Read — Already\n# Present In The Baked Image Via The common Role's\n# common_install_gcloud_cli Toggle (Set True In nomad-clients.yaml, The\n# Same Playbook Packer's Provisioner Runs), So There's No Need For The\n# Raw curl+REST+OAuth-Token Approach An Earlier Version Of This Script\n# Used.\n#\n# retry_join Is No Longer Supplied Via Instance Metadata — GCE Cloud\n# Auto-Join (provider=gce, Tag-Based Discovery) Replaces It Entirely, So\n# Terraform Doesn't Need To Compute/Pass An Address List That Would Go\n# Stale If Server Count Ever Changes. REQUIRES: nomad-server Instances\n# Tagged With Environment-Specific Tags (consul-server-dev/prod,\n# nomad-server-dev/prod — NOT A Shared \"nomad-server\" Tag Across Both\n# Envs, Or Auto-Join Would Cross Environments). REQUIRES: This Instance's\n# Service Account Has compute.instances.list (Or roles/compute.viewer).\n#\n# Runs On Every Boot — Idempotent By Design.\n#\n# ACL Token Bootstrap Ordering — Gated, Not Assumed:\n# consul-client-agent-token-${ENVIRONMENT} And\n# nomad-client-consul-token-${ENVIRONMENT} Don't Exist Until AFTER The\n# Nomad Servers Have Been ACL-Bootstrapped And platform-config Terraform\n# Has Minted The Real Tokens. fetch_token_optional Below Falls Back To An\n# Empty String If Either Secret Isn't There Yet, Same As The Server\n# Script. Nomad Clients On A MIG Reboot/Reimage Routinely, So The Next\n# Boot After Terraform Creates The Tokens Picks Them Up Automatically —\n# No Manual Intervention Needed On This Node Type.\n\nset -euo pipefail\n\nMETADATA_URL=\"http://metadata.google.internal/computeMetadata/v1/instance\"\nMETADATA_HEADER=\"Metadata-Flavor: Google\"\n\nget_metadata() {\n  curl -sf -H \"${METADATA_HEADER}\" \"${METADATA_URL}/attributes/$1\"\n}\n\n# --- Values Supplied By Terraform Via Instance Metadata ---\nENVIRONMENT=\"$(get_metadata env)\"\nDATACENTER=\"$(get_metadata datacenter)\"\nNODE_POOL_TYPE=\"$(get_metadata node_pool_type)\"\nNODE_CLASS=\"$(get_metadata node_class)\"\n\n# --- Values Supplied By the Compute Engine Metadata Server ---\nZONE=\"$(curl -sf -H \"${METADATA_HEADER}\" \\\n  \"${METADATA_URL}/zone\" | awk -F/ '{print $NF}')\"\n\nREGION=\"${ZONE%-[a-z]}\"\n\nPRIVATE_IP=\"$(curl -sf -H \"${METADATA_HEADER}\" \\\n  \"${METADATA_URL}/network-interfaces/0/ip\")\"\n\nNODE_NAME=\"$(hostname)\"\n\nprintf 'environment=%s\\n' \"$ENVIRONMENT\"\nprintf 'datacenter=%s\\n' \"$DATACENTER\"\nprintf 'node_pool_type=%s\\n' \"$NODE_POOL_TYPE\"\nprintf 'node_class=%s\\n' \"$NODE_CLASS\"\nprintf 'zone=%s\\n' \"$ZONE\"\nprintf 'region=%s\\n' \"$REGION\"\nprintf 'private_ip=%s\\n' \"$PRIVATE_IP\"\nprintf 'node_name=%s\\n' \"$NODE_NAME\"\n\nGCP_PROJECT=\"$(curl -sf -H \"${METADATA_HEADER}\" \\\n  \"http://metadata.google.internal/computeMetadata/v1/project/project-id\")\"\n\n# Required Secret — Hard-Fails The Script (Via set -e) If Missing. Use\n# For Certs/Gossip Keys, Which Must Always Exist By The Time A Client\n# Boots (Pushed By generate-and-push-pki.sh Before Any Instance Is\n# Created).\nfetch_secret() {\n  local secret_name=\"$1\"\n  gcloud secrets versions access latest --secret=\"${secret_name}\" --project=\"${GCP_PROJECT}\"\n}\n\n# Optional Secret — Never Fails The Script. Used For ACL Tokens That\n# Genuinely Don't Exist Until After The Servers' ACL Bootstrap +\n# Terraform Have Run. Logs To Stderr So The Outcome Is Visible In Cloud\n# Logging Without Polluting The Captured Value On Stdout.\nfetch_token_optional() {\n  local secret_name=\"$1\"\n  local label=\"$2\"\n  local value\n  if value=\"$(gcloud secrets versions access latest --secret=\"${secret_name}\" --project=\"${GCP_PROJECT}\" 2\u003e/dev/null)\"; then\n    echo \"[nomad-client-startup] ${label}: found, applying.\" \u003e&2\n    printf '%s' \"${value}\"\n  else\n    echo \"[nomad-client-startup] ${label}: not created yet (expected before ACL bootstrap), using empty token.\" \u003e&2\n    printf ''\n  fi\n}\n\n# --- Cloud Auto-Join Discover Strings — Same Target Regardless Of\n# Whether The LOCAL Agent Is Server Or Client Mode, Since Both Always\n# Discover SERVERS, Never Other Clients. ---\nCONSUL_DISCOVER=\"provider=gce project_name=${GCP_PROJECT} tag_value=consul-server-${ENVIRONMENT}\"\nNOMAD_DISCOVER=\"provider=gce project_name=${GCP_PROJECT} tag_value=nomad-server-${ENVIRONMENT}\"\n\n# --- Fetch Everything From Secret Manager ---\n# CA Is Per-Environment And Shared Between Consul And Nomad — Both Are\n# Signed Off The Same ${ENVIRONMENT} CA By generate-and-push-pki.sh, So\n# It's Fetched Once And Written To Both Trust Stores Below.\nmkdir -p /etc/consul.d/tls /etc/nomad.d/tls\nfetch_secret \"ca-cert-${ENVIRONMENT}\" \u003e /etc/consul.d/tls/ca.pem\nfetch_secret \"ca-cert-${ENVIRONMENT}\" \u003e /etc/nomad.d/tls/ca.pem\n\n# Consul Client Leaf Cert/Key — Per-Environment.\nfetch_secret \"consul-client-cert-${ENVIRONMENT}\" \u003e /etc/consul.d/tls/cert.pem\nfetch_secret \"consul-client-tls-key-${ENVIRONMENT}\" \u003e /etc/consul.d/tls/key.pem\nchown consul:consul /etc/consul.d/tls/ca.pem /etc/consul.d/tls/cert.pem /etc/consul.d/tls/key.pem\nchmod 0644 /etc/consul.d/tls/ca.pem /etc/consul.d/tls/cert.pem\nchmod 0600 /etc/consul.d/tls/key.pem\n\nCONSUL_GOSSIP_KEY=\"$(fetch_secret \"consul-gossip-key-${ENVIRONMENT}\")\"\n\n# consul-client-agent-token-{env} — Consul's OWN Agent Token\n# (acl.tokens.agent), Narrow Node-Identity Scope. Distinct From Nomad's\n# Own Consul Token Below.\nCONSUL_AGENT_TOKEN=\"$(fetch_token_optional \"consul-client-agent-token-${ENVIRONMENT}\" \"Consul client agent token\")\"\n\n# nomad-client-consul-token-{env} — NOMAD'S OWN Token For Its consul{}\n# Block (Client Variant — Narrower Than The Server Variant, No acl/mesh\n# write).\nNOMAD_CONSUL_TOKEN=\"$(fetch_token_optional \"nomad-client-consul-token-${ENVIRONMENT}\" \"Nomad client's Consul token\")\"\n\n# Nomad Client Leaf Cert/Key — Per-Environment, Signed By The Same CA As\n# Consul (See Above).\nfetch_secret \"nomad-client-cert-${ENVIRONMENT}\" \u003e /etc/nomad.d/tls/cert.pem\nfetch_secret \"nomad-client-tls-key-${ENVIRONMENT}\" \u003e /etc/nomad.d/tls/key.pem\n\n# vault-ca.pem — Trust Anchor For Verifying Vault's Server TLS Cert. Must\n# Be The CA That Signed Vault's Leaf (management-ca-cert), Not Vault's\n# Own Leaf Cert (vault-cert) — The Leaf Isn't A CA, So Using It Here\n# Wouldn't Do Real Chain Verification.\nfetch_secret \"management-ca-cert\" \u003e /etc/nomad.d/tls/vault-ca.pem\n\nchown nomad:nomad /etc/nomad.d/tls/ca.pem /etc/nomad.d/tls/cert.pem /etc/nomad.d/tls/key.pem /etc/nomad.d/tls/vault-ca.pem\nchmod 0644 /etc/nomad.d/tls/ca.pem /etc/nomad.d/tls/cert.pem /etc/nomad.d/tls/vault-ca.pem\nchmod 0600 /etc/nomad.d/tls/key.pem\n\necho \"[nomad-client-startup] env=${ENVIRONMENT} dc=${DATACENTER} pool=${NODE_POOL_TYPE} class=${NODE_CLASS} ip=${PRIVATE_IP}\"\n\n# --- Consul Instance Config ---\n# Agent Token In The Config File (acl.tokens.agent), Not A Separate\n# `consul acl set-agent-token` CLI Call — Per Consul's Own Bootstrap\n# Docs's Explicit Recommendation.\ncat \u003e /etc/consul.d/99-instance.hcl \u003c\u003cEOF\ndatacenter = \"${DATACENTER}\"\nnode_name  = \"${NODE_NAME}\"\n\nbind_addr      = \"0.0.0.0\"\nclient_addr    = \"0.0.0.0\"\nadvertise_addr = \"${PRIVATE_IP}\"\n\nretry_join = [\"${CONSUL_DISCOVER}\"]\n\nencrypt = \"${CONSUL_GOSSIP_KEY}\"\n\nacl {\n  tokens {\n    agent = \"${CONSUL_AGENT_TOKEN}\"\n  }\n}\nEOF\nchown consul:consul /etc/consul.d/99-instance.hcl\nchmod 0640 /etc/consul.d/99-instance.hcl\n\n# --- Nomad Instance Config ---\ncat \u003e /etc/nomad.d/99-instance.hcl \u003c\u003cEOF\ndatacenter = \"${DATACENTER}\"\nregion     = \"${ENVIRONMENT}\"\nname       = \"${NODE_NAME}\"\n\nbind_addr = \"0.0.0.0\"\n\nadvertise {\n  http = \"${PRIVATE_IP}\"\n  rpc  = \"${PRIVATE_IP}\"\n  serf = \"${PRIVATE_IP}\"\n}\n\nclient {\n  server_join {\n    retry_join = [\"${NOMAD_DISCOVER}\"]\n  }\n\n  meta {\n    node_pool_type = \"${NODE_POOL_TYPE}\"\n    env            = \"${ENVIRONMENT}\"\n    node_class     = \"${NODE_CLASS}\"\n  }\n}\n\nconsul {\n  token = \"${NOMAD_CONSUL_TOKEN}\"\n}\n\nvault {\n  enabled = true\n  address                = \"https://vault.platform.lefrancis.org:8443\"\n  jwt_auth_backend_path  = \"jwt-nomad-${ENVIRONMENT}\"\n}\nEOF\nchown nomad:nomad /etc/nomad.d/99-instance.hcl\nchmod 0640 /etc/nomad.d/99-instance.hcl\n\n# --- Start Consul, Then Nomad ---\nsystemctl restart consul\n\nfor i in $(seq 1 30); do\n  if consul members \u003e/dev/null 2\u003e&1; then\n    echo \"[nomad-client-startup] Consul is responsive.\"\n    break\n  fi\n  sleep 2\ndone\n\nsystemctl restart nomad\n\nfor i in $(seq 1 30); do\n  if nomad node status -self \u003e/dev/null 2\u003e&1; then\n    echo \"[nomad-client-startup] Nomad is responsive.\"\n    break\n  fi\n  sleep 2\ndone\n\n# Set Falco Webhook URL config based on environment\nif [ \"${ENVIRONMENT}\" = \"prod\" ]; then\n    TRAEFIK_INTERNAL_ENNTRY_PORT=\"8447\"\nelse\n    TRAEFIK_INTERNAL_ENNTRY_PORT=\"8446\"\nfi\n\nFALCO_WEBHOOK_URL=\"https://falco-webhook-${ENVIRONMENT}.platform.lefrancis.org:${TRAEFIK_INTERNAL_ENNTRY_PORT}\"\n\n# Replace the placeholder simply and cleanly\nsed -i \"s|__FALCO_WEBHOOK_URL__|${FALCO_WEBHOOK_URL}|g\" /etc/falco/falco.yaml\n\nsystemctl restart falco\n\n# Configure Docker to use gcloud as a credential helper for Artifact Registry\ngcloud auth configure-docker ${REGION}-docker.pkg.dev --quiet\n\necho \"[nomad-client-startup] Done.\""
2026-09-03T00:52:35.983+0100 [DEBUG] provider.terraform-provider-google_v7.43.0_x5:         }
2026-09-03T00:52:35.983+0100 [DEBUG] provider.terraform-provider-google_v7.43.0_x5:       ]
2026-09-03T00:52:35.983+0100 [DEBUG] provider.terraform-provider-google_v7.43.0_x5:     },
2026-09-03T00:52:35.983+0100 [DEBUG] provider.terraform-provider-google_v7.43.0_x5:     "serviceAccounts": [
2026-09-03T00:52:35.983+0100 [DEBUG] provider.terraform-provider-google_v7.43.0_x5:       {
2026-09-03T00:52:35.983+0100 [DEBUG] provider.terraform-provider-google_v7.43.0_x5:         "email": "nomad-client-sa-dev@nomad-platform-gcp.iam.gserviceaccount.com",
2026-09-03T00:52:35.983+0100 [DEBUG] provider.terraform-provider-google_v7.43.0_x5:         "scopes": [
2026-09-03T00:52:35.983+0100 [DEBUG] provider.terraform-provider-google_v7.43.0_x5: "https://www.googleapis.com/auth/cloud-platform"
2026-09-03T00:52:35.983+0100 [DEBUG] provider.terraform-provider-google_v7.43.0_x5:         ]
2026-09-03T00:52:35.983+0100 [DEBUG] provider.terraform-provider-google_v7.43.0_x5:       }
2026-09-03T00:52:35.983+0100 [DEBUG] provider.terraform-provider-google_v7.43.0_x5:     ],
2026-09-03T00:52:35.983+0100 [DEBUG] provider.terraform-provider-google_v7.43.0_x5:     "scheduling": {
2026-09-03T00:52:35.983+0100 [DEBUG] provider.terraform-provider-google_v7.43.0_x5:       "onHostMaintenance": "TERMINATE",
2026-09-03T00:52:35.983+0100 [DEBUG] provider.terraform-provider-google_v7.43.0_x5:       "automaticRestart": false,
2026-09-03T00:52:35.983+0100 [DEBUG] provider.terraform-provider-google_v7.43.0_x5:       "preemptible": true,
2026-09-03T00:52:35.983+0100 [DEBUG] provider.terraform-provider-google_v7.43.0_x5:       "provisioningModel": "SPOT",
2026-09-03T00:52:35.983+0100 [DEBUG] provider.terraform-provider-google_v7.43.0_x5:       "instanceTerminationAction": "STOP"
2026-09-03T00:52:35.983+0100 [DEBUG] provider.terraform-provider-google_v7.43.0_x5:     },
2026-09-03T00:52:35.983+0100 [DEBUG] provider.terraform-provider-google_v7.43.0_x5:     "labels": {
2026-09-03T00:52:35.983+0100 [DEBUG] provider.terraform-provider-google_v7.43.0_x5:       "environment": "dev",
2026-09-03T00:52:35.983+0100 [DEBUG] provider.terraform-provider-google_v7.43.0_x5:       "goog-terraform-provisioned": "true",
2026-09-03T00:52:35.983+0100 [DEBUG] provider.terraform-provider-google_v7.43.0_x5:       "pool": "spot",
2026-09-03T00:52:35.983+0100 [DEBUG] provider.terraform-provider-google_v7.43.0_x5:       "role": "worker"
2026-09-03T00:52:35.983+0100 [DEBUG] provider.terraform-provider-google_v7.43.0_x5:     }
2026-09-03T00:52:35.983+0100 [DEBUG] provider.terraform-provider-google_v7.43.0_x5:   },
2026-09-03T00:52:35.983+0100 [DEBUG] provider.terraform-provider-google_v7.43.0_x5:   "selfLink": "https://www.googleapis.com/compute/v1/projects/nomad-platform-gcp/global/instanceTemplates/nomad-dev-spot-20260902070657678800000002"
2026-09-03T00:52:35.983+0100 [DEBUG] provider.terraform-provider-google_v7.43.0_x5: }
2026-09-03T00:52:35.983+0100 [DEBUG] provider.terraform-provider-google_v7.43.0_x5
2026-09-03T00:52:35.983+0100 [DEBUG] provider.terraform-provider-google_v7.43.0_x5: -----------------------------------------------------
2026-09-03T00:52:35.995+0100 [DEBUG] provider.terraform-provider-google_v7.43.0_x5: 2026/09/03 00:52:35 [DEBUG] `deletion_policy` detected as not set within resource or provider configuration. Falling back to resource default, DELETE
2026-09-03T00:52:35.997+0100 [WARN]  Provider "registry.terraform.io/hashicorp/google" produced an invalid plan for module.instances.google_compute_disk.additional["mgmt-vm-vault-data"], but we are tolerating it because it is using the legacy plugin SDK.
    The following problems may be the cause of any confusing errors from downstream operations:
      - .snapshot: planned value cty.StringVal("") for a non-computed attribute
      - .create_snapshot_before_destroy: planned value cty.False for a non-computed attribute
      - .storage_pool: planned value cty.StringVal("") for a non-computed attribute
      - .image: planned value cty.StringVal("") for a non-computed attribute
      - .labels: planned value cty.MapValEmpty(cty.String) for a non-computed attribute
      - .description: planned value cty.StringVal("") for a non-computed attribute
      - .source_disk: planned value cty.StringVal("") for a non-computed attribute
      - .source_instant_snapshot: planned value cty.StringVal("") for a non-computed attribute
      - .disk_encryption_key[0].kms_key_service_account: planned value cty.StringVal("") for a non-computed attribute
      - .disk_encryption_key[0].raw_key: sensitive planned value for a non-computed attribute
      - .disk_encryption_key[0].rsa_encrypted_key: sensitive planned value for a non-computed attribute
2026-09-03T00:52:36.006+0100 [DEBUG] provider.terraform-provider-google_v7.43.0_x5: 2026/09/03 00:52:36 [DEBUG] Google API Response Details:
2026-09-03T00:52:36.006+0100 [DEBUG] provider.terraform-provider-google_v7.43.0_x5: ---[ RESPONSE ]--------------------------------------
2026-09-03T00:52:36.006+0100 [DEBUG] provider.terraform-provider-google_v7.43.0_x5: HTTP/2.0 200 OK
2026-09-03T00:52:36.006+0100 [DEBUG] provider.terraform-provider-google_v7.43.0_x5: Alt-Svc: h3=":443"; ma=2592000,h3-29=":443"; ma=2592000
2026-09-03T00:52:36.006+0100 [DEBUG] provider.terraform-provider-google_v7.43.0_x5: Content-Type: application/json; charset=UTF-8
2026-09-03T00:52:36.006+0100 [DEBUG] provider.terraform-provider-google_v7.43.0_x5: Date: Wed, 02 Sep 2026 23:52:36 GMT
2026-09-03T00:52:36.006+0100 [DEBUG] provider.terraform-provider-google_v7.43.0_x5: Server: ESF
2026-09-03T00:52:36.006+0100 [DEBUG] provider.terraform-provider-google_v7.43.0_x5: Vary: Origin
2026-09-03T00:52:36.006+0100 [DEBUG] provider.terraform-provider-google_v7.43.0_x5: Vary: X-Origin
2026-09-03T00:52:36.006+0100 [DEBUG] provider.terraform-provider-google_v7.43.0_x5: Vary: Referer
2026-09-03T00:52:36.006+0100 [DEBUG] provider.terraform-provider-google_v7.43.0_x5: X-Content-Type-Options: nosniff
2026-09-03T00:52:36.006+0100 [DEBUG] provider.terraform-provider-google_v7.43.0_x5: X-Frame-Options: SAMEORIGIN
2026-09-03T00:52:36.006+0100 [DEBUG] provider.terraform-provider-google_v7.43.0_x5: X-Xss-Protection: 0
2026-09-03T00:52:36.006+0100 [DEBUG] provider.terraform-provider-google_v7.43.0_x5
2026-09-03T00:52:36.006+0100 [DEBUG] provider.terraform-provider-google_v7.43.0_x5: {
2026-09-03T00:52:36.006+0100 [DEBUG] provider.terraform-provider-google_v7.43.0_x5:   "kind": "compute#disk",
2026-09-03T00:52:36.006+0100 [DEBUG] provider.terraform-provider-google_v7.43.0_x5:   "id": "929377453534416975",
2026-09-03T00:52:36.006+0100 [DEBUG] provider.terraform-provider-google_v7.43.0_x5:   "creationTimestamp": "2026-08-15T11:23:29.156-07:00",
2026-09-03T00:52:36.006+0100 [DEBUG] provider.terraform-provider-google_v7.43.0_x5:   "name": "mgmt-vm-sql-data",
2026-09-03T00:52:36.006+0100 [DEBUG] provider.terraform-provider-google_v7.43.0_x5:   "sizeGb": "30",
2026-09-03T00:52:36.006+0100 [DEBUG] provider.terraform-provider-google_v7.43.0_x5:   "zone": "https://www.googleapis.com/compute/v1/projects/nomad-platform-gcp/zones/europe-west1-b",
2026-09-03T00:52:36.006+0100 [DEBUG] provider.terraform-provider-google_v7.43.0_x5:   "status": "READY",
2026-09-03T00:52:36.006+0100 [DEBUG] provider.terraform-provider-google_v7.43.0_x5:   "selfLink": "https://www.googleapis.com/compute/v1/projects/nomad-platform-gcp/zones/europe-west1-b/disks/mgmt-vm-sql-data",
2026-09-03T00:52:36.006+0100 [DEBUG] provider.terraform-provider-google_v7.43.0_x5:   "type": "https://www.googleapis.com/compute/v1/projects/nomad-platform-gcp/zones/europe-west1-b/diskTypes/pd-balanced",
2026-09-03T00:52:36.006+0100 [DEBUG] provider.terraform-provider-google_v7.43.0_x5:   "lastAttachTimestamp": "2026-08-27T00:14:22.113-07:00",
2026-09-03T00:52:36.006+0100 [DEBUG] provider.terraform-provider-google_v7.43.0_x5:   "lastDetachTimestamp": "2026-08-23T17:00:10.450-07:00",
2026-09-03T00:52:36.006+0100 [DEBUG] provider.terraform-provider-google_v7.43.0_x5:   "users": [
2026-09-03T00:52:36.006+0100 [DEBUG] provider.terraform-provider-google_v7.43.0_x5: "https://www.googleapis.com/compute/v1/projects/nomad-platform-gcp/zones/europe-west1-b/instances/mgmt-vm"
2026-09-03T00:52:36.006+0100 [DEBUG] provider.terraform-provider-google_v7.43.0_x5:   ],
2026-09-03T00:52:36.006+0100 [DEBUG] provider.terraform-provider-google_v7.43.0_x5:   "diskEncryptionKey": {
2026-09-03T00:52:36.006+0100 [DEBUG] provider.terraform-provider-google_v7.43.0_x5:     "kmsKeyName": "projects/nomad-platform-gcp/locations/europe-west1/keyRings/platform/cryptoKeys/disk-cmek/cryptoKeyVersions/1"
2026-09-03T00:52:36.006+0100 [DEBUG] provider.terraform-provider-google_v7.43.0_x5:   },
2026-09-03T00:52:36.006+0100 [DEBUG] provider.terraform-provider-google_v7.43.0_x5:   "labels": {
2026-09-03T00:52:36.006+0100 [DEBUG] provider.terraform-provider-google_v7.43.0_x5:     "goog-terraform-provisioned": "true"
2026-09-03T00:52:36.006+0100 [DEBUG] provider.terraform-provider-google_v7.43.0_x5:   },
2026-09-03T00:52:36.006+0100 [DEBUG] provider.terraform-provider-google_v7.43.0_x5:   "labelFingerprint": "vezUS-42LLM=",
2026-09-03T00:52:36.006+0100 [DEBUG] provider.terraform-provider-google_v7.43.0_x5:   "physicalBlockSizeBytes": "4096",
2026-09-03T00:52:36.006+0100 [DEBUG] provider.terraform-provider-google_v7.43.0_x5:   "enableConfidentialCompute": false,
2026-09-03T00:52:36.006+0100 [DEBUG] provider.terraform-provider-google_v7.43.0_x5:   "satisfiesPzi": true
2026-09-03T00:52:36.006+0100 [DEBUG] provider.terraform-provider-google_v7.43.0_x5: }
2026-09-03T00:52:36.006+0100 [DEBUG] provider.terraform-provider-google_v7.43.0_x5
2026-09-03T00:52:36.006+0100 [DEBUG] provider.terraform-provider-google_v7.43.0_x5: -----------------------------------------------------
2026-09-03T00:52:36.006+0100 [DEBUG] provider.terraform-provider-google_v7.43.0_x5: 2026/09/03 00:52:36 [DEBUG] Finished reading ComputeDisk "projects/nomad-platform-gcp/zones/europe-west1-b/disks/mgmt-vm-sql-data": map[string]interface {}{"creationTimestamp":"2026-08-15T11:23:29.156-07:00", "diskEncryptionKey":map[string]interface {}{"kmsKeyName":"projects/nomad-platform-gcp/locations/europe-west1/keyRings/platform/cryptoKeys/disk-cmek/cryptoKeyVersions/1"}, "enableConfidentialCompute":false, "id":"929377453534416975", "kind":"compute#disk", "labelFingerprint":"vezUS-42LLM=", "labels":map[string]interface {}{"goog-terraform-provisioned":"true"}, "lastAttachTimestamp":"2026-08-27T00:14:22.113-07:00", "lastDetachTimestamp":"2026-08-23T17:00:10.450-07:00", "name":"mgmt-vm-sql-data", "physicalBlockSizeBytes":"4096", "satisfiesPzi":true, "selfLink":"https://www.googleapis.com/compute/v1/projects/nomad-platform-gcp/zones/europe-west1-b/disks/mgmt-vm-sql-data", "sizeGb":"30", "status":"READY", "type":"https://www.googleapis.com/compute/v1/projects/nomad-platform-gcp/zones/europe-west1-b/diskTypes/pd-balanced", "users":[]interface {}{"https://www.googleapis.com/compute/v1/projects/nomad-platform-gcp/zones/europe-west1-b/instances/mgmt-vm"}, "zone":"https://www.googleapis.com/compute/v1/projects/nomad-platform-gcp/zones/europe-west1-b"}
2026-09-03T00:52:36.006+0100 [DEBUG] provider.terraform-provider-google_v7.43.0_x5: 2026/09/03 00:52:36 [INFO] Instantiating GCE client for path https://compute.googleapis.com/compute/v1/
2026-09-03T00:52:36.006+0100 [DEBUG] provider.terraform-provider-google_v7.43.0_x5: 2026/09/03 00:52:36 [DEBUG] Google API Request Details:
2026-09-03T00:52:36.006+0100 [DEBUG] provider.terraform-provider-google_v7.43.0_x5: ---[ REQUEST ]---------------------------------------
2026-09-03T00:52:36.006+0100 [DEBUG] provider.terraform-provider-google_v7.43.0_x5: GET /compute/v1/projects/nomad-platform-gcp/global/images/nomad-client?alt=json&prettyPrint=false HTTP/1.1
2026-09-03T00:52:36.006+0100 [DEBUG] provider.terraform-provider-google_v7.43.0_x5: Host: compute.googleapis.com
2026-09-03T00:52:36.006+0100 [DEBUG] provider.terraform-provider-google_v7.43.0_x5: User-Agent: google-api-go-client/0.5 Terraform/1.15.8 (+https://www.terraform.io) Terraform-Plugin-SDK/2.40.1 terraform-provider-google/7.43.0
2026-09-03T00:52:36.006+0100 [DEBUG] provider.terraform-provider-google_v7.43.0_x5: X-Goog-Api-Client: gl-go/1.26.5 gdcl/0.288.0
2026-09-03T00:52:36.006+0100 [DEBUG] provider.terraform-provider-google_v7.43.0_x5: Accept-Encoding: gzip
2026-09-03T00:52:36.006+0100 [DEBUG] provider.terraform-provider-google_v7.43.0_x5
2026-09-03T00:52:36.006+0100 [DEBUG] provider.terraform-provider-google_v7.43.0_x5
2026-09-03T00:52:36.006+0100 [DEBUG] provider.terraform-provider-google_v7.43.0_x5: -----------------------------------------------------
2026-09-03T00:52:36.015+0100 [DEBUG] provider.terraform-provider-google_v7.43.0_x5: 2026/09/03 00:52:36 [DEBUG] `deletion_policy` detected as not set within resource or provider configuration. Falling back to resource default, DELETE
2026-09-03T00:52:36.016+0100 [WARN]  Provider "registry.terraform.io/hashicorp/google" produced an invalid plan for module.instances.google_compute_disk.additional["mgmt-vm-sql-data"], but we are tolerating it because it is using the legacy plugin SDK.
    The following problems may be the cause of any confusing errors from downstream operations:
      - .source_disk: planned value cty.StringVal("") for a non-computed attribute
      - .source_instant_snapshot: planned value cty.StringVal("") for a non-computed attribute
      - .snapshot: planned value cty.StringVal("") for a non-computed attribute
      - .create_snapshot_before_destroy: planned value cty.False for a non-computed attribute
      - .storage_pool: planned value cty.StringVal("") for a non-computed attribute
      - .image: planned value cty.StringVal("") for a non-computed attribute
      - .labels: planned value cty.MapValEmpty(cty.String) for a non-computed attribute
      - .description: planned value cty.StringVal("") for a non-computed attribute
      - .disk_encryption_key[0].kms_key_service_account: planned value cty.StringVal("") for a non-computed attribute
      - .disk_encryption_key[0].raw_key: sensitive planned value for a non-computed attribute
      - .disk_encryption_key[0].rsa_encrypted_key: sensitive planned value for a non-computed attribute
2026-09-03T00:52:36.018+0100 [DEBUG] ReferenceTransformer: "module.instances.google_compute_instance.this[\"mgmt-vm\"]" references: []
2026-09-03T00:52:36.018+0100 [DEBUG] ReferenceTransformer: "module.instances.google_compute_instance.this[\"nomad-dev-server-0\"]" references: []
2026-09-03T00:52:36.018+0100 [DEBUG] ReferenceTransformer: "module.instances.google_compute_instance.this[\"traefik-dev\"]" references: []
2026-09-03T00:52:36.018+0100 [DEBUG] ReferenceTransformer: "module.instances.google_compute_instance.this[\"traefik-internal\"]" references: []
2026-09-03T00:52:36.034+0100 [DEBUG] provider.terraform-provider-google_v7.43.0_x5: 2026/09/03 00:52:36 [DEBUG] Google API Response Details:
2026-09-03T00:52:36.034+0100 [DEBUG] provider.terraform-provider-google_v7.43.0_x5: ---[ RESPONSE ]--------------------------------------
2026-09-03T00:52:36.034+0100 [DEBUG] provider.terraform-provider-google_v7.43.0_x5: HTTP/2.0 200 OK
2026-09-03T00:52:36.034+0100 [DEBUG] provider.terraform-provider-google_v7.43.0_x5: Alt-Svc: h3=":443"; ma=2592000,h3-29=":443"; ma=2592000
2026-09-03T00:52:36.034+0100 [DEBUG] provider.terraform-provider-google_v7.43.0_x5: Content-Type: application/json; charset=UTF-8
2026-09-03T00:52:36.034+0100 [DEBUG] provider.terraform-provider-google_v7.43.0_x5: Date: Wed, 02 Sep 2026 23:52:36 GMT
2026-09-03T00:52:36.034+0100 [DEBUG] provider.terraform-provider-google_v7.43.0_x5: Server: ESF
2026-09-03T00:52:36.034+0100 [DEBUG] provider.terraform-provider-google_v7.43.0_x5: Server-Timing: gfet4t7; dur=1277
2026-09-03T00:52:36.034+0100 [DEBUG] provider.terraform-provider-google_v7.43.0_x5: Vary: Origin
2026-09-03T00:52:36.034+0100 [DEBUG] provider.terraform-provider-google_v7.43.0_x5: Vary: X-Origin
2026-09-03T00:52:36.034+0100 [DEBUG] provider.terraform-provider-google_v7.43.0_x5: Vary: Referer
2026-09-03T00:52:36.034+0100 [DEBUG] provider.terraform-provider-google_v7.43.0_x5: X-Content-Type-Options: nosniff
2026-09-03T00:52:36.034+0100 [DEBUG] provider.terraform-provider-google_v7.43.0_x5: X-Frame-Options: SAMEORIGIN
2026-09-03T00:52:36.034+0100 [DEBUG] provider.terraform-provider-google_v7.43.0_x5: X-Xss-Protection: 0
2026-09-03T00:52:36.034+0100 [DEBUG] provider.terraform-provider-google_v7.43.0_x5
2026-09-03T00:52:36.034+0100 [DEBUG] provider.terraform-provider-google_v7.43.0_x5: {
2026-09-03T00:52:36.034+0100 [DEBUG] provider.terraform-provider-google_v7.43.0_x5:  "version": 1,
2026-09-03T00:52:36.034+0100 [DEBUG] provider.terraform-provider-google_v7.43.0_x5:  "etag": "BwZaf6wJOXo=",
2026-09-03T00:52:36.034+0100 [DEBUG] provider.terraform-provider-google_v7.43.0_x5:  "bindings": [
2026-09-03T00:52:36.034+0100 [DEBUG] provider.terraform-provider-google_v7.43.0_x5:   {
2026-09-03T00:52:36.034+0100 [DEBUG] provider.terraform-provider-google_v7.43.0_x5:    "role": "roles/artifactregistry.admin",
2026-09-03T00:52:36.034+0100 [DEBUG] provider.terraform-provider-google_v7.43.0_x5:    "members": [
2026-09-03T00:52:36.034+0100 [DEBUG] provider.terraform-provider-google_v7.43.0_x5:     "user:silasfrancis57@gmail.com"
2026-09-03T00:52:36.035+0100 [DEBUG] provider.terraform-provider-google_v7.43.0_x5:    ]
2026-09-03T00:52:36.035+0100 [DEBUG] provider.terraform-provider-google_v7.43.0_x5:   },
2026-09-03T00:52:36.035+0100 [DEBUG] provider.terraform-provider-google_v7.43.0_x5:   {
2026-09-03T00:52:36.035+0100 [DEBUG] provider.terraform-provider-google_v7.43.0_x5:    "role": "roles/artifactregistry.serviceAgent",
2026-09-03T00:52:36.035+0100 [DEBUG] provider.terraform-provider-google_v7.43.0_x5:    "members": [
2026-09-03T00:52:36.035+0100 [DEBUG] provider.terraform-provider-google_v7.43.0_x5:     "serviceAccount:service-269674863872@gcp-sa-artifactregistry.iam.gserviceaccount.com"
2026-09-03T00:52:36.035+0100 [DEBUG] provider.terraform-provider-google_v7.43.0_x5:    ]
2026-09-03T00:52:36.035+0100 [DEBUG] provider.terraform-provider-google_v7.43.0_x5:   },
2026-09-03T00:52:36.035+0100 [DEBUG] provider.terraform-provider-google_v7.43.0_x5:   {
2026-09-03T00:52:36.035+0100 [DEBUG] provider.terraform-provider-google_v7.43.0_x5:    "role": "roles/cloudbuild.admin",
2026-09-03T00:52:36.035+0100 [DEBUG] provider.terraform-provider-google_v7.43.0_x5:    "members": [
2026-09-03T00:52:36.035+0100 [DEBUG] provider.terraform-provider-google_v7.43.0_x5:     "user:silasfrancis57@gmail.com"
2026-09-03T00:52:36.035+0100 [DEBUG] provider.terraform-provider-google_v7.43.0_x5:    ]
2026-09-03T00:52:36.035+0100 [DEBUG] provider.terraform-provider-google_v7.43.0_x5:   },
2026-09-03T00:52:36.035+0100 [DEBUG] provider.terraform-provider-google_v7.43.0_x5:   {
2026-09-03T00:52:36.035+0100 [DEBUG] provider.terraform-provider-google_v7.43.0_x5:    "role": "roles/cloudbuild.builds.builder",
2026-09-03T00:52:36.035+0100 [DEBUG] provider.terraform-provider-google_v7.43.0_x5:    "members": [
2026-09-03T00:52:36.035+0100 [DEBUG] provider.terraform-provider-google_v7.43.0_x5:     "serviceAccount:269674863872@cloudbuild.gserviceaccount.com"
2026-09-03T00:52:36.035+0100 [DEBUG] provider.terraform-provider-google_v7.43.0_x5:    ]
2026-09-03T00:52:36.035+0100 [DEBUG] provider.terraform-provider-google_v7.43.0_x5:   },
2026-09-03T00:52:36.035+0100 [DEBUG] provider.terraform-provider-google_v7.43.0_x5:   {
2026-09-03T00:52:36.035+0100 [DEBUG] provider.terraform-provider-google_v7.43.0_x5:    "role": "roles/cloudbuild.serviceAgent",
2026-09-03T00:52:36.035+0100 [DEBUG] provider.terraform-provider-google_v7.43.0_x5:    "members": [
2026-09-03T00:52:36.035+0100 [DEBUG] provider.terraform-provider-google_v7.43.0_x5:     "serviceAccount:service-269674863872@gcp-sa-cloudbuild.iam.gserviceaccount.com"
2026-09-03T00:52:36.035+0100 [DEBUG] provider.terraform-provider-google_v7.43.0_x5:    ]
2026-09-03T00:52:36.035+0100 [DEBUG] provider.terraform-provider-google_v7.43.0_x5:   },
2026-09-03T00:52:36.035+0100 [DEBUG] provider.terraform-provider-google_v7.43.0_x5:   {
2026-09-03T00:52:36.035+0100 [DEBUG] provider.terraform-provider-google_v7.43.0_x5:    "role": "roles/cloudkms.serviceAgent",
2026-09-03T00:52:36.035+0100 [DEBUG] provider.terraform-provider-google_v7.43.0_x5:    "members": [
2026-09-03T00:52:36.035+0100 [DEBUG] provider.terraform-provider-google_v7.43.0_x5:     "serviceAccount:service-269674863872@gcp-sa-cloudkms.iam.gserviceaccount.com"
2026-09-03T00:52:36.035+0100 [DEBUG] provider.terraform-provider-google_v7.43.0_x5:    ]
2026-09-03T00:52:36.035+0100 [DEBUG] provider.terraform-provider-google_v7.43.0_x5:   },
2026-09-03T00:52:36.035+0100 [DEBUG] provider.terraform-provider-google_v7.43.0_x5:   {
2026-09-03T00:52:36.035+0100 [DEBUG] provider.terraform-provider-google_v7.43.0_x5:    "role": "roles/compute.admin",
2026-09-03T00:52:36.035+0100 [DEBUG] provider.terraform-provider-google_v7.43.0_x5:    "members": [
2026-09-03T00:52:36.035+0100 [DEBUG] provider.terraform-provider-google_v7.43.0_x5:     "user:silasfrancis57@gmail.com"
2026-09-03T00:52:36.035+0100 [DEBUG] provider.terraform-provider-google_v7.43.0_x5:    ]
2026-09-03T00:52:36.035+0100 [DEBUG] provider.terraform-provider-google_v7.43.0_x5:   },
2026-09-03T00:52:36.035+0100 [DEBUG] provider.terraform-provider-google_v7.43.0_x5:   {
2026-09-03T00:52:36.035+0100 [DEBUG] provider.terraform-provider-google_v7.43.0_x5:    "role": "roles/compute.instanceAdmin.v1",
2026-09-03T00:52:36.035+0100 [DEBUG] provider.terraform-provider-google_v7.43.0_x5:    "members": [
2026-09-03T00:52:36.035+0100 [DEBUG] provider.terraform-provider-google_v7.43.0_x5:     "serviceAccount:nomad-autoscaler-dev@nomad-platform-gcp.iam.gserviceaccount.com",
2026-09-03T00:52:36.035+0100 [DEBUG] provider.terraform-provider-google_v7.43.0_x5:     "serviceAccount:nomad-autoscaler-prod@nomad-platform-gcp.iam.gserviceaccount.com",
2026-09-03T00:52:36.035+0100 [DEBUG] provider.terraform-provider-google_v7.43.0_x5:     "serviceAccount:packer-builder-sa@nomad-platform-gcp.iam.gserviceaccount.com",
2026-09-03T00:52:36.035+0100 [DEBUG] provider.terraform-provider-google_v7.43.0_x5:     "user:silasfrancis57@gmail.com"
2026-09-03T00:52:36.035+0100 [DEBUG] provider.terraform-provider-google_v7.43.0_x5:    ]
2026-09-03T00:52:36.035+0100 [DEBUG] provider.terraform-provider-google_v7.43.0_x5:   },
2026-09-03T00:52:36.035+0100 [DEBUG] provider.terraform-provider-google_v7.43.0_x5:   {
2026-09-03T00:52:36.035+0100 [DEBUG] provider.terraform-provider-google_v7.43.0_x5:    "role": "roles/compute.instanceGroupManagerServiceAgent",
2026-09-03T00:52:36.035+0100 [DEBUG] provider.terraform-provider-google_v7.43.0_x5:    "members": [
2026-09-03T00:52:36.035+0100 [DEBUG] provider.terraform-provider-google_v7.43.0_x5:     "serviceAccount:269674863872@cloudservices.gserviceaccount.com"
2026-09-03T00:52:36.035+0100 [DEBUG] provider.terraform-provider-google_v7.43.0_x5:    ]
2026-09-03T00:52:36.035+0100 [DEBUG] provider.terraform-provider-google_v7.43.0_x5:   },
2026-09-03T00:52:36.035+0100 [DEBUG] provider.terraform-provider-google_v7.43.0_x5:   {
2026-09-03T00:52:36.035+0100 [DEBUG] provider.terraform-provider-google_v7.43.0_x5:    "role": "roles/compute.networkViewer",
2026-09-03T00:52:36.035+0100 [DEBUG] provider.terraform-provider-google_v7.43.0_x5:    "members": [
2026-09-03T00:52:36.035+0100 [DEBUG] provider.terraform-provider-google_v7.43.0_x5:     "serviceAccount:nomad-autoscaler-dev@nomad-platform-gcp.iam.gserviceaccount.com",
2026-09-03T00:52:36.035+0100 [DEBUG] provider.terraform-provider-google_v7.43.0_x5:     "serviceAccount:nomad-autoscaler-prod@nomad-platform-gcp.iam.gserviceaccount.com",
2026-09-03T00:52:36.035+0100 [DEBUG] provider.terraform-provider-google_v7.43.0_x5:     "serviceAccount:packer-builder-sa@nomad-platform-gcp.iam.gserviceaccount.com"
2026-09-03T00:52:36.035+0100 [DEBUG] provider.terraform-provider-google_v7.43.0_x5:    ]
2026-09-03T00:52:36.035+0100 [DEBUG] provider.terraform-provider-google_v7.43.0_x5:   },
2026-09-03T00:52:36.035+0100 [DEBUG] provider.terraform-provider-google_v7.43.0_x5:   {
2026-09-03T00:52:36.035+0100 [DEBUG] provider.terraform-provider-google_v7.43.0_x5:    "role": "roles/compute.osAdminLogin",
2026-09-03T00:52:36.035+0100 [DEBUG] provider.terraform-provider-google_v7.43.0_x5:    "members": [
2026-09-03T00:52:36.035+0100 [DEBUG] provider.terraform-provider-google_v7.43.0_x5:     "user:silasfrancis57@gmail.com"
2026-09-03T00:52:36.035+0100 [DEBUG] provider.terraform-provider-google_v7.43.0_x5:    ]
2026-09-03T00:52:36.035+0100 [DEBUG] provider.terraform-provider-google_v7.43.0_x5:   },
2026-09-03T00:52:36.035+0100 [DEBUG] provider.terraform-provider-google_v7.43.0_x5:   {
2026-09-03T00:52:36.035+0100 [DEBUG] provider.terraform-provider-google_v7.43.0_x5:    "role": "roles/compute.osLogin",
2026-09-03T00:52:36.035+0100 [DEBUG] provider.terraform-provider-google_v7.43.0_x5:    "members": [
2026-09-03T00:52:36.035+0100 [DEBUG] provider.terraform-provider-google_v7.43.0_x5:     "user:silasfrancis57@gmail.com"
2026-09-03T00:52:36.035+0100 [DEBUG] provider.terraform-provider-google_v7.43.0_x5:    ]
2026-09-03T00:52:36.035+0100 [DEBUG] provider.terraform-provider-google_v7.43.0_x5:   },
2026-09-03T00:52:36.035+0100 [DEBUG] provider.terraform-provider-google_v7.43.0_x5:   {
2026-09-03T00:52:36.035+0100 [DEBUG] provider.terraform-provider-google_v7.43.0_x5:    "role": "roles/compute.serviceAgent",
2026-09-03T00:52:36.035+0100 [DEBUG] provider.terraform-provider-google_v7.43.0_x5:    "members": [
2026-09-03T00:52:36.035+0100 [DEBUG] provider.terraform-provider-google_v7.43.0_x5:     "serviceAccount:service-269674863872@compute-system.iam.gserviceaccount.com"
2026-09-03T00:52:36.035+0100 [DEBUG] provider.terraform-provider-google_v7.43.0_x5:    ]
2026-09-03T00:52:36.035+0100 [DEBUG] provider.terraform-provider-google_v7.43.0_x5:   },
2026-09-03T00:52:36.035+0100 [DEBUG] provider.terraform-provider-google_v7.43.0_x5:   {
2026-09-03T00:52:36.035+0100 [DEBUG] provider.terraform-provider-google_v7.43.0_x5:    "role": "roles/compute.storageAdmin",
2026-09-03T00:52:36.035+0100 [DEBUG] provider.terraform-provider-google_v7.43.0_x5:    "members": [
2026-09-03T00:52:36.035+0100 [DEBUG] provider.terraform-provider-google_v7.43.0_x5:     "serviceAccount:nomad-client-sa-dev@nomad-platform-gcp.iam.gserviceaccount.com",
2026-09-03T00:52:36.035+0100 [DEBUG] provider.terraform-provider-google_v7.43.0_x5:     "serviceAccount:nomad-client-sa-prod@nomad-platform-gcp.iam.gserviceaccount.com",
2026-09-03T00:52:36.035+0100 [DEBUG] provider.terraform-provider-google_v7.43.0_x5:     "serviceAccount:packer-builder-sa@nomad-platform-gcp.iam.gserviceaccount.com"
2026-09-03T00:52:36.035+0100 [DEBUG] provider.terraform-provider-google_v7.43.0_x5:    ]
2026-09-03T00:52:36.035+0100 [DEBUG] provider.terraform-provider-google_v7.43.0_x5:   },
2026-09-03T00:52:36.035+0100 [DEBUG] provider.terraform-provider-google_v7.43.0_x5:   {
2026-09-03T00:52:36.035+0100 [DEBUG] provider.terraform-provider-google_v7.43.0_x5:    "role": "roles/compute.viewer",
2026-09-03T00:52:36.035+0100 [DEBUG] provider.terraform-provider-google_v7.43.0_x5:    "members": [
2026-09-03T00:52:36.035+0100 [DEBUG] provider.terraform-provider-google_v7.43.0_x5:     "serviceAccount:nomad-client-sa-dev@nomad-platform-gcp.iam.gserviceaccount.com",
2026-09-03T00:52:36.035+0100 [DEBUG] provider.terraform-provider-google_v7.43.0_x5:     "serviceAccount:nomad-client-sa-prod@nomad-platform-gcp.iam.gserviceaccount.com",
2026-09-03T00:52:36.035+0100 [DEBUG] provider.terraform-provider-google_v7.43.0_x5:     "serviceAccount:nomad-server-sa-dev@nomad-platform-gcp.iam.gserviceaccount.com",
2026-09-03T00:52:36.036+0100 [DEBUG] provider.terraform-provider-google_v7.43.0_x5:     "serviceAccount:nomad-server-sa-prod@nomad-platform-gcp.iam.gserviceaccount.com"
2026-09-03T00:52:36.036+0100 [DEBUG] provider.terraform-provider-google_v7.43.0_x5:    ]
2026-09-03T00:52:36.036+0100 [DEBUG] provider.terraform-provider-google_v7.43.0_x5:   },
2026-09-03T00:52:36.036+0100 [DEBUG] provider.terraform-provider-google_v7.43.0_x5:   {
2026-09-03T00:52:36.036+0100 [DEBUG] provider.terraform-provider-google_v7.43.0_x5:    "role": "roles/containerregistry.ServiceAgent",
2026-09-03T00:52:36.036+0100 [DEBUG] provider.terraform-provider-google_v7.43.0_x5:    "members": [
2026-09-03T00:52:36.036+0100 [DEBUG] provider.terraform-provider-google_v7.43.0_x5:     "serviceAccount:service-269674863872@containerregistry.iam.gserviceaccount.com"
2026-09-03T00:52:36.036+0100 [DEBUG] provider.terraform-provider-google_v7.43.0_x5:    ]
2026-09-03T00:52:36.036+0100 [DEBUG] provider.terraform-provider-google_v7.43.0_x5:   },
2026-09-03T00:52:36.036+0100 [DEBUG] provider.terraform-provider-google_v7.43.0_x5:   {
2026-09-03T00:52:36.036+0100 [DEBUG] provider.terraform-provider-google_v7.43.0_x5:    "role": "roles/iam.serviceAccountAdmin",
2026-09-03T00:52:36.036+0100 [DEBUG] provider.terraform-provider-google_v7.43.0_x5:    "members": [
2026-09-03T00:52:36.036+0100 [DEBUG] provider.terraform-provider-google_v7.43.0_x5:     "user:silasfrancis57@gmail.com"
2026-09-03T00:52:36.036+0100 [DEBUG] provider.terraform-provider-google_v7.43.0_x5:    ]
2026-09-03T00:52:36.036+0100 [DEBUG] provider.terraform-provider-google_v7.43.0_x5:   },
2026-09-03T00:52:36.036+0100 [DEBUG] provider.terraform-provider-google_v7.43.0_x5:   {
2026-09-03T00:52:36.036+0100 [DEBUG] provider.terraform-provider-google_v7.43.0_x5:    "role": "roles/iam.serviceAccountKeyAdmin",
2026-09-03T00:52:36.036+0100 [DEBUG] provider.terraform-provider-google_v7.43.0_x5:    "members": [
2026-09-03T00:52:36.036+0100 [DEBUG] provider.terraform-provider-google_v7.43.0_x5:     "serviceAccount:management-vm-sa@nomad-platform-gcp.iam.gserviceaccount.com"
2026-09-03T00:52:36.036+0100 [DEBUG] provider.terraform-provider-google_v7.43.0_x5:    ]
2026-09-03T00:52:36.036+0100 [DEBUG] provider.terraform-provider-google_v7.43.0_x5:   },
2026-09-03T00:52:36.036+0100 [DEBUG] provider.terraform-provider-google_v7.43.0_x5:   {
2026-09-03T00:52:36.036+0100 [DEBUG] provider.terraform-provider-google_v7.43.0_x5:    "role": "roles/iam.serviceAccountUser",
2026-09-03T00:52:36.036+0100 [DEBUG] provider.terraform-provider-google_v7.43.0_x5:    "members": [
2026-09-03T00:52:36.036+0100 [DEBUG] provider.terraform-provider-google_v7.43.0_x5:     "serviceAccount:nomad-client-sa-dev@nomad-platform-gcp.iam.gserviceaccount.com",
2026-09-03T00:52:36.036+0100 [DEBUG] provider.terraform-provider-google_v7.43.0_x5:     "serviceAccount:nomad-client-sa-prod@nomad-platform-gcp.iam.gserviceaccount.com",
2026-09-03T00:52:36.036+0100 [DEBUG] provider.terraform-provider-google_v7.43.0_x5:     "serviceAccount:packer-builder-sa@nomad-platform-gcp.iam.gserviceaccount.com"
2026-09-03T00:52:36.036+0100 [DEBUG] provider.terraform-provider-google_v7.43.0_x5:    ]
2026-09-03T00:52:36.036+0100 [DEBUG] provider.terraform-provider-google_v7.43.0_x5:   },
2026-09-03T00:52:36.036+0100 [DEBUG] provider.terraform-provider-google_v7.43.0_x5:   {
2026-09-03T00:52:36.036+0100 [DEBUG] provider.terraform-provider-google_v7.43.0_x5:    "role": "roles/iap.tunnelResourceAccessor",
2026-09-03T00:52:36.036+0100 [DEBUG] provider.terraform-provider-google_v7.43.0_x5:    "members": [
2026-09-03T00:52:36.036+0100 [DEBUG] provider.terraform-provider-google_v7.43.0_x5:     "serviceAccount:packer-builder-sa@nomad-platform-gcp.iam.gserviceaccount.com",
2026-09-03T00:52:36.036+0100 [DEBUG] provider.terraform-provider-google_v7.43.0_x5:     "user:silasfrancis57@gmail.com"
2026-09-03T00:52:36.036+0100 [DEBUG] provider.terraform-provider-google_v7.43.0_x5:    ]
2026-09-03T00:52:36.036+0100 [DEBUG] provider.terraform-provider-google_v7.43.0_x5:   },
2026-09-03T00:52:36.036+0100 [DEBUG] provider.terraform-provider-google_v7.43.0_x5:   {
2026-09-03T00:52:36.036+0100 [DEBUG] provider.terraform-provider-google_v7.43.0_x5:    "role": "roles/logging.logWriter",
2026-09-03T00:52:36.036+0100 [DEBUG] provider.terraform-provider-google_v7.43.0_x5:    "members": [
2026-09-03T00:52:36.036+0100 [DEBUG] provider.terraform-provider-google_v7.43.0_x5:     "serviceAccount:269674863872-compute@developer.gserviceaccount.com",
2026-09-03T00:52:36.036+0100 [DEBUG] provider.terraform-provider-google_v7.43.0_x5:     "serviceAccount:management-vm-sa@nomad-platform-gcp.iam.gserviceaccount.com",
2026-09-03T00:52:36.036+0100 [DEBUG] provider.terraform-provider-google_v7.43.0_x5:     "serviceAccount:nomad-client-sa-dev@nomad-platform-gcp.iam.gserviceaccount.com",
2026-09-03T00:52:36.036+0100 [DEBUG] provider.terraform-provider-google_v7.43.0_x5:     "serviceAccount:nomad-client-sa-prod@nomad-platform-gcp.iam.gserviceaccount.com",
2026-09-03T00:52:36.036+0100 [DEBUG] provider.terraform-provider-google_v7.43.0_x5:     "serviceAccount:nomad-server-sa-dev@nomad-platform-gcp.iam.gserviceaccount.com",
2026-09-03T00:52:36.036+0100 [DEBUG] provider.terraform-provider-google_v7.43.0_x5:     "serviceAccount:nomad-server-sa-prod@nomad-platform-gcp.iam.gserviceaccount.com"
2026-09-03T00:52:36.036+0100 [DEBUG] provider.terraform-provider-google_v7.43.0_x5:    ]
2026-09-03T00:52:36.036+0100 [DEBUG] provider.terraform-provider-google_v7.43.0_x5:   },
2026-09-03T00:52:36.036+0100 [DEBUG] provider.terraform-provider-google_v7.43.0_x5:   {
2026-09-03T00:52:36.036+0100 [DEBUG] provider.terraform-provider-google_v7.43.0_x5:    "role": "roles/monitoring.metricWriter",
2026-09-03T00:52:36.036+0100 [DEBUG] provider.terraform-provider-google_v7.43.0_x5:    "members": [
2026-09-03T00:52:36.036+0100 [DEBUG] provider.terraform-provider-google_v7.43.0_x5:     "serviceAccount:management-vm-sa@nomad-platform-gcp.iam.gserviceaccount.com",
2026-09-03T00:52:36.036+0100 [DEBUG] provider.terraform-provider-google_v7.43.0_x5:     "serviceAccount:nomad-client-sa-dev@nomad-platform-gcp.iam.gserviceaccount.com",
2026-09-03T00:52:36.036+0100 [DEBUG] provider.terraform-provider-google_v7.43.0_x5:     "serviceAccount:nomad-client-sa-prod@nomad-platform-gcp.iam.gserviceaccount.com",
2026-09-03T00:52:36.036+0100 [DEBUG] provider.terraform-provider-google_v7.43.0_x5:     "serviceAccount:nomad-server-sa-dev@nomad-platform-gcp.iam.gserviceaccount.com",
2026-09-03T00:52:36.036+0100 [DEBUG] provider.terraform-provider-google_v7.43.0_x5:     "serviceAccount:nomad-server-sa-prod@nomad-platform-gcp.iam.gserviceaccount.com"
2026-09-03T00:52:36.036+0100 [DEBUG] provider.terraform-provider-google_v7.43.0_x5:    ]
2026-09-03T00:52:36.036+0100 [DEBUG] provider.terraform-provider-google_v7.43.0_x5:   },
2026-09-03T00:52:36.036+0100 [DEBUG] provider.terraform-provider-google_v7.43.0_x5:   {
2026-09-03T00:52:36.036+0100 [DEBUG] provider.terraform-provider-google_v7.43.0_x5:    "role": "roles/owner",
2026-09-03T00:52:36.036+0100 [DEBUG] provider.terraform-provider-google_v7.43.0_x5:    "members": [
2026-09-03T00:52:36.036+0100 [DEBUG] provider.terraform-provider-google_v7.43.0_x5:     "user:silasfrancis07@gmail.com",
2026-09-03T00:52:36.036+0100 [DEBUG] provider.terraform-provider-google_v7.43.0_x5:     "user:silasfrancis57@gmail.com"
2026-09-03T00:52:36.036+0100 [DEBUG] provider.terraform-provider-google_v7.43.0_x5:    ]
2026-09-03T00:52:36.036+0100 [DEBUG] provider.terraform-provider-google_v7.43.0_x5:   },
2026-09-03T00:52:36.036+0100 [DEBUG] provider.terraform-provider-google_v7.43.0_x5:   {
2026-09-03T00:52:36.036+0100 [DEBUG] provider.terraform-provider-google_v7.43.0_x5:    "role": "roles/pubsub.serviceAgent",
2026-09-03T00:52:36.036+0100 [DEBUG] provider.terraform-provider-google_v7.43.0_x5:    "members": [
2026-09-03T00:52:36.036+0100 [DEBUG] provider.terraform-provider-google_v7.43.0_x5:     "serviceAccount:service-269674863872@gcp-sa-pubsub.iam.gserviceaccount.com"
2026-09-03T00:52:36.036+0100 [DEBUG] provider.terraform-provider-google_v7.43.0_x5:    ]
2026-09-03T00:52:36.036+0100 [DEBUG] provider.terraform-provider-google_v7.43.0_x5:   },
2026-09-03T00:52:36.036+0100 [DEBUG] provider.terraform-provider-google_v7.43.0_x5:   {
2026-09-03T00:52:36.036+0100 [DEBUG] provider.terraform-provider-google_v7.43.0_x5:    "role": "roles/resourcemanager.tagUser",
2026-09-03T00:52:36.036+0100 [DEBUG] provider.terraform-provider-google_v7.43.0_x5:    "members": [
2026-09-03T00:52:36.036+0100 [DEBUG] provider.terraform-provider-google_v7.43.0_x5:     "user:silasfrancis57@gmail.com"
2026-09-03T00:52:36.036+0100 [DEBUG] provider.terraform-provider-google_v7.43.0_x5:    ]
2026-09-03T00:52:36.036+0100 [DEBUG] provider.terraform-provider-google_v7.43.0_x5:   },
2026-09-03T00:52:36.036+0100 [DEBUG] provider.terraform-provider-google_v7.43.0_x5:   {
2026-09-03T00:52:36.036+0100 [DEBUG] provider.terraform-provider-google_v7.43.0_x5:    "role": "roles/serviceusage.serviceUsageAdmin",
2026-09-03T00:52:36.036+0100 [DEBUG] provider.terraform-provider-google_v7.43.0_x5:    "members": [
2026-09-03T00:52:36.036+0100 [DEBUG] provider.terraform-provider-google_v7.43.0_x5:     "user:silasfrancis57@gmail.com"
2026-09-03T00:52:36.036+0100 [DEBUG] provider.terraform-provider-google_v7.43.0_x5:    ]
2026-09-03T00:52:36.036+0100 [DEBUG] provider.terraform-provider-google_v7.43.0_x5:   },
2026-09-03T00:52:36.036+0100 [DEBUG] provider.terraform-provider-google_v7.43.0_x5:   {
2026-09-03T00:52:36.036+0100 [DEBUG] provider.terraform-provider-google_v7.43.0_x5:    "role": "roles/storage.admin",
2026-09-03T00:52:36.036+0100 [DEBUG] provider.terraform-provider-google_v7.43.0_x5:    "members": [
2026-09-03T00:52:36.036+0100 [DEBUG] provider.terraform-provider-google_v7.43.0_x5:     "user:silasfrancis57@gmail.com"
2026-09-03T00:52:36.036+0100 [DEBUG] provider.terraform-provider-google_v7.43.0_x5:    ]
2026-09-03T00:52:36.036+0100 [DEBUG] provider.terraform-provider-google_v7.43.0_x5:   }
2026-09-03T00:52:36.036+0100 [DEBUG] provider.terraform-provider-google_v7.43.0_x5:  ]
2026-09-03T00:52:36.036+0100 [DEBUG] provider.terraform-provider-google_v7.43.0_x5: }
2026-09-03T00:52:36.036+0100 [DEBUG] provider.terraform-provider-google_v7.43.0_x5: -----------------------------------------------------
2026-09-03T00:52:36.036+0100 [DEBUG] provider.terraform-provider-google_v7.43.0_x5: 2026/09/03 00:52:36 [DEBUG] Retrieved policy for project "nomad-platform-gcp": (*cloudresourcemanager.Policy){AuditConfigs:([]*cloudresourcemanager.AuditConfig)<nil> Bindings:([]*cloudresourcemanager.Binding)[<*>{Condition:(*cloudresourcemanager.Expr)<nil> Members:([]string)[user:silasfrancis57@gmail.com] Role:(string)roles/artifactregistry.admin ForceSendFields:([]string)<nil> NullFields:([]string)<nil>} <*>{Condition:(*cloudresourcemanager.Expr)<nil> Members:([]string)[serviceAccount:service-269674863872@gcp-sa-artifactregistry.iam.gserviceaccount.com] Role:(string)roles/artifactregistry.serviceAgent ForceSendFields:([]string)<nil> NullFields:([]string)<nil>} <*>{Condition:(*cloudresourcemanager.Expr)<nil> Members:([]string)[user:silasfrancis57@gmail.com] Role:(string)roles/cloudbuild.admin ForceSendFields:([]string)<nil> NullFields:([]string)<nil>} <*>{Condition:(*cloudresourcemanager.Expr)<nil> Members:([]string)[serviceAccount:269674863872@cloudbuild.gserviceaccount.com] Role:(string)roles/cloudbuild.builds.builder ForceSendFields:([]string)<nil> NullFields:([]string)<nil>} <*>{Condition:(*cloudresourcemanager.Expr)<nil> Members:([]string)[serviceAccount:service-269674863872@gcp-sa-cloudbuild.iam.gserviceaccount.com] Role:(string)roles/cloudbuild.serviceAgent ForceSendFields:([]string)<nil> NullFields:([]string)<nil>} <*>{Condition:(*cloudresourcemanager.Expr)<nil> Members:([]string)[serviceAccount:service-269674863872@gcp-sa-cloudkms.iam.gserviceaccount.com] Role:(string)roles/cloudkms.serviceAgent ForceSendFields:([]string)<nil> NullFields:([]string)<nil>} <*>{Condition:(*cloudresourcemanager.Expr)<nil> Members:([]string)[user:silasfrancis57@gmail.com] Role:(string)roles/compute.admin ForceSendFields:([]string)<nil> NullFields:([]string)<nil>} <*>{Condition:(*cloudresourcemanager.Expr)<nil> Members:([]string)[serviceAccount:nomad-autoscaler-dev@nomad-platform-gcp.iam.gserviceaccount.com serviceAccount:nomad-autoscaler-prod@nomad-platform-gcp.iam.gserviceaccount.com serviceAccount:packer-builder-sa@nomad-platform-gcp.iam.gserviceaccount.com user:silasfrancis57@gmail.com] Role:(string)roles/compute.instanceAdmin.v1 ForceSendFields:([]string)<nil> NullFields:([]string)<nil>} <*>{Condition:(*cloudresourcemanager.Expr)<nil> Members:([]string)[serviceAccount:269674863872@cloudservices.gserviceaccount.com] Role:(string)roles/compute.instanceGroupManagerServiceAgent ForceSendFields:([]string)<nil> NullFields:([]string)<nil>} <*>{Condition:(*cloudresourcemanager.Expr)<nil> Members:([]string)[serviceAccount:nomad-autoscaler-dev@nomad-platform-gcp.iam.gserviceaccount.com serviceAccount:nomad-autoscaler-prod@nomad-platform-gcp.iam.gserviceaccount.com serviceAccount:packer-builder-sa@nomad-platform-gcp.iam.gserviceaccount.com] Role:(string)roles/compute.networkViewer ForceSendFields:([]string)<nil> NullFields:([]string)<nil>} <*>{Condition:(*cloudresourcemanager.Expr)<nil> Members:([]string)[user:silasfrancis57@gmail.com] Role:(string)roles/compute.osAdminLogin ForceSendFields:([]string)<nil> NullFields:([]string)<nil>} <*>{Condition:(*cloudresourcemanager.Expr)<nil> Members:([]string)[user:silasfrancis57@gmail.com] Role:(string)roles/compute.osLogin ForceSendFields:([]string)<nil> NullFields:([]string)<nil>} <*>{Condition:(*cloudresourcemanager.Expr)<nil> Members:([]string)[serviceAccount:service-269674863872@compute-system.iam.gserviceaccount.com] Role:(string)roles/compute.serviceAgent ForceSendFields:([]string)<nil> NullFields:([]string)<nil>} <*>{Condition:(*cloudresourcemanager.Expr)<nil> Members:([]string)[serviceAccount:nomad-client-sa-dev@nomad-platform-gcp.iam.gserviceaccount.com serviceAccount:nomad-client-sa-prod@nomad-platform-gcp.iam.gserviceaccount.com serviceAccount:packer-builder-sa@nomad-platform-gcp.iam.gserviceaccount.com] Role:(string)roles/compute.storageAdmin ForceSendFields:([]string)<nil> NullFields:([]string)<nil>} <*>{Condition:(*cloudresourcemanager.Expr)<nil> Members:([]string)[serviceAccount:nomad-client-sa-dev@nomad-platform-gcp.iam.gserviceaccount.com serviceAccount:nomad-client-sa-prod@nomad-platform-gcp.iam.gserviceaccount.com serviceAccount:nomad-server-sa-dev@nomad-platform-gcp.iam.gserviceaccount.com serviceAccount:nomad-server-sa-prod@nomad-platform-gcp.iam.gserviceaccount.com] Role:(string)roles/compute.viewer ForceSendFields:([]string)<nil> NullFields:([]string)<nil>} <*>{Condition:(*cloudresourcemanager.Expr)<nil> Members:([]string)[serviceAccount:service-269674863872@containerregistry.iam.gserviceaccount.com] Role:(string)roles/containerregistry.ServiceAgent ForceSendFields:([]string)<nil> NullFields:([]string)<nil>} <*>{Condition:(*cloudresourcemanager.Expr)<nil> Members:([]string)[user:silasfrancis57@gmail.com] Role:(string)roles/iam.serviceAccountAdmin ForceSendFields:([]string)<nil> NullFields:([]string)<nil>} <*>{Condition:(*cloudresourcemanager.Expr)<nil> Members:([]string)[serviceAccount:management-vm-sa@nomad-platform-gcp.iam.gserviceaccount.com] Role:(string)roles/iam.serviceAccountKeyAdmin ForceSendFields:([]string)<nil> NullFields:([]string)<nil>} <*>{Condition:(*cloudresourcemanager.Expr)<nil> Members:([]string)[serviceAccount:nomad-client-sa-dev@nomad-platform-gcp.iam.gserviceaccount.com serviceAccount:nomad-client-sa-prod@nomad-platform-gcp.iam.gserviceaccount.com serviceAccount:packer-builder-sa@nomad-platform-gcp.iam.gserviceaccount.com] Role:(string)roles/iam.serviceAccountUser ForceSendFields:([]string)<nil> NullFields:([]string)<nil>} <*>{Condition:(*cloudresourcemanager.Expr)<nil> Members:([]string)[serviceAccount:packer-builder-sa@nomad-platform-gcp.iam.gserviceaccount.com user:silasfrancis57@gmail.com] Role:(string)roles/iap.tunnelResourceAccessor ForceSendFields:([]string)<nil> NullFields:([]string)<nil>} <*>{Condition:(*cloudresourcemanager.Expr)<nil> Members:([]string)[serviceAccount:269674863872-compute@developer.gserviceaccount.com serviceAccount:management-vm-sa@nomad-platform-gcp.iam.gserviceaccount.com serviceAccount:nomad-client-sa-dev@nomad-platform-gcp.iam.gserviceaccount.com serviceAccount:nomad-client-sa-prod@nomad-platform-gcp.iam.gserviceaccount.com serviceAccount:nomad-server-sa-dev@nomad-platform-gcp.iam.gserviceaccount.com serviceAccount:nomad-server-sa-prod@nomad-platform-gcp.iam.gserviceaccount.com] Role:(string)roles/logging.logWriter ForceSendFields:([]string)<nil> NullFields:([]string)<nil>} <*>{Condition:(*cloudresourcemanager.Expr)<nil> Members:([]string)[serviceAccount:management-vm-sa@nomad-platform-gcp.iam.gserviceaccount.com serviceAccount:nomad-client-sa-dev@nomad-platform-gcp.iam.gserviceaccount.com serviceAccount:nomad-client-sa-prod@nomad-platform-gcp.iam.gserviceaccount.com serviceAccount:nomad-server-sa-dev@nomad-platform-gcp.iam.gserviceaccount.com serviceAccount:nomad-server-sa-prod@nomad-platform-gcp.iam.gserviceaccount.com] Role:(string)roles/monitoring.metricWriter ForceSendFields:([]string)<nil> NullFields:([]string)<nil>} <*>{Condition:(*cloudresourcemanager.Expr)<nil> Members:([]string)[user:silasfrancis07@gmail.com user:silasfrancis57@gmail.com] Role:(string)roles/owner ForceSendFields:([]string)<nil> NullFields:([]string)<nil>} <*>{Condition:(*cloudresourcemanager.Expr)<nil> Members:([]string)[serviceAccount:service-269674863872@gcp-sa-pubsub.iam.gserviceaccount.com] Role:(string)roles/pubsub.serviceAgent ForceSendFields:([]string)<nil> NullFields:([]string)<nil>} <*>{Condition:(*cloudresourcemanager.Expr)<nil> Members:([]string)[user:silasfrancis57@gmail.com] Role:(string)roles/resourcemanager.tagUser ForceSendFields:([]string)<nil> NullFields:([]string)<nil>} <*>{Condition:(*cloudresourcemanager.Expr)<nil> Members:([]string)[user:silasfrancis57@gmail.com] Role:(string)roles/serviceusage.serviceUsageAdmin ForceSendFields:([]string)<nil> NullFields:([]string)<nil>} <*>{Condition:(*cloudresourcemanager.Expr)<nil> Members:([]string)[user:silasfrancis57@gmail.com] Role:(string)roles/storage.admin ForceSendFields:([]string)<nil> NullFields:([]string)<nil>}] Etag:(string)BwZaf6wJOXo= Version:(int64)1 ServerResponse:(googleapi.ServerResponse){HTTPStatusCode:(int)200 Header:(http.Header)map[X-Xss-Protection:[0] Server-Timing:[gfet4t7; dur=1277] Vary:[Origin X-Origin Referer] Server:[ESF] X-Frame-Options:[SAMEORIGIN] X-Content-Type-Options:[nosniff] Alt-Svc:[h3=":443"; ma=2592000,h3-29=":443"; ma=2592000] Content-Type:[application/json; charset=UTF-8] Date:[Wed, 02 Sep 2026 23:52:36 GMT]]} ForceSendFields:([]string)<nil> NullFields:([]string)<nil>}
2026-09-03T00:52:36.036+0100 [DEBUG] provider.terraform-provider-google_v7.43.0_x5: 2026/09/03 00:52:36 [DEBUG] Unlocking "iam-project-nomad-platform-gcp"
2026-09-03T00:52:36.036+0100 [DEBUG] provider.terraform-provider-google_v7.43.0_x5: 2026/09/03 00:52:36 [DEBUG] Unlocked "iam-project-nomad-platform-gcp"
2026-09-03T00:52:36.036+0100 [DEBUG] provider.terraform-provider-google_v7.43.0_x5: 2026/09/03 00:52:36 [DEBUG]: Retrieved policy for project "nomad-platform-gcp": (*cloudresourcemanager.Policy){AuditConfigs:([]*cloudresourcemanager.AuditConfig)<nil> Bindings:([]*cloudresourcemanager.Binding)[<*>{Condition:(*cloudresourcemanager.Expr)<nil> Members:([]string)[user:silasfrancis57@gmail.com] Role:(string)roles/artifactregistry.admin ForceSendFields:([]string)<nil> NullFields:([]string)<nil>} <*>{Condition:(*cloudresourcemanager.Expr)<nil> Members:([]string)[serviceAccount:service-269674863872@gcp-sa-artifactregistry.iam.gserviceaccount.com] Role:(string)roles/artifactregistry.serviceAgent ForceSendFields:([]string)<nil> NullFields:([]string)<nil>} <*>{Condition:(*cloudresourcemanager.Expr)<nil> Members:([]string)[user:silasfrancis57@gmail.com] Role:(string)roles/cloudbuild.admin ForceSendFields:([]string)<nil> NullFields:([]string)<nil>} <*>{Condition:(*cloudresourcemanager.Expr)<nil> Members:([]string)[serviceAccount:269674863872@cloudbuild.gserviceaccount.com] Role:(string)roles/cloudbuild.builds.builder ForceSendFields:([]string)<nil> NullFields:([]string)<nil>} <*>{Condition:(*cloudresourcemanager.Expr)<nil> Members:([]string)[serviceAccount:service-269674863872@gcp-sa-cloudbuild.iam.gserviceaccount.com] Role:(string)roles/cloudbuild.serviceAgent ForceSendFields:([]string)<nil> NullFields:([]string)<nil>} <*>{Condition:(*cloudresourcemanager.Expr)<nil> Members:([]string)[serviceAccount:service-269674863872@gcp-sa-cloudkms.iam.gserviceaccount.com] Role:(string)roles/cloudkms.serviceAgent ForceSendFields:([]string)<nil> NullFields:([]string)<nil>} <*>{Condition:(*cloudresourcemanager.Expr)<nil> Members:([]string)[user:silasfrancis57@gmail.com] Role:(string)roles/compute.admin ForceSendFields:([]string)<nil> NullFields:([]string)<nil>} <*>{Condition:(*cloudresourcemanager.Expr)<nil> Members:([]string)[serviceAccount:nomad-autoscaler-dev@nomad-platform-gcp.iam.gserviceaccount.com serviceAccount:nomad-autoscaler-prod@nomad-platform-gcp.iam.gserviceaccount.com serviceAccount:packer-builder-sa@nomad-platform-gcp.iam.gserviceaccount.com user:silasfrancis57@gmail.com] Role:(string)roles/compute.instanceAdmin.v1 ForceSendFields:([]string)<nil> NullFields:([]string)<nil>} <*>{Condition:(*cloudresourcemanager.Expr)<nil> Members:([]string)[serviceAccount:269674863872@cloudservices.gserviceaccount.com] Role:(string)roles/compute.instanceGroupManagerServiceAgent ForceSendFields:([]string)<nil> NullFields:([]string)<nil>} <*>{Condition:(*cloudresourcemanager.Expr)<nil> Members:([]string)[serviceAccount:nomad-autoscaler-dev@nomad-platform-gcp.iam.gserviceaccount.com serviceAccount:nomad-autoscaler-prod@nomad-platform-gcp.iam.gserviceaccount.com serviceAccount:packer-builder-sa@nomad-platform-gcp.iam.gserviceaccount.com] Role:(string)roles/compute.networkViewer ForceSendFields:([]string)<nil> NullFields:([]string)<nil>} <*>{Condition:(*cloudresourcemanager.Expr)<nil> Members:([]string)[user:silasfrancis57@gmail.com] Role:(string)roles/compute.osAdminLogin ForceSendFields:([]string)<nil> NullFields:([]string)<nil>} <*>{Condition:(*cloudresourcemanager.Expr)<nil> Members:([]string)[user:silasfrancis57@gmail.com] Role:(string)roles/compute.osLogin ForceSendFields:([]string)<nil> NullFields:([]string)<nil>} <*>{Condition:(*cloudresourcemanager.Expr)<nil> Members:([]string)[serviceAccount:service-269674863872@compute-system.iam.gserviceaccount.com] Role:(string)roles/compute.serviceAgent ForceSendFields:([]string)<nil> NullFields:([]string)<nil>} <*>{Condition:(*cloudresourcemanager.Expr)<nil> Members:([]string)[serviceAccount:nomad-client-sa-dev@nomad-platform-gcp.iam.gserviceaccount.com serviceAccount:nomad-client-sa-prod@nomad-platform-gcp.iam.gserviceaccount.com serviceAccount:packer-builder-sa@nomad-platform-gcp.iam.gserviceaccount.com] Role:(string)roles/compute.storageAdmin ForceSendFields:([]string)<nil> NullFields:([]string)<nil>} <*>{Condition:(*cloudresourcemanager.Expr)<nil> Members:([]string)[serviceAccount:nomad-client-sa-dev@nomad-platform-gcp.iam.gserviceaccount.com serviceAccount:nomad-client-sa-prod@nomad-platform-gcp.iam.gserviceaccount.com serviceAccount:nomad-server-sa-dev@nomad-platform-gcp.iam.gserviceaccount.com serviceAccount:nomad-server-sa-prod@nomad-platform-gcp.iam.gserviceaccount.com] Role:(string)roles/compute.viewer ForceSendFields:([]string)<nil> NullFields:([]string)<nil>} <*>{Condition:(*cloudresourcemanager.Expr)<nil> Members:([]string)[serviceAccount:service-269674863872@containerregistry.iam.gserviceaccount.com] Role:(string)roles/containerregistry.ServiceAgent ForceSendFields:([]string)<nil> NullFields:([]string)<nil>} <*>{Condition:(*cloudresourcemanager.Expr)<nil> Members:([]string)[user:silasfrancis57@gmail.com] Role:(string)roles/iam.serviceAccountAdmin ForceSendFields:([]string)<nil> NullFields:([]string)<nil>} <*>{Condition:(*cloudresourcemanager.Expr)<nil> Members:([]string)[serviceAccount:management-vm-sa@nomad-platform-gcp.iam.gserviceaccount.com] Role:(string)roles/iam.serviceAccountKeyAdmin ForceSendFields:([]string)<nil> NullFields:([]string)<nil>} <*>{Condition:(*cloudresourcemanager.Expr)<nil> Members:([]string)[serviceAccount:nomad-client-sa-dev@nomad-platform-gcp.iam.gserviceaccount.com serviceAccount:nomad-client-sa-prod@nomad-platform-gcp.iam.gserviceaccount.com serviceAccount:packer-builder-sa@nomad-platform-gcp.iam.gserviceaccount.com] Role:(string)roles/iam.serviceAccountUser ForceSendFields:([]string)<nil> NullFields:([]string)<nil>} <*>{Condition:(*cloudresourcemanager.Expr)<nil> Members:([]string)[serviceAccount:packer-builder-sa@nomad-platform-gcp.iam.gserviceaccount.com user:silasfrancis57@gmail.com] Role:(string)roles/iap.tunnelResourceAccessor ForceSendFields:([]string)<nil> NullFields:([]string)<nil>} <*>{Condition:(*cloudresourcemanager.Expr)<nil> Members:([]string)[serviceAccount:269674863872-compute@developer.gserviceaccount.com serviceAccount:management-vm-sa@nomad-platform-gcp.iam.gserviceaccount.com serviceAccount:nomad-client-sa-dev@nomad-platform-gcp.iam.gserviceaccount.com serviceAccount:nomad-client-sa-prod@nomad-platform-gcp.iam.gserviceaccount.com serviceAccount:nomad-server-sa-dev@nomad-platform-gcp.iam.gserviceaccount.com serviceAccount:nomad-server-sa-prod@nomad-platform-gcp.iam.gserviceaccount.com] Role:(string)roles/logging.logWriter ForceSendFields:([]string)<nil> NullFields:([]string)<nil>} <*>{Condition:(*cloudresourcemanager.Expr)<nil> Members:([]string)[serviceAccount:management-vm-sa@nomad-platform-gcp.iam.gserviceaccount.com serviceAccount:nomad-client-sa-dev@nomad-platform-gcp.iam.gserviceaccount.com serviceAccount:nomad-client-sa-prod@nomad-platform-gcp.iam.gserviceaccount.com serviceAccount:nomad-server-sa-dev@nomad-platform-gcp.iam.gserviceaccount.com serviceAccount:nomad-server-sa-prod@nomad-platform-gcp.iam.gserviceaccount.com] Role:(string)roles/monitoring.metricWriter ForceSendFields:([]string)<nil> NullFields:([]string)<nil>} <*>{Condition:(*cloudresourcemanager.Expr)<nil> Members:([]string)[user:silasfrancis07@gmail.com user:silasfrancis57@gmail.com] Role:(string)roles/owner ForceSendFields:([]string)<nil> NullFields:([]string)<nil>} <*>{Condition:(*cloudresourcemanager.Expr)<nil> Members:([]string)[serviceAccount:service-269674863872@gcp-sa-pubsub.iam.gserviceaccount.com] Role:(string)roles/pubsub.serviceAgent ForceSendFields:([]string)<nil> NullFields:([]string)<nil>} <*>{Condition:(*cloudresourcemanager.Expr)<nil> Members:([]string)[user:silasfrancis57@gmail.com] Role:(string)roles/resourcemanager.tagUser ForceSendFields:([]string)<nil> NullFields:([]string)<nil>} <*>{Condition:(*cloudresourcemanager.Expr)<nil> Members:([]string)[user:silasfrancis57@gmail.com] Role:(string)roles/serviceusage.serviceUsageAdmin ForceSendFields:([]string)<nil> NullFields:([]string)<nil>} <*>{Condition:(*cloudresourcemanager.Expr)<nil> Members:([]string)[user:silasfrancis57@gmail.com] Role:(string)roles/storage.admin ForceSendFields:([]string)<nil> NullFields:([]string)<nil>}] Etag:(string)BwZaf6wJOXo= Version:(int64)1 ServerResponse:(googleapi.ServerResponse){HTTPStatusCode:(int)200 Header:(http.Header)map[Server:[ESF] X-Frame-Options:[SAMEORIGIN] X-Content-Type-Options:[nosniff] Alt-Svc:[h3=":443"; ma=2592000,h3-29=":443"; ma=2592000] Content-Type:[application/json; charset=UTF-8] Date:[Wed, 02 Sep 2026 23:52:36 GMT] X-Xss-Protection:[0] Server-Timing:[gfet4t7; dur=1277] Vary:[Origin X-Origin Referer]]} ForceSendFields:([]string)<nil> NullFields:([]string)<nil>}
2026-09-03T00:52:36.036+0100 [DEBUG] provider.terraform-provider-google_v7.43.0_x5: 2026/09/03 00:52:36 [DEBUG]: Looking for binding with role "roles/iap.tunnelResourceAccessor" and condition tpgiamresource.conditionKey{Description:"", Expression:"", Title:""}
2026-09-03T00:52:36.036+0100 [DEBUG] provider.terraform-provider-google_v7.43.0_x5: 2026/09/03 00:52:36 [DEBUG]: Looking for member "user:silasfrancis57@gmail.com" in found binding
2026-09-03T00:52:36.037+0100 [DEBUG] provider.terraform-provider-google_v7.43.0_x5: 2026/09/03 00:52:36 [DEBUG] Locked "iam-project-nomad-platform-gcp"
2026-09-03T00:52:36.037+0100 [DEBUG] provider.terraform-provider-google_v7.43.0_x5: 2026/09/03 00:52:36 [DEBUG] Retrieving policy for project "nomad-platform-gcp"
2026-09-03T00:52:36.037+0100 [DEBUG] provider.terraform-provider-google_v7.43.0_x5: 2026/09/03 00:52:36 [DEBUG] Waiting for state to become: [success]
2026-09-03T00:52:36.037+0100 [DEBUG] provider.terraform-provider-google_v7.43.0_x5: 2026/09/03 00:52:36 [INFO] Instantiating Google Cloud ResourceManager client for path https://cloudresourcemanager.googleapis.com/
2026-09-03T00:52:36.037+0100 [DEBUG] provider.terraform-provider-google_v7.43.0_x5: 2026/09/03 00:52:36 [DEBUG] Google API Request Details:
2026-09-03T00:52:36.037+0100 [DEBUG] provider.terraform-provider-google_v7.43.0_x5: ---[ REQUEST ]---------------------------------------
2026-09-03T00:52:36.037+0100 [DEBUG] provider.terraform-provider-google_v7.43.0_x5: POST /v1/projects/nomad-platform-gcp:getIamPolicy?alt=json&prettyPrint=false HTTP/1.1
2026-09-03T00:52:36.037+0100 [DEBUG] provider.terraform-provider-google_v7.43.0_x5: Host: cloudresourcemanager.googleapis.com
2026-09-03T00:52:36.037+0100 [DEBUG] provider.terraform-provider-google_v7.43.0_x5: User-Agent: google-api-go-client/0.5 Terraform/1.15.8 (+https://www.terraform.io) Terraform-Plugin-SDK/2.40.1 terraform-provider-google/7.43.0
2026-09-03T00:52:36.037+0100 [DEBUG] provider.terraform-provider-google_v7.43.0_x5: Content-Length: 41
2026-09-03T00:52:36.037+0100 [DEBUG] provider.terraform-provider-google_v7.43.0_x5: Content-Type: application/json
2026-09-03T00:52:36.037+0100 [DEBUG] provider.terraform-provider-google_v7.43.0_x5: X-Goog-Api-Client: gl-go/1.26.5 gdcl/0.288.0
2026-09-03T00:52:36.037+0100 [DEBUG] provider.terraform-provider-google_v7.43.0_x5: Accept-Encoding: gzip
2026-09-03T00:52:36.037+0100 [DEBUG] provider.terraform-provider-google_v7.43.0_x5
2026-09-03T00:52:36.037+0100 [DEBUG] provider.terraform-provider-google_v7.43.0_x5: {
2026-09-03T00:52:36.037+0100 [DEBUG] provider.terraform-provider-google_v7.43.0_x5:  "options": {
2026-09-03T00:52:36.037+0100 [DEBUG] provider.terraform-provider-google_v7.43.0_x5:   "requestedPolicyVersion": 3
2026-09-03T00:52:36.037+0100 [DEBUG] provider.terraform-provider-google_v7.43.0_x5:  }
2026-09-03T00:52:36.037+0100 [DEBUG] provider.terraform-provider-google_v7.43.0_x5: }
2026-09-03T00:52:36.037+0100 [DEBUG] provider.terraform-provider-google_v7.43.0_x5
2026-09-03T00:52:36.037+0100 [DEBUG] provider.terraform-provider-google_v7.43.0_x5: -----------------------------------------------------
2026-09-03T00:52:36.076+0100 [DEBUG] provider.terraform-provider-google_v7.43.0_x5: 2026/09/03 00:52:36 [DEBUG] Waiting for state to become: [success]
2026-09-03T00:52:36.076+0100 [DEBUG] provider.terraform-provider-google_v7.43.0_x5: 2026/09/03 00:52:36 [DEBUG] Google API Request Details:
2026-09-03T00:52:36.076+0100 [DEBUG] provider.terraform-provider-google_v7.43.0_x5: ---[ REQUEST ]---------------------------------------
2026-09-03T00:52:36.076+0100 [DEBUG] provider.terraform-provider-google_v7.43.0_x5: GET /compute/v1/projects/nomad-platform-gcp/zones/europe-west1-b/instances/traefik-dev?alt=json HTTP/1.1
2026-09-03T00:52:36.076+0100 [DEBUG] provider.terraform-provider-google_v7.43.0_x5: Host: compute.googleapis.com
2026-09-03T00:52:36.076+0100 [DEBUG] provider.terraform-provider-google_v7.43.0_x5: User-Agent: Terraform/1.15.8 (+https://www.terraform.io) Terraform-Plugin-SDK/2.40.1 terraform-provider-google/7.43.0
2026-09-03T00:52:36.076+0100 [DEBUG] provider.terraform-provider-google_v7.43.0_x5: Content-Type: application/json
2026-09-03T00:52:36.076+0100 [DEBUG] provider.terraform-provider-google_v7.43.0_x5: Accept-Encoding: gzip
2026-09-03T00:52:36.076+0100 [DEBUG] provider.terraform-provider-google_v7.43.0_x5
2026-09-03T00:52:36.076+0100 [DEBUG] provider.terraform-provider-google_v7.43.0_x5
2026-09-03T00:52:36.076+0100 [DEBUG] provider.terraform-provider-google_v7.43.0_x5: -----------------------------------------------------
2026-09-03T00:52:36.086+0100 [DEBUG] provider.terraform-provider-google_v7.43.0_x5: 2026/09/03 00:52:36 [DEBUG] Waiting for state to become: [success]
2026-09-03T00:52:36.091+0100 [DEBUG] provider.terraform-provider-google_v7.43.0_x5: 2026/09/03 00:52:36 [DEBUG] Google API Request Details:
2026-09-03T00:52:36.091+0100 [DEBUG] provider.terraform-provider-google_v7.43.0_x5: ---[ REQUEST ]---------------------------------------
2026-09-03T00:52:36.091+0100 [DEBUG] provider.terraform-provider-google_v7.43.0_x5: GET /compute/v1/projects/nomad-platform-gcp/zones/europe-west1-b/instances/mgmt-vm?alt=json HTTP/1.1
2026-09-03T00:52:36.091+0100 [DEBUG] provider.terraform-provider-google_v7.43.0_x5: Host: compute.googleapis.com
2026-09-03T00:52:36.091+0100 [DEBUG] provider.terraform-provider-google_v7.43.0_x5: User-Agent: Terraform/1.15.8 (+https://www.terraform.io) Terraform-Plugin-SDK/2.40.1 terraform-provider-google/7.43.0
2026-09-03T00:52:36.091+0100 [DEBUG] provider.terraform-provider-google_v7.43.0_x5: Content-Type: application/json
2026-09-03T00:52:36.092+0100 [DEBUG] provider.terraform-provider-google_v7.43.0_x5: Accept-Encoding: gzip
2026-09-03T00:52:36.092+0100 [DEBUG] provider.terraform-provider-google_v7.43.0_x5
2026-09-03T00:52:36.092+0100 [DEBUG] provider.terraform-provider-google_v7.43.0_x5
2026-09-03T00:52:36.092+0100 [DEBUG] provider.terraform-provider-google_v7.43.0_x5: -----------------------------------------------------
2026-09-03T00:52:36.092+0100 [DEBUG] provider.terraform-provider-google_v7.43.0_x5: 2026/09/03 00:52:36 [DEBUG] Waiting for state to become: [success]
2026-09-03T00:52:36.092+0100 [DEBUG] provider.terraform-provider-google_v7.43.0_x5: 2026/09/03 00:52:36 [DEBUG] Google API Request Details:
2026-09-03T00:52:36.092+0100 [DEBUG] provider.terraform-provider-google_v7.43.0_x5: ---[ REQUEST ]---------------------------------------
2026-09-03T00:52:36.092+0100 [DEBUG] provider.terraform-provider-google_v7.43.0_x5: GET /compute/v1/projects/nomad-platform-gcp/zones/europe-west1-b/instances/traefik-internal?alt=json HTTP/1.1
2026-09-03T00:52:36.093+0100 [DEBUG] provider.terraform-provider-google_v7.43.0_x5: Host: compute.googleapis.com
2026-09-03T00:52:36.093+0100 [DEBUG] provider.terraform-provider-google_v7.43.0_x5: User-Agent: Terraform/1.15.8 (+https://www.terraform.io) Terraform-Plugin-SDK/2.40.1 terraform-provider-google/7.43.0
2026-09-03T00:52:36.093+0100 [DEBUG] provider.terraform-provider-google_v7.43.0_x5: Content-Type: application/json
2026-09-03T00:52:36.093+0100 [DEBUG] provider.terraform-provider-google_v7.43.0_x5: Accept-Encoding: gzip
2026-09-03T00:52:36.093+0100 [DEBUG] provider.terraform-provider-google_v7.43.0_x5
2026-09-03T00:52:36.093+0100 [DEBUG] provider.terraform-provider-google_v7.43.0_x5
2026-09-03T00:52:36.093+0100 [DEBUG] provider.terraform-provider-google_v7.43.0_x5: -----------------------------------------------------
2026-09-03T00:52:36.096+0100 [DEBUG] provider.terraform-provider-google_v7.43.0_x5: 2026/09/03 00:52:36 [DEBUG] Waiting for state to become: [success]
2026-09-03T00:52:36.098+0100 [DEBUG] provider.terraform-provider-google_v7.43.0_x5: 2026/09/03 00:52:36 [DEBUG] Google API Request Details:
2026-09-03T00:52:36.098+0100 [DEBUG] provider.terraform-provider-google_v7.43.0_x5: ---[ REQUEST ]---------------------------------------
2026-09-03T00:52:36.098+0100 [DEBUG] provider.terraform-provider-google_v7.43.0_x5: GET /compute/v1/projects/nomad-platform-gcp/zones/europe-west1-b/instances/nomad-dev-server-0?alt=json HTTP/1.1
2026-09-03T00:52:36.098+0100 [DEBUG] provider.terraform-provider-google_v7.43.0_x5: Host: compute.googleapis.com
2026-09-03T00:52:36.098+0100 [DEBUG] provider.terraform-provider-google_v7.43.0_x5: User-Agent: Terraform/1.15.8 (+https://www.terraform.io) Terraform-Plugin-SDK/2.40.1 terraform-provider-google/7.43.0
2026-09-03T00:52:36.098+0100 [DEBUG] provider.terraform-provider-google_v7.43.0_x5: Content-Type: application/json
2026-09-03T00:52:36.098+0100 [DEBUG] provider.terraform-provider-google_v7.43.0_x5: Accept-Encoding: gzip
2026-09-03T00:52:36.098+0100 [DEBUG] provider.terraform-provider-google_v7.43.0_x5
2026-09-03T00:52:36.098+0100 [DEBUG] provider.terraform-provider-google_v7.43.0_x5
2026-09-03T00:52:36.098+0100 [DEBUG] provider.terraform-provider-google_v7.43.0_x5: -----------------------------------------------------
2026-09-03T00:52:36.261+0100 [DEBUG] provider.terraform-provider-google_v7.43.0_x5: 2026/09/03 00:52:36 [DEBUG] Google API Response Details:
2026-09-03T00:52:36.261+0100 [DEBUG] provider.terraform-provider-google_v7.43.0_x5: ---[ RESPONSE ]--------------------------------------
2026-09-03T00:52:36.261+0100 [DEBUG] provider.terraform-provider-google_v7.43.0_x5: HTTP/2.0 404 Not Found
2026-09-03T00:52:36.261+0100 [DEBUG] provider.terraform-provider-google_v7.43.0_x5: Alt-Svc: h3=":443"; ma=2592000,h3-29=":443"; ma=2592000
2026-09-03T00:52:36.261+0100 [DEBUG] provider.terraform-provider-google_v7.43.0_x5: Content-Type: application/json; charset=UTF-8
2026-09-03T00:52:36.261+0100 [DEBUG] provider.terraform-provider-google_v7.43.0_x5: Date: Wed, 02 Sep 2026 23:52:36 GMT
2026-09-03T00:52:36.261+0100 [DEBUG] provider.terraform-provider-google_v7.43.0_x5: Server: ESF
2026-09-03T00:52:36.261+0100 [DEBUG] provider.terraform-provider-google_v7.43.0_x5: Vary: Origin
2026-09-03T00:52:36.261+0100 [DEBUG] provider.terraform-provider-google_v7.43.0_x5: Vary: X-Origin
2026-09-03T00:52:36.261+0100 [DEBUG] provider.terraform-provider-google_v7.43.0_x5: Vary: Referer
2026-09-03T00:52:36.261+0100 [DEBUG] provider.terraform-provider-google_v7.43.0_x5: X-Content-Type-Options: nosniff
2026-09-03T00:52:36.261+0100 [DEBUG] provider.terraform-provider-google_v7.43.0_x5: X-Frame-Options: SAMEORIGIN
2026-09-03T00:52:36.261+0100 [DEBUG] provider.terraform-provider-google_v7.43.0_x5: X-Xss-Protection: 0
2026-09-03T00:52:36.261+0100 [DEBUG] provider.terraform-provider-google_v7.43.0_x5
2026-09-03T00:52:36.261+0100 [DEBUG] provider.terraform-provider-google_v7.43.0_x5: {
2026-09-03T00:52:36.261+0100 [DEBUG] provider.terraform-provider-google_v7.43.0_x5:   "error": {
2026-09-03T00:52:36.261+0100 [DEBUG] provider.terraform-provider-google_v7.43.0_x5:     "code": 404,
2026-09-03T00:52:36.261+0100 [DEBUG] provider.terraform-provider-google_v7.43.0_x5:     "message": "The resource 'projects/nomad-platform-gcp/global/images/nomad-client' was not found",
2026-09-03T00:52:36.261+0100 [DEBUG] provider.terraform-provider-google_v7.43.0_x5:     "errors": [
2026-09-03T00:52:36.261+0100 [DEBUG] provider.terraform-provider-google_v7.43.0_x5:       {
2026-09-03T00:52:36.261+0100 [DEBUG] provider.terraform-provider-google_v7.43.0_x5:         "message": "The resource 'projects/nomad-platform-gcp/global/images/nomad-client' was not found",
2026-09-03T00:52:36.261+0100 [DEBUG] provider.terraform-provider-google_v7.43.0_x5:         "domain": "global",
2026-09-03T00:52:36.261+0100 [DEBUG] provider.terraform-provider-google_v7.43.0_x5:         "reason": "notFound"
2026-09-03T00:52:36.261+0100 [DEBUG] provider.terraform-provider-google_v7.43.0_x5:       }
2026-09-03T00:52:36.261+0100 [DEBUG] provider.terraform-provider-google_v7.43.0_x5:     ]
2026-09-03T00:52:36.261+0100 [DEBUG] provider.terraform-provider-google_v7.43.0_x5:   }
2026-09-03T00:52:36.261+0100 [DEBUG] provider.terraform-provider-google_v7.43.0_x5: }
2026-09-03T00:52:36.261+0100 [DEBUG] provider.terraform-provider-google_v7.43.0_x5
2026-09-03T00:52:36.261+0100 [DEBUG] provider.terraform-provider-google_v7.43.0_x5: -----------------------------------------------------
2026-09-03T00:52:36.261+0100 [DEBUG] provider.terraform-provider-google_v7.43.0_x5: 2026/09/03 00:52:36 [INFO] Instantiating GCE client for path https://compute.googleapis.com/compute/v1/
2026-09-03T00:52:36.261+0100 [DEBUG] provider.terraform-provider-google_v7.43.0_x5: 2026/09/03 00:52:36 [DEBUG] Google API Request Details:
2026-09-03T00:52:36.261+0100 [DEBUG] provider.terraform-provider-google_v7.43.0_x5: ---[ REQUEST ]---------------------------------------
2026-09-03T00:52:36.261+0100 [DEBUG] provider.terraform-provider-google_v7.43.0_x5: GET /compute/v1/projects/nomad-platform-gcp/global/images/family/nomad-client?alt=json&prettyPrint=false HTTP/1.1
2026-09-03T00:52:36.261+0100 [DEBUG] provider.terraform-provider-google_v7.43.0_x5: Host: compute.googleapis.com
2026-09-03T00:52:36.261+0100 [DEBUG] provider.terraform-provider-google_v7.43.0_x5: User-Agent: google-api-go-client/0.5 Terraform/1.15.8 (+https://www.terraform.io) Terraform-Plugin-SDK/2.40.1 terraform-provider-google/7.43.0
2026-09-03T00:52:36.261+0100 [DEBUG] provider.terraform-provider-google_v7.43.0_x5: X-Goog-Api-Client: gl-go/1.26.5 gdcl/0.288.0
2026-09-03T00:52:36.261+0100 [DEBUG] provider.terraform-provider-google_v7.43.0_x5: Accept-Encoding: gzip
2026-09-03T00:52:36.261+0100 [DEBUG] provider.terraform-provider-google_v7.43.0_x5
2026-09-03T00:52:36.261+0100 [DEBUG] provider.terraform-provider-google_v7.43.0_x5
2026-09-03T00:52:36.261+0100 [DEBUG] provider.terraform-provider-google_v7.43.0_x5: -----------------------------------------------------
2026-09-03T00:52:36.262+0100 [DEBUG] provider.terraform-provider-google_v7.43.0_x5: 2026/09/03 00:52:36 [DEBUG] Google API Response Details:
2026-09-03T00:52:36.263+0100 [DEBUG] provider.terraform-provider-google_v7.43.0_x5: ---[ RESPONSE ]--------------------------------------
2026-09-03T00:52:36.263+0100 [DEBUG] provider.terraform-provider-google_v7.43.0_x5: HTTP/2.0 404 Not Found
2026-09-03T00:52:36.263+0100 [DEBUG] provider.terraform-provider-google_v7.43.0_x5: Alt-Svc: h3=":443"; ma=2592000,h3-29=":443"; ma=2592000
2026-09-03T00:52:36.263+0100 [DEBUG] provider.terraform-provider-google_v7.43.0_x5: Content-Type: application/json; charset=UTF-8
2026-09-03T00:52:36.263+0100 [DEBUG] provider.terraform-provider-google_v7.43.0_x5: Date: Wed, 02 Sep 2026 23:52:36 GMT
2026-09-03T00:52:36.263+0100 [DEBUG] provider.terraform-provider-google_v7.43.0_x5: Server: ESF
2026-09-03T00:52:36.263+0100 [DEBUG] provider.terraform-provider-google_v7.43.0_x5: Vary: Origin
2026-09-03T00:52:36.263+0100 [DEBUG] provider.terraform-provider-google_v7.43.0_x5: Vary: X-Origin
2026-09-03T00:52:36.263+0100 [DEBUG] provider.terraform-provider-google_v7.43.0_x5: Vary: Referer
2026-09-03T00:52:36.263+0100 [DEBUG] provider.terraform-provider-google_v7.43.0_x5: X-Content-Type-Options: nosniff
2026-09-03T00:52:36.263+0100 [DEBUG] provider.terraform-provider-google_v7.43.0_x5: X-Frame-Options: SAMEORIGIN
2026-09-03T00:52:36.263+0100 [DEBUG] provider.terraform-provider-google_v7.43.0_x5: X-Xss-Protection: 0
2026-09-03T00:52:36.263+0100 [DEBUG] provider.terraform-provider-google_v7.43.0_x5
2026-09-03T00:52:36.263+0100 [DEBUG] provider.terraform-provider-google_v7.43.0_x5: {
2026-09-03T00:52:36.263+0100 [DEBUG] provider.terraform-provider-google_v7.43.0_x5:   "error": {
2026-09-03T00:52:36.263+0100 [DEBUG] provider.terraform-provider-google_v7.43.0_x5:     "code": 404,
2026-09-03T00:52:36.263+0100 [DEBUG] provider.terraform-provider-google_v7.43.0_x5:     "message": "The resource 'projects/nomad-platform-gcp/global/images/nomad-client' was not found",
2026-09-03T00:52:36.263+0100 [DEBUG] provider.terraform-provider-google_v7.43.0_x5:     "errors": [
2026-09-03T00:52:36.263+0100 [DEBUG] provider.terraform-provider-google_v7.43.0_x5:       {
2026-09-03T00:52:36.263+0100 [DEBUG] provider.terraform-provider-google_v7.43.0_x5:         "message": "The resource 'projects/nomad-platform-gcp/global/images/nomad-client' was not found",
2026-09-03T00:52:36.263+0100 [DEBUG] provider.terraform-provider-google_v7.43.0_x5:         "domain": "global",
2026-09-03T00:52:36.263+0100 [DEBUG] provider.terraform-provider-google_v7.43.0_x5:         "reason": "notFound"
2026-09-03T00:52:36.263+0100 [DEBUG] provider.terraform-provider-google_v7.43.0_x5:       }
2026-09-03T00:52:36.263+0100 [DEBUG] provider.terraform-provider-google_v7.43.0_x5:     ]
2026-09-03T00:52:36.263+0100 [DEBUG] provider.terraform-provider-google_v7.43.0_x5:   }
2026-09-03T00:52:36.263+0100 [DEBUG] provider.terraform-provider-google_v7.43.0_x5: }
2026-09-03T00:52:36.263+0100 [DEBUG] provider.terraform-provider-google_v7.43.0_x5
2026-09-03T00:52:36.263+0100 [DEBUG] provider.terraform-provider-google_v7.43.0_x5: -----------------------------------------------------
2026-09-03T00:52:36.263+0100 [DEBUG] provider.terraform-provider-google_v7.43.0_x5: 2026/09/03 00:52:36 [INFO] Instantiating GCE client for path https://compute.googleapis.com/compute/v1/
2026-09-03T00:52:36.263+0100 [DEBUG] provider.terraform-provider-google_v7.43.0_x5: 2026/09/03 00:52:36 [DEBUG] Google API Request Details:
2026-09-03T00:52:36.263+0100 [DEBUG] provider.terraform-provider-google_v7.43.0_x5: ---[ REQUEST ]---------------------------------------
2026-09-03T00:52:36.263+0100 [DEBUG] provider.terraform-provider-google_v7.43.0_x5: GET /compute/v1/projects/nomad-platform-gcp/global/images/family/nomad-client?alt=json&prettyPrint=false HTTP/1.1
2026-09-03T00:52:36.263+0100 [DEBUG] provider.terraform-provider-google_v7.43.0_x5: Host: compute.googleapis.com
2026-09-03T00:52:36.263+0100 [DEBUG] provider.terraform-provider-google_v7.43.0_x5: User-Agent: google-api-go-client/0.5 Terraform/1.15.8 (+https://www.terraform.io) Terraform-Plugin-SDK/2.40.1 terraform-provider-google/7.43.0
2026-09-03T00:52:36.263+0100 [DEBUG] provider.terraform-provider-google_v7.43.0_x5: X-Goog-Api-Client: gl-go/1.26.5 gdcl/0.288.0
2026-09-03T00:52:36.263+0100 [DEBUG] provider.terraform-provider-google_v7.43.0_x5: Accept-Encoding: gzip
2026-09-03T00:52:36.263+0100 [DEBUG] provider.terraform-provider-google_v7.43.0_x5
2026-09-03T00:52:36.263+0100 [DEBUG] provider.terraform-provider-google_v7.43.0_x5
2026-09-03T00:52:36.263+0100 [DEBUG] provider.terraform-provider-google_v7.43.0_x5: -----------------------------------------------------
2026-09-03T00:52:36.377+0100 [DEBUG] provider.terraform-provider-google_v7.43.0_x5: 2026/09/03 00:52:36 [DEBUG] Google API Response Details:
2026-09-03T00:52:36.377+0100 [DEBUG] provider.terraform-provider-google_v7.43.0_x5: ---[ RESPONSE ]--------------------------------------
2026-09-03T00:52:36.377+0100 [DEBUG] provider.terraform-provider-google_v7.43.0_x5: HTTP/2.0 200 OK
2026-09-03T00:52:36.377+0100 [DEBUG] provider.terraform-provider-google_v7.43.0_x5: Alt-Svc: h3=":443"; ma=2592000,h3-29=":443"; ma=2592000
2026-09-03T00:52:36.377+0100 [DEBUG] provider.terraform-provider-google_v7.43.0_x5: Content-Type: application/json; charset=UTF-8
2026-09-03T00:52:36.377+0100 [DEBUG] provider.terraform-provider-google_v7.43.0_x5: Date: Wed, 02 Sep 2026 23:52:36 GMT
2026-09-03T00:52:36.377+0100 [DEBUG] provider.terraform-provider-google_v7.43.0_x5: Server: ESF
2026-09-03T00:52:36.377+0100 [DEBUG] provider.terraform-provider-google_v7.43.0_x5: Server-Timing: gfet4t7; dur=308
2026-09-03T00:52:36.377+0100 [DEBUG] provider.terraform-provider-google_v7.43.0_x5: Vary: Origin
2026-09-03T00:52:36.377+0100 [DEBUG] provider.terraform-provider-google_v7.43.0_x5: Vary: X-Origin
2026-09-03T00:52:36.377+0100 [DEBUG] provider.terraform-provider-google_v7.43.0_x5: Vary: Referer
2026-09-03T00:52:36.377+0100 [DEBUG] provider.terraform-provider-google_v7.43.0_x5: X-Content-Type-Options: nosniff
2026-09-03T00:52:36.377+0100 [DEBUG] provider.terraform-provider-google_v7.43.0_x5: X-Frame-Options: SAMEORIGIN
2026-09-03T00:52:36.377+0100 [DEBUG] provider.terraform-provider-google_v7.43.0_x5: X-Xss-Protection: 0
2026-09-03T00:52:36.377+0100 [DEBUG] provider.terraform-provider-google_v7.43.0_x5
2026-09-03T00:52:36.377+0100 [DEBUG] provider.terraform-provider-google_v7.43.0_x5: {
2026-09-03T00:52:36.377+0100 [DEBUG] provider.terraform-provider-google_v7.43.0_x5:  "version": 1,
2026-09-03T00:52:36.377+0100 [DEBUG] provider.terraform-provider-google_v7.43.0_x5:  "etag": "BwZaf6wJOXo=",
2026-09-03T00:52:36.377+0100 [DEBUG] provider.terraform-provider-google_v7.43.0_x5:  "bindings": [
2026-09-03T00:52:36.377+0100 [DEBUG] provider.terraform-provider-google_v7.43.0_x5:   {
2026-09-03T00:52:36.377+0100 [DEBUG] provider.terraform-provider-google_v7.43.0_x5:    "role": "roles/artifactregistry.admin",
2026-09-03T00:52:36.377+0100 [DEBUG] provider.terraform-provider-google_v7.43.0_x5:    "members": [
2026-09-03T00:52:36.377+0100 [DEBUG] provider.terraform-provider-google_v7.43.0_x5:     "user:silasfrancis57@gmail.com"
2026-09-03T00:52:36.377+0100 [DEBUG] provider.terraform-provider-google_v7.43.0_x5:    ]
2026-09-03T00:52:36.377+0100 [DEBUG] provider.terraform-provider-google_v7.43.0_x5:   },
2026-09-03T00:52:36.377+0100 [DEBUG] provider.terraform-provider-google_v7.43.0_x5:   {
2026-09-03T00:52:36.377+0100 [DEBUG] provider.terraform-provider-google_v7.43.0_x5:    "role": "roles/artifactregistry.serviceAgent",
2026-09-03T00:52:36.377+0100 [DEBUG] provider.terraform-provider-google_v7.43.0_x5:    "members": [
2026-09-03T00:52:36.377+0100 [DEBUG] provider.terraform-provider-google_v7.43.0_x5:     "serviceAccount:service-269674863872@gcp-sa-artifactregistry.iam.gserviceaccount.com"
2026-09-03T00:52:36.377+0100 [DEBUG] provider.terraform-provider-google_v7.43.0_x5:    ]
2026-09-03T00:52:36.377+0100 [DEBUG] provider.terraform-provider-google_v7.43.0_x5:   },
2026-09-03T00:52:36.377+0100 [DEBUG] provider.terraform-provider-google_v7.43.0_x5:   {
2026-09-03T00:52:36.377+0100 [DEBUG] provider.terraform-provider-google_v7.43.0_x5:    "role": "roles/cloudbuild.admin",
2026-09-03T00:52:36.377+0100 [DEBUG] provider.terraform-provider-google_v7.43.0_x5:    "members": [
2026-09-03T00:52:36.377+0100 [DEBUG] provider.terraform-provider-google_v7.43.0_x5:     "user:silasfrancis57@gmail.com"
2026-09-03T00:52:36.377+0100 [DEBUG] provider.terraform-provider-google_v7.43.0_x5:    ]
2026-09-03T00:52:36.377+0100 [DEBUG] provider.terraform-provider-google_v7.43.0_x5:   },
2026-09-03T00:52:36.377+0100 [DEBUG] provider.terraform-provider-google_v7.43.0_x5:   {
2026-09-03T00:52:36.377+0100 [DEBUG] provider.terraform-provider-google_v7.43.0_x5:    "role": "roles/cloudbuild.builds.builder",
2026-09-03T00:52:36.377+0100 [DEBUG] provider.terraform-provider-google_v7.43.0_x5:    "members": [
2026-09-03T00:52:36.377+0100 [DEBUG] provider.terraform-provider-google_v7.43.0_x5:     "serviceAccount:269674863872@cloudbuild.gserviceaccount.com"
2026-09-03T00:52:36.377+0100 [DEBUG] provider.terraform-provider-google_v7.43.0_x5:    ]
2026-09-03T00:52:36.377+0100 [DEBUG] provider.terraform-provider-google_v7.43.0_x5:   },
2026-09-03T00:52:36.377+0100 [DEBUG] provider.terraform-provider-google_v7.43.0_x5:   {
2026-09-03T00:52:36.377+0100 [DEBUG] provider.terraform-provider-google_v7.43.0_x5:    "role": "roles/cloudbuild.serviceAgent",
2026-09-03T00:52:36.377+0100 [DEBUG] provider.terraform-provider-google_v7.43.0_x5:    "members": [
2026-09-03T00:52:36.377+0100 [DEBUG] provider.terraform-provider-google_v7.43.0_x5:     "serviceAccount:service-269674863872@gcp-sa-cloudbuild.iam.gserviceaccount.com"
2026-09-03T00:52:36.377+0100 [DEBUG] provider.terraform-provider-google_v7.43.0_x5:    ]
2026-09-03T00:52:36.377+0100 [DEBUG] provider.terraform-provider-google_v7.43.0_x5:   },
2026-09-03T00:52:36.377+0100 [DEBUG] provider.terraform-provider-google_v7.43.0_x5:   {
2026-09-03T00:52:36.377+0100 [DEBUG] provider.terraform-provider-google_v7.43.0_x5:    "role": "roles/cloudkms.serviceAgent",
2026-09-03T00:52:36.377+0100 [DEBUG] provider.terraform-provider-google_v7.43.0_x5:    "members": [
2026-09-03T00:52:36.377+0100 [DEBUG] provider.terraform-provider-google_v7.43.0_x5:     "serviceAccount:service-269674863872@gcp-sa-cloudkms.iam.gserviceaccount.com"
2026-09-03T00:52:36.377+0100 [DEBUG] provider.terraform-provider-google_v7.43.0_x5:    ]
2026-09-03T00:52:36.377+0100 [DEBUG] provider.terraform-provider-google_v7.43.0_x5:   },
2026-09-03T00:52:36.377+0100 [DEBUG] provider.terraform-provider-google_v7.43.0_x5:   {
2026-09-03T00:52:36.377+0100 [DEBUG] provider.terraform-provider-google_v7.43.0_x5:    "role": "roles/compute.admin",
2026-09-03T00:52:36.377+0100 [DEBUG] provider.terraform-provider-google_v7.43.0_x5:    "members": [
2026-09-03T00:52:36.377+0100 [DEBUG] provider.terraform-provider-google_v7.43.0_x5:     "user:silasfrancis57@gmail.com"
2026-09-03T00:52:36.377+0100 [DEBUG] provider.terraform-provider-google_v7.43.0_x5:    ]
2026-09-03T00:52:36.377+0100 [DEBUG] provider.terraform-provider-google_v7.43.0_x5:   },
2026-09-03T00:52:36.377+0100 [DEBUG] provider.terraform-provider-google_v7.43.0_x5:   {
2026-09-03T00:52:36.377+0100 [DEBUG] provider.terraform-provider-google_v7.43.0_x5:    "role": "roles/compute.instanceAdmin.v1",
2026-09-03T00:52:36.377+0100 [DEBUG] provider.terraform-provider-google_v7.43.0_x5:    "members": [
2026-09-03T00:52:36.377+0100 [DEBUG] provider.terraform-provider-google_v7.43.0_x5:     "serviceAccount:nomad-autoscaler-dev@nomad-platform-gcp.iam.gserviceaccount.com",
2026-09-03T00:52:36.377+0100 [DEBUG] provider.terraform-provider-google_v7.43.0_x5:     "serviceAccount:nomad-autoscaler-prod@nomad-platform-gcp.iam.gserviceaccount.com",
2026-09-03T00:52:36.377+0100 [DEBUG] provider.terraform-provider-google_v7.43.0_x5:     "serviceAccount:packer-builder-sa@nomad-platform-gcp.iam.gserviceaccount.com",
2026-09-03T00:52:36.377+0100 [DEBUG] provider.terraform-provider-google_v7.43.0_x5:     "user:silasfrancis57@gmail.com"
2026-09-03T00:52:36.377+0100 [DEBUG] provider.terraform-provider-google_v7.43.0_x5:    ]
2026-09-03T00:52:36.377+0100 [DEBUG] provider.terraform-provider-google_v7.43.0_x5:   },
2026-09-03T00:52:36.377+0100 [DEBUG] provider.terraform-provider-google_v7.43.0_x5:   {
2026-09-03T00:52:36.377+0100 [DEBUG] provider.terraform-provider-google_v7.43.0_x5:    "role": "roles/compute.instanceGroupManagerServiceAgent",
2026-09-03T00:52:36.377+0100 [DEBUG] provider.terraform-provider-google_v7.43.0_x5:    "members": [
2026-09-03T00:52:36.377+0100 [DEBUG] provider.terraform-provider-google_v7.43.0_x5:     "serviceAccount:269674863872@cloudservices.gserviceaccount.com"
2026-09-03T00:52:36.377+0100 [DEBUG] provider.terraform-provider-google_v7.43.0_x5:    ]
2026-09-03T00:52:36.377+0100 [DEBUG] provider.terraform-provider-google_v7.43.0_x5:   },
2026-09-03T00:52:36.377+0100 [DEBUG] provider.terraform-provider-google_v7.43.0_x5:   {
2026-09-03T00:52:36.377+0100 [DEBUG] provider.terraform-provider-google_v7.43.0_x5:    "role": "roles/compute.networkViewer",
2026-09-03T00:52:36.377+0100 [DEBUG] provider.terraform-provider-google_v7.43.0_x5:    "members": [
2026-09-03T00:52:36.377+0100 [DEBUG] provider.terraform-provider-google_v7.43.0_x5:     "serviceAccount:nomad-autoscaler-dev@nomad-platform-gcp.iam.gserviceaccount.com",
2026-09-03T00:52:36.377+0100 [DEBUG] provider.terraform-provider-google_v7.43.0_x5:     "serviceAccount:nomad-autoscaler-prod@nomad-platform-gcp.iam.gserviceaccount.com",
2026-09-03T00:52:36.377+0100 [DEBUG] provider.terraform-provider-google_v7.43.0_x5:     "serviceAccount:packer-builder-sa@nomad-platform-gcp.iam.gserviceaccount.com"
2026-09-03T00:52:36.377+0100 [DEBUG] provider.terraform-provider-google_v7.43.0_x5:    ]
2026-09-03T00:52:36.377+0100 [DEBUG] provider.terraform-provider-google_v7.43.0_x5:   },
2026-09-03T00:52:36.377+0100 [DEBUG] provider.terraform-provider-google_v7.43.0_x5:   {
2026-09-03T00:52:36.377+0100 [DEBUG] provider.terraform-provider-google_v7.43.0_x5:    "role": "roles/compute.osAdminLogin",
2026-09-03T00:52:36.377+0100 [DEBUG] provider.terraform-provider-google_v7.43.0_x5:    "members": [
2026-09-03T00:52:36.377+0100 [DEBUG] provider.terraform-provider-google_v7.43.0_x5:     "user:silasfrancis57@gmail.com"
2026-09-03T00:52:36.377+0100 [DEBUG] provider.terraform-provider-google_v7.43.0_x5:    ]
2026-09-03T00:52:36.377+0100 [DEBUG] provider.terraform-provider-google_v7.43.0_x5:   },
2026-09-03T00:52:36.377+0100 [DEBUG] provider.terraform-provider-google_v7.43.0_x5:   {
2026-09-03T00:52:36.377+0100 [DEBUG] provider.terraform-provider-google_v7.43.0_x5:    "role": "roles/compute.osLogin",
2026-09-03T00:52:36.377+0100 [DEBUG] provider.terraform-provider-google_v7.43.0_x5:    "members": [
2026-09-03T00:52:36.377+0100 [DEBUG] provider.terraform-provider-google_v7.43.0_x5:     "user:silasfrancis57@gmail.com"
2026-09-03T00:52:36.377+0100 [DEBUG] provider.terraform-provider-google_v7.43.0_x5:    ]
2026-09-03T00:52:36.377+0100 [DEBUG] provider.terraform-provider-google_v7.43.0_x5:   },
2026-09-03T00:52:36.377+0100 [DEBUG] provider.terraform-provider-google_v7.43.0_x5:   {
2026-09-03T00:52:36.377+0100 [DEBUG] provider.terraform-provider-google_v7.43.0_x5:    "role": "roles/compute.serviceAgent",
2026-09-03T00:52:36.377+0100 [DEBUG] provider.terraform-provider-google_v7.43.0_x5:    "members": [
2026-09-03T00:52:36.377+0100 [DEBUG] provider.terraform-provider-google_v7.43.0_x5:     "serviceAccount:service-269674863872@compute-system.iam.gserviceaccount.com"
2026-09-03T00:52:36.377+0100 [DEBUG] provider.terraform-provider-google_v7.43.0_x5:    ]
2026-09-03T00:52:36.377+0100 [DEBUG] provider.terraform-provider-google_v7.43.0_x5:   },
2026-09-03T00:52:36.377+0100 [DEBUG] provider.terraform-provider-google_v7.43.0_x5:   {
2026-09-03T00:52:36.377+0100 [DEBUG] provider.terraform-provider-google_v7.43.0_x5:    "role": "roles/compute.storageAdmin",
2026-09-03T00:52:36.377+0100 [DEBUG] provider.terraform-provider-google_v7.43.0_x5:    "members": [
2026-09-03T00:52:36.377+0100 [DEBUG] provider.terraform-provider-google_v7.43.0_x5:     "serviceAccount:nomad-client-sa-dev@nomad-platform-gcp.iam.gserviceaccount.com",
2026-09-03T00:52:36.378+0100 [DEBUG] provider.terraform-provider-google_v7.43.0_x5:     "serviceAccount:nomad-client-sa-prod@nomad-platform-gcp.iam.gserviceaccount.com",
2026-09-03T00:52:36.378+0100 [DEBUG] provider.terraform-provider-google_v7.43.0_x5:     "serviceAccount:packer-builder-sa@nomad-platform-gcp.iam.gserviceaccount.com"
2026-09-03T00:52:36.378+0100 [DEBUG] provider.terraform-provider-google_v7.43.0_x5:    ]
2026-09-03T00:52:36.378+0100 [DEBUG] provider.terraform-provider-google_v7.43.0_x5:   },
2026-09-03T00:52:36.378+0100 [DEBUG] provider.terraform-provider-google_v7.43.0_x5:   {
2026-09-03T00:52:36.378+0100 [DEBUG] provider.terraform-provider-google_v7.43.0_x5:    "role": "roles/compute.viewer",
2026-09-03T00:52:36.378+0100 [DEBUG] provider.terraform-provider-google_v7.43.0_x5:    "members": [
2026-09-03T00:52:36.378+0100 [DEBUG] provider.terraform-provider-google_v7.43.0_x5:     "serviceAccount:nomad-client-sa-dev@nomad-platform-gcp.iam.gserviceaccount.com",
2026-09-03T00:52:36.378+0100 [DEBUG] provider.terraform-provider-google_v7.43.0_x5:     "serviceAccount:nomad-client-sa-prod@nomad-platform-gcp.iam.gserviceaccount.com",
2026-09-03T00:52:36.378+0100 [DEBUG] provider.terraform-provider-google_v7.43.0_x5:     "serviceAccount:nomad-server-sa-dev@nomad-platform-gcp.iam.gserviceaccount.com",
2026-09-03T00:52:36.378+0100 [DEBUG] provider.terraform-provider-google_v7.43.0_x5:     "serviceAccount:nomad-server-sa-prod@nomad-platform-gcp.iam.gserviceaccount.com"
2026-09-03T00:52:36.378+0100 [DEBUG] provider.terraform-provider-google_v7.43.0_x5:    ]
2026-09-03T00:52:36.378+0100 [DEBUG] provider.terraform-provider-google_v7.43.0_x5:   },
2026-09-03T00:52:36.378+0100 [DEBUG] provider.terraform-provider-google_v7.43.0_x5:   {
2026-09-03T00:52:36.378+0100 [DEBUG] provider.terraform-provider-google_v7.43.0_x5:    "role": "roles/containerregistry.ServiceAgent",
2026-09-03T00:52:36.378+0100 [DEBUG] provider.terraform-provider-google_v7.43.0_x5:    "members": [
2026-09-03T00:52:36.378+0100 [DEBUG] provider.terraform-provider-google_v7.43.0_x5:     "serviceAccount:service-269674863872@containerregistry.iam.gserviceaccount.com"
2026-09-03T00:52:36.378+0100 [DEBUG] provider.terraform-provider-google_v7.43.0_x5:    ]
2026-09-03T00:52:36.378+0100 [DEBUG] provider.terraform-provider-google_v7.43.0_x5:   },
2026-09-03T00:52:36.378+0100 [DEBUG] provider.terraform-provider-google_v7.43.0_x5:   {
2026-09-03T00:52:36.378+0100 [DEBUG] provider.terraform-provider-google_v7.43.0_x5:    "role": "roles/iam.serviceAccountAdmin",
2026-09-03T00:52:36.378+0100 [DEBUG] provider.terraform-provider-google_v7.43.0_x5:    "members": [
2026-09-03T00:52:36.378+0100 [DEBUG] provider.terraform-provider-google_v7.43.0_x5:     "user:silasfrancis57@gmail.com"
2026-09-03T00:52:36.378+0100 [DEBUG] provider.terraform-provider-google_v7.43.0_x5:    ]
2026-09-03T00:52:36.378+0100 [DEBUG] provider.terraform-provider-google_v7.43.0_x5:   },
2026-09-03T00:52:36.378+0100 [DEBUG] provider.terraform-provider-google_v7.43.0_x5:   {
2026-09-03T00:52:36.378+0100 [DEBUG] provider.terraform-provider-google_v7.43.0_x5:    "role": "roles/iam.serviceAccountKeyAdmin",
2026-09-03T00:52:36.378+0100 [DEBUG] provider.terraform-provider-google_v7.43.0_x5:    "members": [
2026-09-03T00:52:36.378+0100 [DEBUG] provider.terraform-provider-google_v7.43.0_x5:     "serviceAccount:management-vm-sa@nomad-platform-gcp.iam.gserviceaccount.com"
2026-09-03T00:52:36.378+0100 [DEBUG] provider.terraform-provider-google_v7.43.0_x5:    ]
2026-09-03T00:52:36.378+0100 [DEBUG] provider.terraform-provider-google_v7.43.0_x5:   },
2026-09-03T00:52:36.378+0100 [DEBUG] provider.terraform-provider-google_v7.43.0_x5:   {
2026-09-03T00:52:36.378+0100 [DEBUG] provider.terraform-provider-google_v7.43.0_x5:    "role": "roles/iam.serviceAccountUser",
2026-09-03T00:52:36.378+0100 [DEBUG] provider.terraform-provider-google_v7.43.0_x5:    "members": [
2026-09-03T00:52:36.378+0100 [DEBUG] provider.terraform-provider-google_v7.43.0_x5:     "serviceAccount:nomad-client-sa-dev@nomad-platform-gcp.iam.gserviceaccount.com",
2026-09-03T00:52:36.378+0100 [DEBUG] provider.terraform-provider-google_v7.43.0_x5:     "serviceAccount:nomad-client-sa-prod@nomad-platform-gcp.iam.gserviceaccount.com",
2026-09-03T00:52:36.378+0100 [DEBUG] provider.terraform-provider-google_v7.43.0_x5:     "serviceAccount:packer-builder-sa@nomad-platform-gcp.iam.gserviceaccount.com"
2026-09-03T00:52:36.378+0100 [DEBUG] provider.terraform-provider-google_v7.43.0_x5:    ]
2026-09-03T00:52:36.378+0100 [DEBUG] provider.terraform-provider-google_v7.43.0_x5:   },
2026-09-03T00:52:36.378+0100 [DEBUG] provider.terraform-provider-google_v7.43.0_x5:   {
2026-09-03T00:52:36.378+0100 [DEBUG] provider.terraform-provider-google_v7.43.0_x5:    "role": "roles/iap.tunnelResourceAccessor",
2026-09-03T00:52:36.378+0100 [DEBUG] provider.terraform-provider-google_v7.43.0_x5:    "members": [
2026-09-03T00:52:36.378+0100 [DEBUG] provider.terraform-provider-google_v7.43.0_x5:     "serviceAccount:packer-builder-sa@nomad-platform-gcp.iam.gserviceaccount.com",
2026-09-03T00:52:36.378+0100 [DEBUG] provider.terraform-provider-google_v7.43.0_x5:     "user:silasfrancis57@gmail.com"
2026-09-03T00:52:36.378+0100 [DEBUG] provider.terraform-provider-google_v7.43.0_x5:    ]
2026-09-03T00:52:36.378+0100 [DEBUG] provider.terraform-provider-google_v7.43.0_x5:   },
2026-09-03T00:52:36.378+0100 [DEBUG] provider.terraform-provider-google_v7.43.0_x5:   {
2026-09-03T00:52:36.378+0100 [DEBUG] provider.terraform-provider-google_v7.43.0_x5:    "role": "roles/logging.logWriter",
2026-09-03T00:52:36.378+0100 [DEBUG] provider.terraform-provider-google_v7.43.0_x5:    "members": [
2026-09-03T00:52:36.378+0100 [DEBUG] provider.terraform-provider-google_v7.43.0_x5:     "serviceAccount:269674863872-compute@developer.gserviceaccount.com",
2026-09-03T00:52:36.378+0100 [DEBUG] provider.terraform-provider-google_v7.43.0_x5:     "serviceAccount:management-vm-sa@nomad-platform-gcp.iam.gserviceaccount.com",
2026-09-03T00:52:36.378+0100 [DEBUG] provider.terraform-provider-google_v7.43.0_x5:     "serviceAccount:nomad-client-sa-dev@nomad-platform-gcp.iam.gserviceaccount.com",
2026-09-03T00:52:36.378+0100 [DEBUG] provider.terraform-provider-google_v7.43.0_x5:     "serviceAccount:nomad-client-sa-prod@nomad-platform-gcp.iam.gserviceaccount.com",
2026-09-03T00:52:36.378+0100 [DEBUG] provider.terraform-provider-google_v7.43.0_x5:     "serviceAccount:nomad-server-sa-dev@nomad-platform-gcp.iam.gserviceaccount.com",
2026-09-03T00:52:36.378+0100 [DEBUG] provider.terraform-provider-google_v7.43.0_x5:     "serviceAccount:nomad-server-sa-prod@nomad-platform-gcp.iam.gserviceaccount.com"
2026-09-03T00:52:36.378+0100 [DEBUG] provider.terraform-provider-google_v7.43.0_x5:    ]
2026-09-03T00:52:36.378+0100 [DEBUG] provider.terraform-provider-google_v7.43.0_x5:   },
2026-09-03T00:52:36.378+0100 [DEBUG] provider.terraform-provider-google_v7.43.0_x5:   {
2026-09-03T00:52:36.378+0100 [DEBUG] provider.terraform-provider-google_v7.43.0_x5:    "role": "roles/monitoring.metricWriter",
2026-09-03T00:52:36.378+0100 [DEBUG] provider.terraform-provider-google_v7.43.0_x5:    "members": [
2026-09-03T00:52:36.378+0100 [DEBUG] provider.terraform-provider-google_v7.43.0_x5:     "serviceAccount:management-vm-sa@nomad-platform-gcp.iam.gserviceaccount.com",
2026-09-03T00:52:36.378+0100 [DEBUG] provider.terraform-provider-google_v7.43.0_x5:     "serviceAccount:nomad-client-sa-dev@nomad-platform-gcp.iam.gserviceaccount.com",
2026-09-03T00:52:36.378+0100 [DEBUG] provider.terraform-provider-google_v7.43.0_x5:     "serviceAccount:nomad-client-sa-prod@nomad-platform-gcp.iam.gserviceaccount.com",
2026-09-03T00:52:36.378+0100 [DEBUG] provider.terraform-provider-google_v7.43.0_x5:     "serviceAccount:nomad-server-sa-dev@nomad-platform-gcp.iam.gserviceaccount.com",
2026-09-03T00:52:36.378+0100 [DEBUG] provider.terraform-provider-google_v7.43.0_x5:     "serviceAccount:nomad-server-sa-prod@nomad-platform-gcp.iam.gserviceaccount.com"
2026-09-03T00:52:36.378+0100 [DEBUG] provider.terraform-provider-google_v7.43.0_x5:    ]
2026-09-03T00:52:36.378+0100 [DEBUG] provider.terraform-provider-google_v7.43.0_x5:   },
2026-09-03T00:52:36.378+0100 [DEBUG] provider.terraform-provider-google_v7.43.0_x5:   {
2026-09-03T00:52:36.378+0100 [DEBUG] provider.terraform-provider-google_v7.43.0_x5:    "role": "roles/owner",
2026-09-03T00:52:36.378+0100 [DEBUG] provider.terraform-provider-google_v7.43.0_x5:    "members": [
2026-09-03T00:52:36.378+0100 [DEBUG] provider.terraform-provider-google_v7.43.0_x5:     "user:silasfrancis07@gmail.com",
2026-09-03T00:52:36.378+0100 [DEBUG] provider.terraform-provider-google_v7.43.0_x5:     "user:silasfrancis57@gmail.com"
2026-09-03T00:52:36.378+0100 [DEBUG] provider.terraform-provider-google_v7.43.0_x5:    ]
2026-09-03T00:52:36.378+0100 [DEBUG] provider.terraform-provider-google_v7.43.0_x5:   },
2026-09-03T00:52:36.378+0100 [DEBUG] provider.terraform-provider-google_v7.43.0_x5:   {
2026-09-03T00:52:36.378+0100 [DEBUG] provider.terraform-provider-google_v7.43.0_x5:    "role": "roles/pubsub.serviceAgent",
2026-09-03T00:52:36.378+0100 [DEBUG] provider.terraform-provider-google_v7.43.0_x5:    "members": [
2026-09-03T00:52:36.378+0100 [DEBUG] provider.terraform-provider-google_v7.43.0_x5:     "serviceAccount:service-269674863872@gcp-sa-pubsub.iam.gserviceaccount.com"
2026-09-03T00:52:36.378+0100 [DEBUG] provider.terraform-provider-google_v7.43.0_x5:    ]
2026-09-03T00:52:36.378+0100 [DEBUG] provider.terraform-provider-google_v7.43.0_x5:   },
2026-09-03T00:52:36.378+0100 [DEBUG] provider.terraform-provider-google_v7.43.0_x5:   {
2026-09-03T00:52:36.378+0100 [DEBUG] provider.terraform-provider-google_v7.43.0_x5:    "role": "roles/resourcemanager.tagUser",
2026-09-03T00:52:36.378+0100 [DEBUG] provider.terraform-provider-google_v7.43.0_x5:    "members": [
2026-09-03T00:52:36.378+0100 [DEBUG] provider.terraform-provider-google_v7.43.0_x5:     "user:silasfrancis57@gmail.com"
2026-09-03T00:52:36.378+0100 [DEBUG] provider.terraform-provider-google_v7.43.0_x5:    ]
2026-09-03T00:52:36.378+0100 [DEBUG] provider.terraform-provider-google_v7.43.0_x5:   },
2026-09-03T00:52:36.379+0100 [DEBUG] provider.terraform-provider-google_v7.43.0_x5:   {
2026-09-03T00:52:36.379+0100 [DEBUG] provider.terraform-provider-google_v7.43.0_x5:    "role": "roles/serviceusage.serviceUsageAdmin",
2026-09-03T00:52:36.379+0100 [DEBUG] provider.terraform-provider-google_v7.43.0_x5:    "members": [
2026-09-03T00:52:36.379+0100 [DEBUG] provider.terraform-provider-google_v7.43.0_x5:     "user:silasfrancis57@gmail.com"
2026-09-03T00:52:36.379+0100 [DEBUG] provider.terraform-provider-google_v7.43.0_x5:    ]
2026-09-03T00:52:36.379+0100 [DEBUG] provider.terraform-provider-google_v7.43.0_x5:   },
2026-09-03T00:52:36.379+0100 [DEBUG] provider.terraform-provider-google_v7.43.0_x5:   {
2026-09-03T00:52:36.379+0100 [DEBUG] provider.terraform-provider-google_v7.43.0_x5:    "role": "roles/storage.admin",
2026-09-03T00:52:36.379+0100 [DEBUG] provider.terraform-provider-google_v7.43.0_x5:    "members": [
2026-09-03T00:52:36.379+0100 [DEBUG] provider.terraform-provider-google_v7.43.0_x5:     "user:silasfrancis57@gmail.com"
2026-09-03T00:52:36.379+0100 [DEBUG] provider.terraform-provider-google_v7.43.0_x5:    ]
2026-09-03T00:52:36.379+0100 [DEBUG] provider.terraform-provider-google_v7.43.0_x5:   }
2026-09-03T00:52:36.379+0100 [DEBUG] provider.terraform-provider-google_v7.43.0_x5:  ]
2026-09-03T00:52:36.379+0100 [DEBUG] provider.terraform-provider-google_v7.43.0_x5: }
2026-09-03T00:52:36.379+0100 [DEBUG] provider.terraform-provider-google_v7.43.0_x5: -----------------------------------------------------
2026-09-03T00:52:36.379+0100 [DEBUG] provider.terraform-provider-google_v7.43.0_x5: 2026/09/03 00:52:36 [DEBUG] Retrieved policy for project "nomad-platform-gcp": (*cloudresourcemanager.Policy){AuditConfigs:([]*cloudresourcemanager.AuditConfig)<nil> Bindings:([]*cloudresourcemanager.Binding)[<*>{Condition:(*cloudresourcemanager.Expr)<nil> Members:([]string)[user:silasfrancis57@gmail.com] Role:(string)roles/artifactregistry.admin ForceSendFields:([]string)<nil> NullFields:([]string)<nil>} <*>{Condition:(*cloudresourcemanager.Expr)<nil> Members:([]string)[serviceAccount:service-269674863872@gcp-sa-artifactregistry.iam.gserviceaccount.com] Role:(string)roles/artifactregistry.serviceAgent ForceSendFields:([]string)<nil> NullFields:([]string)<nil>} <*>{Condition:(*cloudresourcemanager.Expr)<nil> Members:([]string)[user:silasfrancis57@gmail.com] Role:(string)roles/cloudbuild.admin ForceSendFields:([]string)<nil> NullFields:([]string)<nil>} <*>{Condition:(*cloudresourcemanager.Expr)<nil> Members:([]string)[serviceAccount:269674863872@cloudbuild.gserviceaccount.com] Role:(string)roles/cloudbuild.builds.builder ForceSendFields:([]string)<nil> NullFields:([]string)<nil>} <*>{Condition:(*cloudresourcemanager.Expr)<nil> Members:([]string)[serviceAccount:service-269674863872@gcp-sa-cloudbuild.iam.gserviceaccount.com] Role:(string)roles/cloudbuild.serviceAgent ForceSendFields:([]string)<nil> NullFields:([]string)<nil>} <*>{Condition:(*cloudresourcemanager.Expr)<nil> Members:([]string)[serviceAccount:service-269674863872@gcp-sa-cloudkms.iam.gserviceaccount.com] Role:(string)roles/cloudkms.serviceAgent ForceSendFields:([]string)<nil> NullFields:([]string)<nil>} <*>{Condition:(*cloudresourcemanager.Expr)<nil> Members:([]string)[user:silasfrancis57@gmail.com] Role:(string)roles/compute.admin ForceSendFields:([]string)<nil> NullFields:([]string)<nil>} <*>{Condition:(*cloudresourcemanager.Expr)<nil> Members:([]string)[serviceAccount:nomad-autoscaler-dev@nomad-platform-gcp.iam.gserviceaccount.com serviceAccount:nomad-autoscaler-prod@nomad-platform-gcp.iam.gserviceaccount.com serviceAccount:packer-builder-sa@nomad-platform-gcp.iam.gserviceaccount.com user:silasfrancis57@gmail.com] Role:(string)roles/compute.instanceAdmin.v1 ForceSendFields:([]string)<nil> NullFields:([]string)<nil>} <*>{Condition:(*cloudresourcemanager.Expr)<nil> Members:([]string)[serviceAccount:269674863872@cloudservices.gserviceaccount.com] Role:(string)roles/compute.instanceGroupManagerServiceAgent ForceSendFields:([]string)<nil> NullFields:([]string)<nil>} <*>{Condition:(*cloudresourcemanager.Expr)<nil> Members:([]string)[serviceAccount:nomad-autoscaler-dev@nomad-platform-gcp.iam.gserviceaccount.com serviceAccount:nomad-autoscaler-prod@nomad-platform-gcp.iam.gserviceaccount.com serviceAccount:packer-builder-sa@nomad-platform-gcp.iam.gserviceaccount.com] Role:(string)roles/compute.networkViewer ForceSendFields:([]string)<nil> NullFields:([]string)<nil>} <*>{Condition:(*cloudresourcemanager.Expr)<nil> Members:([]string)[user:silasfrancis57@gmail.com] Role:(string)roles/compute.osAdminLogin ForceSendFields:([]string)<nil> NullFields:([]string)<nil>} <*>{Condition:(*cloudresourcemanager.Expr)<nil> Members:([]string)[user:silasfrancis57@gmail.com] Role:(string)roles/compute.osLogin ForceSendFields:([]string)<nil> NullFields:([]string)<nil>} <*>{Condition:(*cloudresourcemanager.Expr)<nil> Members:([]string)[serviceAccount:service-269674863872@compute-system.iam.gserviceaccount.com] Role:(string)roles/compute.serviceAgent ForceSendFields:([]string)<nil> NullFields:([]string)<nil>} <*>{Condition:(*cloudresourcemanager.Expr)<nil> Members:([]string)[serviceAccount:nomad-client-sa-dev@nomad-platform-gcp.iam.gserviceaccount.com serviceAccount:nomad-client-sa-prod@nomad-platform-gcp.iam.gserviceaccount.com serviceAccount:packer-builder-sa@nomad-platform-gcp.iam.gserviceaccount.com] Role:(string)roles/compute.storageAdmin ForceSendFields:([]string)<nil> NullFields:([]string)<nil>} <*>{Condition:(*cloudresourcemanager.Expr)<nil> Members:([]string)[serviceAccount:nomad-client-sa-dev@nomad-platform-gcp.iam.gserviceaccount.com serviceAccount:nomad-client-sa-prod@nomad-platform-gcp.iam.gserviceaccount.com serviceAccount:nomad-server-sa-dev@nomad-platform-gcp.iam.gserviceaccount.com serviceAccount:nomad-server-sa-prod@nomad-platform-gcp.iam.gserviceaccount.com] Role:(string)roles/compute.viewer ForceSendFields:([]string)<nil> NullFields:([]string)<nil>} <*>{Condition:(*cloudresourcemanager.Expr)<nil> Members:([]string)[serviceAccount:service-269674863872@containerregistry.iam.gserviceaccount.com] Role:(string)roles/containerregistry.ServiceAgent ForceSendFields:([]string)<nil> NullFields:([]string)<nil>} <*>{Condition:(*cloudresourcemanager.Expr)<nil> Members:([]string)[user:silasfrancis57@gmail.com] Role:(string)roles/iam.serviceAccountAdmin ForceSendFields:([]string)<nil> NullFields:([]string)<nil>} <*>{Condition:(*cloudresourcemanager.Expr)<nil> Members:([]string)[serviceAccount:management-vm-sa@nomad-platform-gcp.iam.gserviceaccount.com] Role:(string)roles/iam.serviceAccountKeyAdmin ForceSendFields:([]string)<nil> NullFields:([]string)<nil>} <*>{Condition:(*cloudresourcemanager.Expr)<nil> Members:([]string)[serviceAccount:nomad-client-sa-dev@nomad-platform-gcp.iam.gserviceaccount.com serviceAccount:nomad-client-sa-prod@nomad-platform-gcp.iam.gserviceaccount.com serviceAccount:packer-builder-sa@nomad-platform-gcp.iam.gserviceaccount.com] Role:(string)roles/iam.serviceAccountUser ForceSendFields:([]string)<nil> NullFields:([]string)<nil>} <*>{Condition:(*cloudresourcemanager.Expr)<nil> Members:([]string)[serviceAccount:packer-builder-sa@nomad-platform-gcp.iam.gserviceaccount.com user:silasfrancis57@gmail.com] Role:(string)roles/iap.tunnelResourceAccessor ForceSendFields:([]string)<nil> NullFields:([]string)<nil>} <*>{Condition:(*cloudresourcemanager.Expr)<nil> Members:([]string)[serviceAccount:269674863872-compute@developer.gserviceaccount.com serviceAccount:management-vm-sa@nomad-platform-gcp.iam.gserviceaccount.com serviceAccount:nomad-client-sa-dev@nomad-platform-gcp.iam.gserviceaccount.com serviceAccount:nomad-client-sa-prod@nomad-platform-gcp.iam.gserviceaccount.com serviceAccount:nomad-server-sa-dev@nomad-platform-gcp.iam.gserviceaccount.com serviceAccount:nomad-server-sa-prod@nomad-platform-gcp.iam.gserviceaccount.com] Role:(string)roles/logging.logWriter ForceSendFields:([]string)<nil> NullFields:([]string)<nil>} <*>{Condition:(*cloudresourcemanager.Expr)<nil> Members:([]string)[serviceAccount:management-vm-sa@nomad-platform-gcp.iam.gserviceaccount.com serviceAccount:nomad-client-sa-dev@nomad-platform-gcp.iam.gserviceaccount.com serviceAccount:nomad-client-sa-prod@nomad-platform-gcp.iam.gserviceaccount.com serviceAccount:nomad-server-sa-dev@nomad-platform-gcp.iam.gserviceaccount.com serviceAccount:nomad-server-sa-prod@nomad-platform-gcp.iam.gserviceaccount.com] Role:(string)roles/monitoring.metricWriter ForceSendFields:([]string)<nil> NullFields:([]string)<nil>} <*>{Condition:(*cloudresourcemanager.Expr)<nil> Members:([]string)[user:silasfrancis07@gmail.com user:silasfrancis57@gmail.com] Role:(string)roles/owner ForceSendFields:([]string)<nil> NullFields:([]string)<nil>} <*>{Condition:(*cloudresourcemanager.Expr)<nil> Members:([]string)[serviceAccount:service-269674863872@gcp-sa-pubsub.iam.gserviceaccount.com] Role:(string)roles/pubsub.serviceAgent ForceSendFields:([]string)<nil> NullFields:([]string)<nil>} <*>{Condition:(*cloudresourcemanager.Expr)<nil> Members:([]string)[user:silasfrancis57@gmail.com] Role:(string)roles/resourcemanager.tagUser ForceSendFields:([]string)<nil> NullFields:([]string)<nil>} <*>{Condition:(*cloudresourcemanager.Expr)<nil> Members:([]string)[user:silasfrancis57@gmail.com] Role:(string)roles/serviceusage.serviceUsageAdmin ForceSendFields:([]string)<nil> NullFields:([]string)<nil>} <*>{Condition:(*cloudresourcemanager.Expr)<nil> Members:([]string)[user:silasfrancis57@gmail.com] Role:(string)roles/storage.admin ForceSendFields:([]string)<nil> NullFields:([]string)<nil>}] Etag:(string)BwZaf6wJOXo= Version:(int64)1 ServerResponse:(googleapi.ServerResponse){HTTPStatusCode:(int)200 Header:(http.Header)map[X-Xss-Protection:[0] X-Content-Type-Options:[nosniff] Server-Timing:[gfet4t7; dur=308] Content-Type:[application/json; charset=UTF-8] Date:[Wed, 02 Sep 2026 23:52:36 GMT] Server:[ESF] X-Frame-Options:[SAMEORIGIN] Alt-Svc:[h3=":443"; ma=2592000,h3-29=":443"; ma=2592000] Vary:[Origin X-Origin Referer]]} ForceSendFields:([]string)<nil> NullFields:([]string)<nil>}
2026-09-03T00:52:36.379+0100 [DEBUG] provider.terraform-provider-google_v7.43.0_x5: 2026/09/03 00:52:36 [DEBUG] Unlocking "iam-project-nomad-platform-gcp"
2026-09-03T00:52:36.379+0100 [DEBUG] provider.terraform-provider-google_v7.43.0_x5: 2026/09/03 00:52:36 [DEBUG] Unlocked "iam-project-nomad-platform-gcp"
2026-09-03T00:52:36.379+0100 [DEBUG] provider.terraform-provider-google_v7.43.0_x5: 2026/09/03 00:52:36 [DEBUG]: Retrieved policy for project "nomad-platform-gcp": (*cloudresourcemanager.Policy){AuditConfigs:([]*cloudresourcemanager.AuditConfig)<nil> Bindings:([]*cloudresourcemanager.Binding)[<*>{Condition:(*cloudresourcemanager.Expr)<nil> Members:([]string)[user:silasfrancis57@gmail.com] Role:(string)roles/artifactregistry.admin ForceSendFields:([]string)<nil> NullFields:([]string)<nil>} <*>{Condition:(*cloudresourcemanager.Expr)<nil> Members:([]string)[serviceAccount:service-269674863872@gcp-sa-artifactregistry.iam.gserviceaccount.com] Role:(string)roles/artifactregistry.serviceAgent ForceSendFields:([]string)<nil> NullFields:([]string)<nil>} <*>{Condition:(*cloudresourcemanager.Expr)<nil> Members:([]string)[user:silasfrancis57@gmail.com] Role:(string)roles/cloudbuild.admin ForceSendFields:([]string)<nil> NullFields:([]string)<nil>} <*>{Condition:(*cloudresourcemanager.Expr)<nil> Members:([]string)[serviceAccount:269674863872@cloudbuild.gserviceaccount.com] Role:(string)roles/cloudbuild.builds.builder ForceSendFields:([]string)<nil> NullFields:([]string)<nil>} <*>{Condition:(*cloudresourcemanager.Expr)<nil> Members:([]string)[serviceAccount:service-269674863872@gcp-sa-cloudbuild.iam.gserviceaccount.com] Role:(string)roles/cloudbuild.serviceAgent ForceSendFields:([]string)<nil> NullFields:([]string)<nil>} <*>{Condition:(*cloudresourcemanager.Expr)<nil> Members:([]string)[serviceAccount:service-269674863872@gcp-sa-cloudkms.iam.gserviceaccount.com] Role:(string)roles/cloudkms.serviceAgent ForceSendFields:([]string)<nil> NullFields:([]string)<nil>} <*>{Condition:(*cloudresourcemanager.Expr)<nil> Members:([]string)[user:silasfrancis57@gmail.com] Role:(string)roles/compute.admin ForceSendFields:([]string)<nil> NullFields:([]string)<nil>} <*>{Condition:(*cloudresourcemanager.Expr)<nil> Members:([]string)[serviceAccount:nomad-autoscaler-dev@nomad-platform-gcp.iam.gserviceaccount.com serviceAccount:nomad-autoscaler-prod@nomad-platform-gcp.iam.gserviceaccount.com serviceAccount:packer-builder-sa@nomad-platform-gcp.iam.gserviceaccount.com user:silasfrancis57@gmail.com] Role:(string)roles/compute.instanceAdmin.v1 ForceSendFields:([]string)<nil> NullFields:([]string)<nil>} <*>{Condition:(*cloudresourcemanager.Expr)<nil> Members:([]string)[serviceAccount:269674863872@cloudservices.gserviceaccount.com] Role:(string)roles/compute.instanceGroupManagerServiceAgent ForceSendFields:([]string)<nil> NullFields:([]string)<nil>} <*>{Condition:(*cloudresourcemanager.Expr)<nil> Members:([]string)[serviceAccount:nomad-autoscaler-dev@nomad-platform-gcp.iam.gserviceaccount.com serviceAccount:nomad-autoscaler-prod@nomad-platform-gcp.iam.gserviceaccount.com serviceAccount:packer-builder-sa@nomad-platform-gcp.iam.gserviceaccount.com] Role:(string)roles/compute.networkViewer ForceSendFields:([]string)<nil> NullFields:([]string)<nil>} <*>{Condition:(*cloudresourcemanager.Expr)<nil> Members:([]string)[user:silasfrancis57@gmail.com] Role:(string)roles/compute.osAdminLogin ForceSendFields:([]string)<nil> NullFields:([]string)<nil>} <*>{Condition:(*cloudresourcemanager.Expr)<nil> Members:([]string)[user:silasfrancis57@gmail.com] Role:(string)roles/compute.osLogin ForceSendFields:([]string)<nil> NullFields:([]string)<nil>} <*>{Condition:(*cloudresourcemanager.Expr)<nil> Members:([]string)[serviceAccount:service-269674863872@compute-system.iam.gserviceaccount.com] Role:(string)roles/compute.serviceAgent ForceSendFields:([]string)<nil> NullFields:([]string)<nil>} <*>{Condition:(*cloudresourcemanager.Expr)<nil> Members:([]string)[serviceAccount:nomad-client-sa-dev@nomad-platform-gcp.iam.gserviceaccount.com serviceAccount:nomad-client-sa-prod@nomad-platform-gcp.iam.gserviceaccount.com serviceAccount:packer-builder-sa@nomad-platform-gcp.iam.gserviceaccount.com] Role:(string)roles/compute.storageAdmin ForceSendFields:([]string)<nil> NullFields:([]string)<nil>} <*>{Condition:(*cloudresourcemanager.Expr)<nil> Members:([]string)[serviceAccount:nomad-client-sa-dev@nomad-platform-gcp.iam.gserviceaccount.com serviceAccount:nomad-client-sa-prod@nomad-platform-gcp.iam.gserviceaccount.com serviceAccount:nomad-server-sa-dev@nomad-platform-gcp.iam.gserviceaccount.com serviceAccount:nomad-server-sa-prod@nomad-platform-gcp.iam.gserviceaccount.com] Role:(string)roles/compute.viewer ForceSendFields:([]string)<nil> NullFields:([]string)<nil>} <*>{Condition:(*cloudresourcemanager.Expr)<nil> Members:([]string)[serviceAccount:service-269674863872@containerregistry.iam.gserviceaccount.com] Role:(string)roles/containerregistry.ServiceAgent ForceSendFields:([]string)<nil> NullFields:([]string)<nil>} <*>{Condition:(*cloudresourcemanager.Expr)<nil> Members:([]string)[user:silasfrancis57@gmail.com] Role:(string)roles/iam.serviceAccountAdmin ForceSendFields:([]string)<nil> NullFields:([]string)<nil>} <*>{Condition:(*cloudresourcemanager.Expr)<nil> Members:([]string)[serviceAccount:management-vm-sa@nomad-platform-gcp.iam.gserviceaccount.com] Role:(string)roles/iam.serviceAccountKeyAdmin ForceSendFields:([]string)<nil> NullFields:([]string)<nil>} <*>{Condition:(*cloudresourcemanager.Expr)<nil> Members:([]string)[serviceAccount:nomad-client-sa-dev@nomad-platform-gcp.iam.gserviceaccount.com serviceAccount:nomad-client-sa-prod@nomad-platform-gcp.iam.gserviceaccount.com serviceAccount:packer-builder-sa@nomad-platform-gcp.iam.gserviceaccount.com] Role:(string)roles/iam.serviceAccountUser ForceSendFields:([]string)<nil> NullFields:([]string)<nil>} <*>{Condition:(*cloudresourcemanager.Expr)<nil> Members:([]string)[serviceAccount:packer-builder-sa@nomad-platform-gcp.iam.gserviceaccount.com user:silasfrancis57@gmail.com] Role:(string)roles/iap.tunnelResourceAccessor ForceSendFields:([]string)<nil> NullFields:([]string)<nil>} <*>{Condition:(*cloudresourcemanager.Expr)<nil> Members:([]string)[serviceAccount:269674863872-compute@developer.gserviceaccount.com serviceAccount:management-vm-sa@nomad-platform-gcp.iam.gserviceaccount.com serviceAccount:nomad-client-sa-dev@nomad-platform-gcp.iam.gserviceaccount.com serviceAccount:nomad-client-sa-prod@nomad-platform-gcp.iam.gserviceaccount.com serviceAccount:nomad-server-sa-dev@nomad-platform-gcp.iam.gserviceaccount.com serviceAccount:nomad-server-sa-prod@nomad-platform-gcp.iam.gserviceaccount.com] Role:(string)roles/logging.logWriter ForceSendFields:([]string)<nil> NullFields:([]string)<nil>} <*>{Condition:(*cloudresourcemanager.Expr)<nil> Members:([]string)[serviceAccount:management-vm-sa@nomad-platform-gcp.iam.gserviceaccount.com serviceAccount:nomad-client-sa-dev@nomad-platform-gcp.iam.gserviceaccount.com serviceAccount:nomad-client-sa-prod@nomad-platform-gcp.iam.gserviceaccount.com serviceAccount:nomad-server-sa-dev@nomad-platform-gcp.iam.gserviceaccount.com serviceAccount:nomad-server-sa-prod@nomad-platform-gcp.iam.gserviceaccount.com] Role:(string)roles/monitoring.metricWriter ForceSendFields:([]string)<nil> NullFields:([]string)<nil>} <*>{Condition:(*cloudresourcemanager.Expr)<nil> Members:([]string)[user:silasfrancis07@gmail.com user:silasfrancis57@gmail.com] Role:(string)roles/owner ForceSendFields:([]string)<nil> NullFields:([]string)<nil>} <*>{Condition:(*cloudresourcemanager.Expr)<nil> Members:([]string)[serviceAccount:service-269674863872@gcp-sa-pubsub.iam.gserviceaccount.com] Role:(string)roles/pubsub.serviceAgent ForceSendFields:([]string)<nil> NullFields:([]string)<nil>} <*>{Condition:(*cloudresourcemanager.Expr)<nil> Members:([]string)[user:silasfrancis57@gmail.com] Role:(string)roles/resourcemanager.tagUser ForceSendFields:([]string)<nil> NullFields:([]string)<nil>} <*>{Condition:(*cloudresourcemanager.Expr)<nil> Members:([]string)[user:silasfrancis57@gmail.com] Role:(string)roles/serviceusage.serviceUsageAdmin ForceSendFields:([]string)<nil> NullFields:([]string)<nil>} <*>{Condition:(*cloudresourcemanager.Expr)<nil> Members:([]string)[user:silasfrancis57@gmail.com] Role:(string)roles/storage.admin ForceSendFields:([]string)<nil> NullFields:([]string)<nil>}] Etag:(string)BwZaf6wJOXo= Version:(int64)1 ServerResponse:(googleapi.ServerResponse){HTTPStatusCode:(int)200 Header:(http.Header)map[Date:[Wed, 02 Sep 2026 23:52:36 GMT] Server:[ESF] X-Frame-Options:[SAMEORIGIN] Alt-Svc:[h3=":443"; ma=2592000,h3-29=":443"; ma=2592000] Vary:[Origin X-Origin Referer] X-Xss-Protection:[0] X-Content-Type-Options:[nosniff] Server-Timing:[gfet4t7; dur=308] Content-Type:[application/json; charset=UTF-8]]} ForceSendFields:([]string)<nil> NullFields:([]string)<nil>}
2026-09-03T00:52:36.379+0100 [DEBUG] provider.terraform-provider-google_v7.43.0_x5: 2026/09/03 00:52:36 [DEBUG]: Looking for binding with role "roles/compute.osAdminLogin" and condition tpgiamresource.conditionKey{Description:"", Expression:"", Title:""}
2026-09-03T00:52:36.379+0100 [DEBUG] provider.terraform-provider-google_v7.43.0_x5: 2026/09/03 00:52:36 [DEBUG]: Looking for member "user:silasfrancis57@gmail.com" in found binding
2026-09-03T00:52:36.402+0100 [DEBUG] provider.terraform-provider-google_v7.43.0_x5: 2026/09/03 00:52:36 [DEBUG] Google API Response Details:
2026-09-03T00:52:36.402+0100 [DEBUG] provider.terraform-provider-google_v7.43.0_x5: ---[ RESPONSE ]--------------------------------------
2026-09-03T00:52:36.402+0100 [DEBUG] provider.terraform-provider-google_v7.43.0_x5: HTTP/2.0 200 OK
2026-09-03T00:52:36.402+0100 [DEBUG] provider.terraform-provider-google_v7.43.0_x5: Alt-Svc: h3=":443"; ma=2592000,h3-29=":443"; ma=2592000
2026-09-03T00:52:36.402+0100 [DEBUG] provider.terraform-provider-google_v7.43.0_x5: Content-Type: application/json; charset=UTF-8
2026-09-03T00:52:36.402+0100 [DEBUG] provider.terraform-provider-google_v7.43.0_x5: Date: Wed, 02 Sep 2026 23:52:37 GMT
2026-09-03T00:52:36.402+0100 [DEBUG] provider.terraform-provider-google_v7.43.0_x5: Server: ESF
2026-09-03T00:52:36.402+0100 [DEBUG] provider.terraform-provider-google_v7.43.0_x5: Vary: Origin
2026-09-03T00:52:36.402+0100 [DEBUG] provider.terraform-provider-google_v7.43.0_x5: Vary: X-Origin
2026-09-03T00:52:36.402+0100 [DEBUG] provider.terraform-provider-google_v7.43.0_x5: Vary: Referer
2026-09-03T00:52:36.402+0100 [DEBUG] provider.terraform-provider-google_v7.43.0_x5: X-Content-Type-Options: nosniff
2026-09-03T00:52:36.402+0100 [DEBUG] provider.terraform-provider-google_v7.43.0_x5: X-Frame-Options: SAMEORIGIN
2026-09-03T00:52:36.402+0100 [DEBUG] provider.terraform-provider-google_v7.43.0_x5: X-Xss-Protection: 0
2026-09-03T00:52:36.402+0100 [DEBUG] provider.terraform-provider-google_v7.43.0_x5
2026-09-03T00:52:36.402+0100 [DEBUG] provider.terraform-provider-google_v7.43.0_x5: {
2026-09-03T00:52:36.402+0100 [DEBUG] provider.terraform-provider-google_v7.43.0_x5:   "kind": "compute#instance",
2026-09-03T00:52:36.402+0100 [DEBUG] provider.terraform-provider-google_v7.43.0_x5:   "id": "9017150727053461012",
2026-09-03T00:52:36.402+0100 [DEBUG] provider.terraform-provider-google_v7.43.0_x5:   "creationTimestamp": "2026-08-15T16:40:44.128-07:00",
2026-09-03T00:52:36.402+0100 [DEBUG] provider.terraform-provider-google_v7.43.0_x5:   "name": "traefik-internal",
2026-09-03T00:52:36.402+0100 [DEBUG] provider.terraform-provider-google_v7.43.0_x5:   "tags": {
2026-09-03T00:52:36.402+0100 [DEBUG] provider.terraform-provider-google_v7.43.0_x5:     "items": [
2026-09-03T00:52:36.402+0100 [DEBUG] provider.terraform-provider-google_v7.43.0_x5: "traefik"
2026-09-03T00:52:36.402+0100 [DEBUG] provider.terraform-provider-google_v7.43.0_x5:     ],
2026-09-03T00:52:36.402+0100 [DEBUG] provider.terraform-provider-google_v7.43.0_x5:     "fingerprint": "1Vk8xG8mpGg="
2026-09-03T00:52:36.402+0100 [DEBUG] provider.terraform-provider-google_v7.43.0_x5:   },
2026-09-03T00:52:36.402+0100 [DEBUG] provider.terraform-provider-google_v7.43.0_x5:   "machineType": "https://www.googleapis.com/compute/v1/projects/nomad-platform-gcp/zones/europe-west1-b/machineTypes/e2-small",
2026-09-03T00:52:36.402+0100 [DEBUG] provider.terraform-provider-google_v7.43.0_x5:   "status": "RUNNING",
2026-09-03T00:52:36.402+0100 [DEBUG] provider.terraform-provider-google_v7.43.0_x5:   "zone": "https://www.googleapis.com/compute/v1/projects/nomad-platform-gcp/zones/europe-west1-b",
2026-09-03T00:52:36.402+0100 [DEBUG] provider.terraform-provider-google_v7.43.0_x5:   "canIpForward": false,
2026-09-03T00:52:36.402+0100 [DEBUG] provider.terraform-provider-google_v7.43.0_x5:   "networkInterfaces": [
2026-09-03T00:52:36.402+0100 [DEBUG] provider.terraform-provider-google_v7.43.0_x5:     {
2026-09-03T00:52:36.402+0100 [DEBUG] provider.terraform-provider-google_v7.43.0_x5:       "kind": "compute#networkInterface",
2026-09-03T00:52:36.402+0100 [DEBUG] provider.terraform-provider-google_v7.43.0_x5:       "network": "https://www.googleapis.com/compute/v1/projects/nomad-platform-gcp/global/networks/nomad-platform",
2026-09-03T00:52:36.402+0100 [DEBUG] provider.terraform-provider-google_v7.43.0_x5:       "subnetwork": "https://www.googleapis.com/compute/v1/projects/nomad-platform-gcp/regions/europe-west1/subnetworks/subnet-mgmt",
2026-09-03T00:52:36.403+0100 [DEBUG] provider.terraform-provider-google_v7.43.0_x5:       "networkIP": "10.2.1.54",
2026-09-03T00:52:36.403+0100 [DEBUG] provider.terraform-provider-google_v7.43.0_x5:       "name": "nic0",
2026-09-03T00:52:36.403+0100 [DEBUG] provider.terraform-provider-google_v7.43.0_x5:       "fingerprint": "IWB76dD4lwM=",
2026-09-03T00:52:36.403+0100 [DEBUG] provider.terraform-provider-google_v7.43.0_x5:       "stackType": "IPV4_ONLY"
2026-09-03T00:52:36.403+0100 [DEBUG] provider.terraform-provider-google_v7.43.0_x5:     }
2026-09-03T00:52:36.403+0100 [DEBUG] provider.terraform-provider-google_v7.43.0_x5:   ],
2026-09-03T00:52:36.403+0100 [DEBUG] provider.terraform-provider-google_v7.43.0_x5:   "disks": [
2026-09-03T00:52:36.403+0100 [DEBUG] provider.terraform-provider-google_v7.43.0_x5:     {
2026-09-03T00:52:36.403+0100 [DEBUG] provider.terraform-provider-google_v7.43.0_x5:       "kind": "compute#attachedDisk",
2026-09-03T00:52:36.403+0100 [DEBUG] provider.terraform-provider-google_v7.43.0_x5:       "type": "PERSISTENT",
2026-09-03T00:52:36.403+0100 [DEBUG] provider.terraform-provider-google_v7.43.0_x5:       "mode": "READ_WRITE",
2026-09-03T00:52:36.403+0100 [DEBUG] provider.terraform-provider-google_v7.43.0_x5:       "source": "https://www.googleapis.com/compute/v1/projects/nomad-platform-gcp/zones/europe-west1-b/disks/traefik-internal",
2026-09-03T00:52:36.403+0100 [DEBUG] provider.terraform-provider-google_v7.43.0_x5:       "deviceName": "persistent-disk-0",
2026-09-03T00:52:36.403+0100 [DEBUG] provider.terraform-provider-google_v7.43.0_x5:       "index": 0,
2026-09-03T00:52:36.403+0100 [DEBUG] provider.terraform-provider-google_v7.43.0_x5:       "boot": true,
2026-09-03T00:52:36.403+0100 [DEBUG] provider.terraform-provider-google_v7.43.0_x5:       "autoDelete": true,
2026-09-03T00:52:36.403+0100 [DEBUG] provider.terraform-provider-google_v7.43.0_x5:       "licenses": [
2026-09-03T00:52:36.403+0100 [DEBUG] provider.terraform-provider-google_v7.43.0_x5: "https://www.googleapis.com/compute/v1/projects/debian-cloud/global/licenses/debian-12-bookworm"
2026-09-03T00:52:36.403+0100 [DEBUG] provider.terraform-provider-google_v7.43.0_x5:       ],
2026-09-03T00:52:36.403+0100 [DEBUG] provider.terraform-provider-google_v7.43.0_x5:       "interface": "SCSI",
2026-09-03T00:52:36.403+0100 [DEBUG] provider.terraform-provider-google_v7.43.0_x5:       "guestOsFeatures": [
2026-09-03T00:52:36.403+0100 [DEBUG] provider.terraform-provider-google_v7.43.0_x5:         {
2026-09-03T00:52:36.403+0100 [DEBUG] provider.terraform-provider-google_v7.43.0_x5:           "type": "UEFI_COMPATIBLE"
2026-09-03T00:52:36.403+0100 [DEBUG] provider.terraform-provider-google_v7.43.0_x5:         },
2026-09-03T00:52:36.403+0100 [DEBUG] provider.terraform-provider-google_v7.43.0_x5:         {
2026-09-03T00:52:36.403+0100 [DEBUG] provider.terraform-provider-google_v7.43.0_x5:           "type": "VIRTIO_SCSI_MULTIQUEUE"
2026-09-03T00:52:36.403+0100 [DEBUG] provider.terraform-provider-google_v7.43.0_x5:         },
2026-09-03T00:52:36.403+0100 [DEBUG] provider.terraform-provider-google_v7.43.0_x5:         {
2026-09-03T00:52:36.403+0100 [DEBUG] provider.terraform-provider-google_v7.43.0_x5:           "type": "GVNIC"
2026-09-03T00:52:36.403+0100 [DEBUG] provider.terraform-provider-google_v7.43.0_x5:         },
2026-09-03T00:52:36.403+0100 [DEBUG] provider.terraform-provider-google_v7.43.0_x5:         {
2026-09-03T00:52:36.403+0100 [DEBUG] provider.terraform-provider-google_v7.43.0_x5:           "type": "SEV_CAPABLE"
2026-09-03T00:52:36.403+0100 [DEBUG] provider.terraform-provider-google_v7.43.0_x5:         },
2026-09-03T00:52:36.403+0100 [DEBUG] provider.terraform-provider-google_v7.43.0_x5:         {
2026-09-03T00:52:36.403+0100 [DEBUG] provider.terraform-provider-google_v7.43.0_x5:           "type": "SEV_LIVE_MIGRATABLE_V2"
2026-09-03T00:52:36.403+0100 [DEBUG] provider.terraform-provider-google_v7.43.0_x5:         }
2026-09-03T00:52:36.403+0100 [DEBUG] provider.terraform-provider-google_v7.43.0_x5:       ],
2026-09-03T00:52:36.403+0100 [DEBUG] provider.terraform-provider-google_v7.43.0_x5:       "diskEncryptionKey": {
2026-09-03T00:52:36.403+0100 [DEBUG] provider.terraform-provider-google_v7.43.0_x5:         "kmsKeyServiceAccount": "",
2026-09-03T00:52:36.403+0100 [DEBUG] provider.terraform-provider-google_v7.43.0_x5:         "kmsKeyName": "projects/nomad-platform-gcp/locations/europe-west1/keyRings/platform/cryptoKeys/disk-cmek/cryptoKeyVersions/1"
2026-09-03T00:52:36.403+0100 [DEBUG] provider.terraform-provider-google_v7.43.0_x5:       },
2026-09-03T00:52:36.403+0100 [DEBUG] provider.terraform-provider-google_v7.43.0_x5:       "diskSizeGb": "20",
2026-09-03T00:52:36.403+0100 [DEBUG] provider.terraform-provider-google_v7.43.0_x5:       "architecture": "X86_64"
2026-09-03T00:52:36.403+0100 [DEBUG] provider.terraform-provider-google_v7.43.0_x5:     }
2026-09-03T00:52:36.403+0100 [DEBUG] provider.terraform-provider-google_v7.43.0_x5:   ],
2026-09-03T00:52:36.403+0100 [DEBUG] provider.terraform-provider-google_v7.43.0_x5:   "metadata": {
2026-09-03T00:52:36.403+0100 [DEBUG] provider.terraform-provider-google_v7.43.0_x5:     "kind": "compute#metadata",
2026-09-03T00:52:36.403+0100 [DEBUG] provider.terraform-provider-google_v7.43.0_x5:     "fingerprint": "o7PmI77RZa4=",
2026-09-03T00:52:36.403+0100 [DEBUG] provider.terraform-provider-google_v7.43.0_x5:     "items": [
2026-09-03T00:52:36.403+0100 [DEBUG] provider.terraform-provider-google_v7.43.0_x5:       {
2026-09-03T00:52:36.403+0100 [DEBUG] provider.terraform-provider-google_v7.43.0_x5:         "key": "env",
2026-09-03T00:52:36.403+0100 [DEBUG] provider.terraform-provider-google_v7.43.0_x5:         "value": "shared"
2026-09-03T00:52:36.403+0100 [DEBUG] provider.terraform-provider-google_v7.43.0_x5:       }
2026-09-03T00:52:36.403+0100 [DEBUG] provider.terraform-provider-google_v7.43.0_x5:     ]
2026-09-03T00:52:36.403+0100 [DEBUG] provider.terraform-provider-google_v7.43.0_x5:   },
2026-09-03T00:52:36.403+0100 [DEBUG] provider.terraform-provider-google_v7.43.0_x5:   "serviceAccounts": [
2026-09-03T00:52:36.403+0100 [DEBUG] provider.terraform-provider-google_v7.43.0_x5:     {
2026-09-03T00:52:36.403+0100 [DEBUG] provider.terraform-provider-google_v7.43.0_x5:       "email": "traefik-vm-sa-internal@nomad-platform-gcp.iam.gserviceaccount.com",
2026-09-03T00:52:36.403+0100 [DEBUG] provider.terraform-provider-google_v7.43.0_x5:       "scopes": [
2026-09-03T00:52:36.403+0100 [DEBUG] provider.terraform-provider-google_v7.43.0_x5: "https://www.googleapis.com/auth/cloud-platform"
2026-09-03T00:52:36.403+0100 [DEBUG] provider.terraform-provider-google_v7.43.0_x5:       ]
2026-09-03T00:52:36.403+0100 [DEBUG] provider.terraform-provider-google_v7.43.0_x5:     }
2026-09-03T00:52:36.403+0100 [DEBUG] provider.terraform-provider-google_v7.43.0_x5:   ],
2026-09-03T00:52:36.403+0100 [DEBUG] provider.terraform-provider-google_v7.43.0_x5:   "selfLink": "https://www.googleapis.com/compute/v1/projects/nomad-platform-gcp/zones/europe-west1-b/instances/traefik-internal",
2026-09-03T00:52:36.403+0100 [DEBUG] provider.terraform-provider-google_v7.43.0_x5:   "scheduling": {
2026-09-03T00:52:36.403+0100 [DEBUG] provider.terraform-provider-google_v7.43.0_x5:     "onHostMaintenance": "MIGRATE",
2026-09-03T00:52:36.403+0100 [DEBUG] provider.terraform-provider-google_v7.43.0_x5:     "automaticRestart": true,
2026-09-03T00:52:36.403+0100 [DEBUG] provider.terraform-provider-google_v7.43.0_x5:     "preemptible": false,
2026-09-03T00:52:36.403+0100 [DEBUG] provider.terraform-provider-google_v7.43.0_x5:     "provisioningModel": "STANDARD"
2026-09-03T00:52:36.403+0100 [DEBUG] provider.terraform-provider-google_v7.43.0_x5:   },
2026-09-03T00:52:36.403+0100 [DEBUG] provider.terraform-provider-google_v7.43.0_x5:   "cpuPlatform": "Intel Broadwell",
2026-09-03T00:52:36.403+0100 [DEBUG] provider.terraform-provider-google_v7.43.0_x5:   "labels": {
2026-09-03T00:52:36.403+0100 [DEBUG] provider.terraform-provider-google_v7.43.0_x5:     "goog-terraform-provisioned": "true",
2026-09-03T00:52:36.403+0100 [DEBUG] provider.terraform-provider-google_v7.43.0_x5:     "role": "traefik-internal"
2026-09-03T00:52:36.403+0100 [DEBUG] provider.terraform-provider-google_v7.43.0_x5:   },
2026-09-03T00:52:36.403+0100 [DEBUG] provider.terraform-provider-google_v7.43.0_x5:   "labelFingerprint": "4dCnHz2SRko=",
2026-09-03T00:52:36.403+0100 [DEBUG] provider.terraform-provider-google_v7.43.0_x5:   "startRestricted": false,
2026-09-03T00:52:36.403+0100 [DEBUG] provider.terraform-provider-google_v7.43.0_x5:   "deletionProtection": false,
2026-09-03T00:52:36.403+0100 [DEBUG] provider.terraform-provider-google_v7.43.0_x5:   "shieldedInstanceConfig": {
2026-09-03T00:52:36.403+0100 [DEBUG] provider.terraform-provider-google_v7.43.0_x5:     "enableSecureBoot": false,
2026-09-03T00:52:36.403+0100 [DEBUG] provider.terraform-provider-google_v7.43.0_x5:     "enableVtpm": true,
2026-09-03T00:52:36.403+0100 [DEBUG] provider.terraform-provider-google_v7.43.0_x5:     "enableIntegrityMonitoring": true
2026-09-03T00:52:36.403+0100 [DEBUG] provider.terraform-provider-google_v7.43.0_x5:   },
2026-09-03T00:52:36.403+0100 [DEBUG] provider.terraform-provider-google_v7.43.0_x5:   "shieldedInstanceIntegrityPolicy": {
2026-09-03T00:52:36.403+0100 [DEBUG] provider.terraform-provider-google_v7.43.0_x5:     "updateAutoLearnPolicy": true
2026-09-03T00:52:36.403+0100 [DEBUG] provider.terraform-provider-google_v7.43.0_x5:   },
2026-09-03T00:52:36.403+0100 [DEBUG] provider.terraform-provider-google_v7.43.0_x5:   "fingerprint": "f9izpF10C7M=",
2026-09-03T00:52:36.403+0100 [DEBUG] provider.terraform-provider-google_v7.43.0_x5:   "lastStartTimestamp": "2026-08-15T16:40:51.414-07:00",
2026-09-03T00:52:36.403+0100 [DEBUG] provider.terraform-provider-google_v7.43.0_x5:   "satisfiesPzi": true,
2026-09-03T00:52:36.403+0100 [DEBUG] provider.terraform-provider-google_v7.43.0_x5:   "resourceStatus": {
2026-09-03T00:52:36.403+0100 [DEBUG] provider.terraform-provider-google_v7.43.0_x5:     "effectiveInstanceMetadata": {
2026-09-03T00:52:36.403+0100 [DEBUG] provider.terraform-provider-google_v7.43.0_x5:       "vmDnsSettingMetadataValue": "ZonalOnly",
2026-09-03T00:52:36.403+0100 [DEBUG] provider.terraform-provider-google_v7.43.0_x5:       "enableOsloginMetadataValue": true
2026-09-03T00:52:36.403+0100 [DEBUG] provider.terraform-provider-google_v7.43.0_x5:     }
2026-09-03T00:52:36.403+0100 [DEBUG] provider.terraform-provider-google_v7.43.0_x5:   }
2026-09-03T00:52:36.403+0100 [DEBUG] provider.terraform-provider-google_v7.43.0_x5: }
2026-09-03T00:52:36.403+0100 [DEBUG] provider.terraform-provider-google_v7.43.0_x5
2026-09-03T00:52:36.403+0100 [DEBUG] provider.terraform-provider-google_v7.43.0_x5: -----------------------------------------------------
2026-09-03T00:52:36.403+0100 [DEBUG] provider.terraform-provider-google_v7.43.0_x5: 2026/09/03 00:52:36 [DEBUG] Waiting for state to become: [success]
2026-09-03T00:52:36.403+0100 [DEBUG] provider.terraform-provider-google_v7.43.0_x5: 2026/09/03 00:52:36 [DEBUG] Google API Request Details:
2026-09-03T00:52:36.403+0100 [DEBUG] provider.terraform-provider-google_v7.43.0_x5: ---[ REQUEST ]---------------------------------------
2026-09-03T00:52:36.403+0100 [DEBUG] provider.terraform-provider-google_v7.43.0_x5: GET /compute/v1/projects/nomad-platform-gcp/zones/europe-west1-b/disks/traefik-internal?alt=json HTTP/1.1
2026-09-03T00:52:36.403+0100 [DEBUG] provider.terraform-provider-google_v7.43.0_x5: Host: compute.googleapis.com
2026-09-03T00:52:36.403+0100 [DEBUG] provider.terraform-provider-google_v7.43.0_x5: User-Agent: Terraform/1.15.8 (+https://www.terraform.io) Terraform-Plugin-SDK/2.40.1 terraform-provider-google/7.43.0
2026-09-03T00:52:36.403+0100 [DEBUG] provider.terraform-provider-google_v7.43.0_x5: Content-Type: application/json
2026-09-03T00:52:36.403+0100 [DEBUG] provider.terraform-provider-google_v7.43.0_x5: Accept-Encoding: gzip
2026-09-03T00:52:36.403+0100 [DEBUG] provider.terraform-provider-google_v7.43.0_x5
2026-09-03T00:52:36.403+0100 [DEBUG] provider.terraform-provider-google_v7.43.0_x5
2026-09-03T00:52:36.403+0100 [DEBUG] provider.terraform-provider-google_v7.43.0_x5: -----------------------------------------------------
2026-09-03T00:52:36.417+0100 [DEBUG] provider.terraform-provider-google_v7.43.0_x5: 2026/09/03 00:52:36 [DEBUG] Google API Response Details:
2026-09-03T00:52:36.417+0100 [DEBUG] provider.terraform-provider-google_v7.43.0_x5: ---[ RESPONSE ]--------------------------------------
2026-09-03T00:52:36.417+0100 [DEBUG] provider.terraform-provider-google_v7.43.0_x5: HTTP/2.0 200 OK
2026-09-03T00:52:36.417+0100 [DEBUG] provider.terraform-provider-google_v7.43.0_x5: Alt-Svc: h3=":443"; ma=2592000,h3-29=":443"; ma=2592000
2026-09-03T00:52:36.417+0100 [DEBUG] provider.terraform-provider-google_v7.43.0_x5: Content-Type: application/json; charset=UTF-8
2026-09-03T00:52:36.417+0100 [DEBUG] provider.terraform-provider-google_v7.43.0_x5: Date: Wed, 02 Sep 2026 23:52:37 GMT
2026-09-03T00:52:36.417+0100 [DEBUG] provider.terraform-provider-google_v7.43.0_x5: Server: ESF
2026-09-03T00:52:36.417+0100 [DEBUG] provider.terraform-provider-google_v7.43.0_x5: Vary: Origin
2026-09-03T00:52:36.417+0100 [DEBUG] provider.terraform-provider-google_v7.43.0_x5: Vary: X-Origin
2026-09-03T00:52:36.417+0100 [DEBUG] provider.terraform-provider-google_v7.43.0_x5: Vary: Referer
2026-09-03T00:52:36.417+0100 [DEBUG] provider.terraform-provider-google_v7.43.0_x5: X-Content-Type-Options: nosniff
2026-09-03T00:52:36.417+0100 [DEBUG] provider.terraform-provider-google_v7.43.0_x5: X-Frame-Options: SAMEORIGIN
2026-09-03T00:52:36.417+0100 [DEBUG] provider.terraform-provider-google_v7.43.0_x5: X-Xss-Protection: 0
2026-09-03T00:52:36.417+0100 [DEBUG] provider.terraform-provider-google_v7.43.0_x5
2026-09-03T00:52:36.417+0100 [DEBUG] provider.terraform-provider-google_v7.43.0_x5: {
2026-09-03T00:52:36.417+0100 [DEBUG] provider.terraform-provider-google_v7.43.0_x5:   "kind": "compute#instance",
2026-09-03T00:52:36.417+0100 [DEBUG] provider.terraform-provider-google_v7.43.0_x5:   "id": "548604860164818452",
2026-09-03T00:52:36.417+0100 [DEBUG] provider.terraform-provider-google_v7.43.0_x5:   "creationTimestamp": "2026-08-15T16:40:43.948-07:00",
2026-09-03T00:52:36.417+0100 [DEBUG] provider.terraform-provider-google_v7.43.0_x5:   "name": "mgmt-vm",
2026-09-03T00:52:36.417+0100 [DEBUG] provider.terraform-provider-google_v7.43.0_x5:   "tags": {
2026-09-03T00:52:36.417+0100 [DEBUG] provider.terraform-provider-google_v7.43.0_x5:     "items": [
2026-09-03T00:52:36.418+0100 [DEBUG] provider.terraform-provider-google_v7.43.0_x5: "mgmt"
2026-09-03T00:52:36.418+0100 [DEBUG] provider.terraform-provider-google_v7.43.0_x5:     ],
2026-09-03T00:52:36.418+0100 [DEBUG] provider.terraform-provider-google_v7.43.0_x5:     "fingerprint": "nZ7-y6lSF28="
2026-09-03T00:52:36.418+0100 [DEBUG] provider.terraform-provider-google_v7.43.0_x5:   },
2026-09-03T00:52:36.418+0100 [DEBUG] provider.terraform-provider-google_v7.43.0_x5:   "machineType": "https://www.googleapis.com/compute/v1/projects/nomad-platform-gcp/zones/europe-west1-b/machineTypes/e2-standard-2",
2026-09-03T00:52:36.418+0100 [DEBUG] provider.terraform-provider-google_v7.43.0_x5:   "status": "RUNNING",
2026-09-03T00:52:36.418+0100 [DEBUG] provider.terraform-provider-google_v7.43.0_x5:   "zone": "https://www.googleapis.com/compute/v1/projects/nomad-platform-gcp/zones/europe-west1-b",
2026-09-03T00:52:36.418+0100 [DEBUG] provider.terraform-provider-google_v7.43.0_x5:   "canIpForward": false,
2026-09-03T00:52:36.418+0100 [DEBUG] provider.terraform-provider-google_v7.43.0_x5:   "networkInterfaces": [
2026-09-03T00:52:36.418+0100 [DEBUG] provider.terraform-provider-google_v7.43.0_x5:     {
2026-09-03T00:52:36.418+0100 [DEBUG] provider.terraform-provider-google_v7.43.0_x5:       "kind": "compute#networkInterface",
2026-09-03T00:52:36.418+0100 [DEBUG] provider.terraform-provider-google_v7.43.0_x5:       "network": "https://www.googleapis.com/compute/v1/projects/nomad-platform-gcp/global/networks/nomad-platform",
2026-09-03T00:52:36.418+0100 [DEBUG] provider.terraform-provider-google_v7.43.0_x5:       "subnetwork": "https://www.googleapis.com/compute/v1/projects/nomad-platform-gcp/regions/europe-west1/subnetworks/subnet-mgmt",
2026-09-03T00:52:36.418+0100 [DEBUG] provider.terraform-provider-google_v7.43.0_x5:       "networkIP": "10.2.1.53",
2026-09-03T00:52:36.418+0100 [DEBUG] provider.terraform-provider-google_v7.43.0_x5:       "name": "nic0",
2026-09-03T00:52:36.418+0100 [DEBUG] provider.terraform-provider-google_v7.43.0_x5:       "fingerprint": "JpGADjRwjrQ=",
2026-09-03T00:52:36.418+0100 [DEBUG] provider.terraform-provider-google_v7.43.0_x5:       "stackType": "IPV4_ONLY"
2026-09-03T00:52:36.418+0100 [DEBUG] provider.terraform-provider-google_v7.43.0_x5:     }
2026-09-03T00:52:36.418+0100 [DEBUG] provider.terraform-provider-google_v7.43.0_x5:   ],
2026-09-03T00:52:36.418+0100 [DEBUG] provider.terraform-provider-google_v7.43.0_x5:   "disks": [
2026-09-03T00:52:36.418+0100 [DEBUG] provider.terraform-provider-google_v7.43.0_x5:     {
2026-09-03T00:52:36.418+0100 [DEBUG] provider.terraform-provider-google_v7.43.0_x5:       "kind": "compute#attachedDisk",
2026-09-03T00:52:36.418+0100 [DEBUG] provider.terraform-provider-google_v7.43.0_x5:       "type": "PERSISTENT",
2026-09-03T00:52:36.418+0100 [DEBUG] provider.terraform-provider-google_v7.43.0_x5:       "mode": "READ_WRITE",
2026-09-03T00:52:36.418+0100 [DEBUG] provider.terraform-provider-google_v7.43.0_x5:       "source": "https://www.googleapis.com/compute/v1/projects/nomad-platform-gcp/zones/europe-west1-b/disks/mgmt-vm",
2026-09-03T00:52:36.418+0100 [DEBUG] provider.terraform-provider-google_v7.43.0_x5:       "deviceName": "persistent-disk-0",
2026-09-03T00:52:36.418+0100 [DEBUG] provider.terraform-provider-google_v7.43.0_x5:       "index": 0,
2026-09-03T00:52:36.418+0100 [DEBUG] provider.terraform-provider-google_v7.43.0_x5:       "boot": true,
2026-09-03T00:52:36.418+0100 [DEBUG] provider.terraform-provider-google_v7.43.0_x5:       "autoDelete": true,
2026-09-03T00:52:36.418+0100 [DEBUG] provider.terraform-provider-google_v7.43.0_x5:       "licenses": [
2026-09-03T00:52:36.418+0100 [DEBUG] provider.terraform-provider-google_v7.43.0_x5: "https://www.googleapis.com/compute/v1/projects/debian-cloud/global/licenses/debian-12-bookworm"
2026-09-03T00:52:36.418+0100 [DEBUG] provider.terraform-provider-google_v7.43.0_x5:       ],
2026-09-03T00:52:36.418+0100 [DEBUG] provider.terraform-provider-google_v7.43.0_x5:       "interface": "SCSI",
2026-09-03T00:52:36.418+0100 [DEBUG] provider.terraform-provider-google_v7.43.0_x5:       "guestOsFeatures": [
2026-09-03T00:52:36.418+0100 [DEBUG] provider.terraform-provider-google_v7.43.0_x5:         {
2026-09-03T00:52:36.418+0100 [DEBUG] provider.terraform-provider-google_v7.43.0_x5:           "type": "UEFI_COMPATIBLE"
2026-09-03T00:52:36.418+0100 [DEBUG] provider.terraform-provider-google_v7.43.0_x5:         },
2026-09-03T00:52:36.418+0100 [DEBUG] provider.terraform-provider-google_v7.43.0_x5:         {
2026-09-03T00:52:36.418+0100 [DEBUG] provider.terraform-provider-google_v7.43.0_x5:           "type": "VIRTIO_SCSI_MULTIQUEUE"
2026-09-03T00:52:36.418+0100 [DEBUG] provider.terraform-provider-google_v7.43.0_x5:         },
2026-09-03T00:52:36.418+0100 [DEBUG] provider.terraform-provider-google_v7.43.0_x5:         {
2026-09-03T00:52:36.418+0100 [DEBUG] provider.terraform-provider-google_v7.43.0_x5:           "type": "GVNIC"
2026-09-03T00:52:36.418+0100 [DEBUG] provider.terraform-provider-google_v7.43.0_x5:         },
2026-09-03T00:52:36.418+0100 [DEBUG] provider.terraform-provider-google_v7.43.0_x5:         {
2026-09-03T00:52:36.418+0100 [DEBUG] provider.terraform-provider-google_v7.43.0_x5:           "type": "SEV_CAPABLE"
2026-09-03T00:52:36.418+0100 [DEBUG] provider.terraform-provider-google_v7.43.0_x5:         },
2026-09-03T00:52:36.418+0100 [DEBUG] provider.terraform-provider-google_v7.43.0_x5:         {
2026-09-03T00:52:36.418+0100 [DEBUG] provider.terraform-provider-google_v7.43.0_x5:           "type": "SEV_LIVE_MIGRATABLE_V2"
2026-09-03T00:52:36.418+0100 [DEBUG] provider.terraform-provider-google_v7.43.0_x5:         }
2026-09-03T00:52:36.418+0100 [DEBUG] provider.terraform-provider-google_v7.43.0_x5:       ],
2026-09-03T00:52:36.418+0100 [DEBUG] provider.terraform-provider-google_v7.43.0_x5:       "diskEncryptionKey": {
2026-09-03T00:52:36.418+0100 [DEBUG] provider.terraform-provider-google_v7.43.0_x5:         "kmsKeyServiceAccount": "",
2026-09-03T00:52:36.418+0100 [DEBUG] provider.terraform-provider-google_v7.43.0_x5:         "kmsKeyName": "projects/nomad-platform-gcp/locations/europe-west1/keyRings/platform/cryptoKeys/disk-cmek/cryptoKeyVersions/1"
2026-09-03T00:52:36.418+0100 [DEBUG] provider.terraform-provider-google_v7.43.0_x5:       },
2026-09-03T00:52:36.418+0100 [DEBUG] provider.terraform-provider-google_v7.43.0_x5:       "diskSizeGb": "50",
2026-09-03T00:52:36.418+0100 [DEBUG] provider.terraform-provider-google_v7.43.0_x5:       "architecture": "X86_64"
2026-09-03T00:52:36.418+0100 [DEBUG] provider.terraform-provider-google_v7.43.0_x5:     },
2026-09-03T00:52:36.418+0100 [DEBUG] provider.terraform-provider-google_v7.43.0_x5:     {
2026-09-03T00:52:36.418+0100 [DEBUG] provider.terraform-provider-google_v7.43.0_x5:       "kind": "compute#attachedDisk",
2026-09-03T00:52:36.418+0100 [DEBUG] provider.terraform-provider-google_v7.43.0_x5:       "type": "PERSISTENT",
2026-09-03T00:52:36.418+0100 [DEBUG] provider.terraform-provider-google_v7.43.0_x5:       "mode": "READ_WRITE",
2026-09-03T00:52:36.418+0100 [DEBUG] provider.terraform-provider-google_v7.43.0_x5:       "source": "https://www.googleapis.com/compute/v1/projects/nomad-platform-gcp/zones/europe-west1-b/disks/mgmt-vm-docker-data",
2026-09-03T00:52:36.418+0100 [DEBUG] provider.terraform-provider-google_v7.43.0_x5:       "deviceName": "docker-data",
2026-09-03T00:52:36.418+0100 [DEBUG] provider.terraform-provider-google_v7.43.0_x5:       "index": 1,
2026-09-03T00:52:36.418+0100 [DEBUG] provider.terraform-provider-google_v7.43.0_x5:       "boot": false,
2026-09-03T00:52:36.418+0100 [DEBUG] provider.terraform-provider-google_v7.43.0_x5:       "autoDelete": false,
2026-09-03T00:52:36.418+0100 [DEBUG] provider.terraform-provider-google_v7.43.0_x5:       "interface": "SCSI",
2026-09-03T00:52:36.418+0100 [DEBUG] provider.terraform-provider-google_v7.43.0_x5:       "diskEncryptionKey": {
2026-09-03T00:52:36.418+0100 [DEBUG] provider.terraform-provider-google_v7.43.0_x5:         "kmsKeyServiceAccount": "",
2026-09-03T00:52:36.418+0100 [DEBUG] provider.terraform-provider-google_v7.43.0_x5:         "kmsKeyName": "projects/nomad-platform-gcp/locations/europe-west1/keyRings/platform/cryptoKeys/disk-cmek/cryptoKeyVersions/1"
2026-09-03T00:52:36.418+0100 [DEBUG] provider.terraform-provider-google_v7.43.0_x5:       },
2026-09-03T00:52:36.418+0100 [DEBUG] provider.terraform-provider-google_v7.43.0_x5:       "diskSizeGb": "50"
2026-09-03T00:52:36.418+0100 [DEBUG] provider.terraform-provider-google_v7.43.0_x5:     },
2026-09-03T00:52:36.418+0100 [DEBUG] provider.terraform-provider-google_v7.43.0_x5:     {
2026-09-03T00:52:36.418+0100 [DEBUG] provider.terraform-provider-google_v7.43.0_x5:       "kind": "compute#attachedDisk",
2026-09-03T00:52:36.418+0100 [DEBUG] provider.terraform-provider-google_v7.43.0_x5:       "type": "PERSISTENT",
2026-09-03T00:52:36.418+0100 [DEBUG] provider.terraform-provider-google_v7.43.0_x5:       "mode": "READ_WRITE",
2026-09-03T00:52:36.418+0100 [DEBUG] provider.terraform-provider-google_v7.43.0_x5:       "source": "https://www.googleapis.com/compute/v1/projects/nomad-platform-gcp/zones/europe-west1-b/disks/mgmt-vm-sql-data",
2026-09-03T00:52:36.418+0100 [DEBUG] provider.terraform-provider-google_v7.43.0_x5:       "deviceName": "sql-data",
2026-09-03T00:52:36.418+0100 [DEBUG] provider.terraform-provider-google_v7.43.0_x5:       "index": 2,
2026-09-03T00:52:36.418+0100 [DEBUG] provider.terraform-provider-google_v7.43.0_x5:       "boot": false,
2026-09-03T00:52:36.418+0100 [DEBUG] provider.terraform-provider-google_v7.43.0_x5:       "autoDelete": false,
2026-09-03T00:52:36.418+0100 [DEBUG] provider.terraform-provider-google_v7.43.0_x5:       "interface": "SCSI",
2026-09-03T00:52:36.418+0100 [DEBUG] provider.terraform-provider-google_v7.43.0_x5:       "diskEncryptionKey": {
2026-09-03T00:52:36.418+0100 [DEBUG] provider.terraform-provider-google_v7.43.0_x5:         "kmsKeyServiceAccount": "",
2026-09-03T00:52:36.418+0100 [DEBUG] provider.terraform-provider-google_v7.43.0_x5:         "kmsKeyName": "projects/nomad-platform-gcp/locations/europe-west1/keyRings/platform/cryptoKeys/disk-cmek/cryptoKeyVersions/1"
2026-09-03T00:52:36.418+0100 [DEBUG] provider.terraform-provider-google_v7.43.0_x5:       },
2026-09-03T00:52:36.418+0100 [DEBUG] provider.terraform-provider-google_v7.43.0_x5:       "diskSizeGb": "30"
2026-09-03T00:52:36.418+0100 [DEBUG] provider.terraform-provider-google_v7.43.0_x5:     },
2026-09-03T00:52:36.418+0100 [DEBUG] provider.terraform-provider-google_v7.43.0_x5:     {
2026-09-03T00:52:36.418+0100 [DEBUG] provider.terraform-provider-google_v7.43.0_x5:       "kind": "compute#attachedDisk",
2026-09-03T00:52:36.418+0100 [DEBUG] provider.terraform-provider-google_v7.43.0_x5:       "type": "PERSISTENT",
2026-09-03T00:52:36.418+0100 [DEBUG] provider.terraform-provider-google_v7.43.0_x5:       "mode": "READ_WRITE",
2026-09-03T00:52:36.418+0100 [DEBUG] provider.terraform-provider-google_v7.43.0_x5:       "source": "https://www.googleapis.com/compute/v1/projects/nomad-platform-gcp/zones/europe-west1-b/disks/mgmt-vm-vault-data",
2026-09-03T00:52:36.418+0100 [DEBUG] provider.terraform-provider-google_v7.43.0_x5:       "deviceName": "vault-data",
2026-09-03T00:52:36.418+0100 [DEBUG] provider.terraform-provider-google_v7.43.0_x5:       "index": 3,
2026-09-03T00:52:36.418+0100 [DEBUG] provider.terraform-provider-google_v7.43.0_x5:       "boot": false,
2026-09-03T00:52:36.418+0100 [DEBUG] provider.terraform-provider-google_v7.43.0_x5:       "autoDelete": false,
2026-09-03T00:52:36.418+0100 [DEBUG] provider.terraform-provider-google_v7.43.0_x5:       "interface": "SCSI",
2026-09-03T00:52:36.418+0100 [DEBUG] provider.terraform-provider-google_v7.43.0_x5:       "diskEncryptionKey": {
2026-09-03T00:52:36.418+0100 [DEBUG] provider.terraform-provider-google_v7.43.0_x5:         "kmsKeyServiceAccount": "",
2026-09-03T00:52:36.418+0100 [DEBUG] provider.terraform-provider-google_v7.43.0_x5:         "kmsKeyName": "projects/nomad-platform-gcp/locations/europe-west1/keyRings/platform/cryptoKeys/disk-cmek/cryptoKeyVersions/1"
2026-09-03T00:52:36.418+0100 [DEBUG] provider.terraform-provider-google_v7.43.0_x5:       },
2026-09-03T00:52:36.418+0100 [DEBUG] provider.terraform-provider-google_v7.43.0_x5:       "diskSizeGb": "20"
2026-09-03T00:52:36.418+0100 [DEBUG] provider.terraform-provider-google_v7.43.0_x5:     }
2026-09-03T00:52:36.418+0100 [DEBUG] provider.terraform-provider-google_v7.43.0_x5:   ],
2026-09-03T00:52:36.418+0100 [DEBUG] provider.terraform-provider-google_v7.43.0_x5:   "metadata": {
2026-09-03T00:52:36.418+0100 [DEBUG] provider.terraform-provider-google_v7.43.0_x5:     "kind": "compute#metadata",
2026-09-03T00:52:36.418+0100 [DEBUG] provider.terraform-provider-google_v7.43.0_x5:     "fingerprint": "o7PmI77RZa4=",
2026-09-03T00:52:36.418+0100 [DEBUG] provider.terraform-provider-google_v7.43.0_x5:     "items": [
2026-09-03T00:52:36.418+0100 [DEBUG] provider.terraform-provider-google_v7.43.0_x5:       {
2026-09-03T00:52:36.418+0100 [DEBUG] provider.terraform-provider-google_v7.43.0_x5:         "key": "env",
2026-09-03T00:52:36.418+0100 [DEBUG] provider.terraform-provider-google_v7.43.0_x5:         "value": "shared"
2026-09-03T00:52:36.418+0100 [DEBUG] provider.terraform-provider-google_v7.43.0_x5:       }
2026-09-03T00:52:36.418+0100 [DEBUG] provider.terraform-provider-google_v7.43.0_x5:     ]
2026-09-03T00:52:36.418+0100 [DEBUG] provider.terraform-provider-google_v7.43.0_x5:   },
2026-09-03T00:52:36.418+0100 [DEBUG] provider.terraform-provider-google_v7.43.0_x5:   "serviceAccounts": [
2026-09-03T00:52:36.418+0100 [DEBUG] provider.terraform-provider-google_v7.43.0_x5:     {
2026-09-03T00:52:36.418+0100 [DEBUG] provider.terraform-provider-google_v7.43.0_x5:       "email": "management-vm-sa@nomad-platform-gcp.iam.gserviceaccount.com",
2026-09-03T00:52:36.418+0100 [DEBUG] provider.terraform-provider-google_v7.43.0_x5:       "scopes": [
2026-09-03T00:52:36.418+0100 [DEBUG] provider.terraform-provider-google_v7.43.0_x5: "https://www.googleapis.com/auth/cloud-platform"
2026-09-03T00:52:36.418+0100 [DEBUG] provider.terraform-provider-google_v7.43.0_x5:       ]
2026-09-03T00:52:36.418+0100 [DEBUG] provider.terraform-provider-google_v7.43.0_x5:     }
2026-09-03T00:52:36.418+0100 [DEBUG] provider.terraform-provider-google_v7.43.0_x5:   ],
2026-09-03T00:52:36.418+0100 [DEBUG] provider.terraform-provider-google_v7.43.0_x5:   "selfLink": "https://www.googleapis.com/compute/v1/projects/nomad-platform-gcp/zones/europe-west1-b/instances/mgmt-vm",
2026-09-03T00:52:36.419+0100 [DEBUG] provider.terraform-provider-google_v7.43.0_x5:   "scheduling": {
2026-09-03T00:52:36.419+0100 [DEBUG] provider.terraform-provider-google_v7.43.0_x5:     "onHostMaintenance": "MIGRATE",
2026-09-03T00:52:36.419+0100 [DEBUG] provider.terraform-provider-google_v7.43.0_x5:     "automaticRestart": true,
2026-09-03T00:52:36.419+0100 [DEBUG] provider.terraform-provider-google_v7.43.0_x5:     "preemptible": false,
2026-09-03T00:52:36.419+0100 [DEBUG] provider.terraform-provider-google_v7.43.0_x5:     "provisioningModel": "STANDARD"
2026-09-03T00:52:36.419+0100 [DEBUG] provider.terraform-provider-google_v7.43.0_x5:   },
2026-09-03T00:52:36.419+0100 [DEBUG] provider.terraform-provider-google_v7.43.0_x5:   "cpuPlatform": "Intel Broadwell",
2026-09-03T00:52:36.419+0100 [DEBUG] provider.terraform-provider-google_v7.43.0_x5:   "labels": {
2026-09-03T00:52:36.419+0100 [DEBUG] provider.terraform-provider-google_v7.43.0_x5:     "goog-terraform-provisioned": "true",
2026-09-03T00:52:36.419+0100 [DEBUG] provider.terraform-provider-google_v7.43.0_x5:     "role": "mgmt"
2026-09-03T00:52:36.419+0100 [DEBUG] provider.terraform-provider-google_v7.43.0_x5:   },
2026-09-03T00:52:36.419+0100 [DEBUG] provider.terraform-provider-google_v7.43.0_x5:   "labelFingerprint": "XZRaAa7_KPw=",
2026-09-03T00:52:36.419+0100 [DEBUG] provider.terraform-provider-google_v7.43.0_x5:   "startRestricted": false,
2026-09-03T00:52:36.419+0100 [DEBUG] provider.terraform-provider-google_v7.43.0_x5:   "deletionProtection": false,
2026-09-03T00:52:36.419+0100 [DEBUG] provider.terraform-provider-google_v7.43.0_x5:   "shieldedInstanceConfig": {
2026-09-03T00:52:36.419+0100 [DEBUG] provider.terraform-provider-google_v7.43.0_x5:     "enableSecureBoot": false,
2026-09-03T00:52:36.419+0100 [DEBUG] provider.terraform-provider-google_v7.43.0_x5:     "enableVtpm": true,
2026-09-03T00:52:36.419+0100 [DEBUG] provider.terraform-provider-google_v7.43.0_x5:     "enableIntegrityMonitoring": true
2026-09-03T00:52:36.419+0100 [DEBUG] provider.terraform-provider-google_v7.43.0_x5:   },
2026-09-03T00:52:36.419+0100 [DEBUG] provider.terraform-provider-google_v7.43.0_x5:   "shieldedInstanceIntegrityPolicy": {
2026-09-03T00:52:36.419+0100 [DEBUG] provider.terraform-provider-google_v7.43.0_x5:     "updateAutoLearnPolicy": true
2026-09-03T00:52:36.419+0100 [DEBUG] provider.terraform-provider-google_v7.43.0_x5:   },
2026-09-03T00:52:36.419+0100 [DEBUG] provider.terraform-provider-google_v7.43.0_x5:   "fingerprint": "PBtZIgbZeJs=",
2026-09-03T00:52:36.419+0100 [DEBUG] provider.terraform-provider-google_v7.43.0_x5:   "lastStartTimestamp": "2026-08-15T16:40:51.789-07:00",
2026-09-03T00:52:36.419+0100 [DEBUG] provider.terraform-provider-google_v7.43.0_x5:   "satisfiesPzi": true,
2026-09-03T00:52:36.419+0100 [DEBUG] provider.terraform-provider-google_v7.43.0_x5:   "resourceStatus": {
2026-09-03T00:52:36.419+0100 [DEBUG] provider.terraform-provider-google_v7.43.0_x5:     "effectiveInstanceMetadata": {
2026-09-03T00:52:36.419+0100 [DEBUG] provider.terraform-provider-google_v7.43.0_x5:       "vmDnsSettingMetadataValue": "ZonalOnly",
2026-09-03T00:52:36.419+0100 [DEBUG] provider.terraform-provider-google_v7.43.0_x5:       "enableOsloginMetadataValue": true
2026-09-03T00:52:36.419+0100 [DEBUG] provider.terraform-provider-google_v7.43.0_x5:     }
2026-09-03T00:52:36.419+0100 [DEBUG] provider.terraform-provider-google_v7.43.0_x5:   }
2026-09-03T00:52:36.419+0100 [DEBUG] provider.terraform-provider-google_v7.43.0_x5: }
2026-09-03T00:52:36.419+0100 [DEBUG] provider.terraform-provider-google_v7.43.0_x5
2026-09-03T00:52:36.419+0100 [DEBUG] provider.terraform-provider-google_v7.43.0_x5: -----------------------------------------------------
2026-09-03T00:52:36.419+0100 [DEBUG] provider.terraform-provider-google_v7.43.0_x5: 2026/09/03 00:52:36 [DEBUG] Waiting for state to become: [success]
2026-09-03T00:52:36.419+0100 [DEBUG] provider.terraform-provider-google_v7.43.0_x5: 2026/09/03 00:52:36 [DEBUG] Google API Request Details:
2026-09-03T00:52:36.419+0100 [DEBUG] provider.terraform-provider-google_v7.43.0_x5: ---[ REQUEST ]---------------------------------------
2026-09-03T00:52:36.419+0100 [DEBUG] provider.terraform-provider-google_v7.43.0_x5: GET /compute/v1/projects/nomad-platform-gcp/zones/europe-west1-b/disks/mgmt-vm?alt=json HTTP/1.1
2026-09-03T00:52:36.419+0100 [DEBUG] provider.terraform-provider-google_v7.43.0_x5: Host: compute.googleapis.com
2026-09-03T00:52:36.419+0100 [DEBUG] provider.terraform-provider-google_v7.43.0_x5: User-Agent: Terraform/1.15.8 (+https://www.terraform.io) Terraform-Plugin-SDK/2.40.1 terraform-provider-google/7.43.0
2026-09-03T00:52:36.419+0100 [DEBUG] provider.terraform-provider-google_v7.43.0_x5: Content-Type: application/json
2026-09-03T00:52:36.419+0100 [DEBUG] provider.terraform-provider-google_v7.43.0_x5: Accept-Encoding: gzip
2026-09-03T00:52:36.419+0100 [DEBUG] provider.terraform-provider-google_v7.43.0_x5
2026-09-03T00:52:36.419+0100 [DEBUG] provider.terraform-provider-google_v7.43.0_x5
2026-09-03T00:52:36.419+0100 [DEBUG] provider.terraform-provider-google_v7.43.0_x5: -----------------------------------------------------
2026-09-03T00:52:36.442+0100 [DEBUG] provider.terraform-provider-google_v7.43.0_x5: 2026/09/03 00:52:36 [DEBUG] Google API Response Details:
2026-09-03T00:52:36.442+0100 [DEBUG] provider.terraform-provider-google_v7.43.0_x5: ---[ RESPONSE ]--------------------------------------
2026-09-03T00:52:36.442+0100 [DEBUG] provider.terraform-provider-google_v7.43.0_x5: HTTP/2.0 200 OK
2026-09-03T00:52:36.442+0100 [DEBUG] provider.terraform-provider-google_v7.43.0_x5: Alt-Svc: h3=":443"; ma=2592000,h3-29=":443"; ma=2592000
2026-09-03T00:52:36.442+0100 [DEBUG] provider.terraform-provider-google_v7.43.0_x5: Content-Type: application/json; charset=UTF-8
2026-09-03T00:52:36.442+0100 [DEBUG] provider.terraform-provider-google_v7.43.0_x5: Date: Wed, 02 Sep 2026 23:52:37 GMT
2026-09-03T00:52:36.442+0100 [DEBUG] provider.terraform-provider-google_v7.43.0_x5: Server: ESF
2026-09-03T00:52:36.442+0100 [DEBUG] provider.terraform-provider-google_v7.43.0_x5: Vary: Origin
2026-09-03T00:52:36.442+0100 [DEBUG] provider.terraform-provider-google_v7.43.0_x5: Vary: X-Origin
2026-09-03T00:52:36.442+0100 [DEBUG] provider.terraform-provider-google_v7.43.0_x5: Vary: Referer
2026-09-03T00:52:36.442+0100 [DEBUG] provider.terraform-provider-google_v7.43.0_x5: X-Content-Type-Options: nosniff
2026-09-03T00:52:36.442+0100 [DEBUG] provider.terraform-provider-google_v7.43.0_x5: X-Frame-Options: SAMEORIGIN
2026-09-03T00:52:36.442+0100 [DEBUG] provider.terraform-provider-google_v7.43.0_x5: X-Xss-Protection: 0
2026-09-03T00:52:36.442+0100 [DEBUG] provider.terraform-provider-google_v7.43.0_x5
2026-09-03T00:52:36.442+0100 [DEBUG] provider.terraform-provider-google_v7.43.0_x5: {
2026-09-03T00:52:36.442+0100 [DEBUG] provider.terraform-provider-google_v7.43.0_x5:   "kind": "compute#instance",
2026-09-03T00:52:36.442+0100 [DEBUG] provider.terraform-provider-google_v7.43.0_x5:   "id": "1101556065297370287",
2026-09-03T00:52:36.442+0100 [DEBUG] provider.terraform-provider-google_v7.43.0_x5:   "creationTimestamp": "2026-09-01T22:21:04.950-07:00",
2026-09-03T00:52:36.442+0100 [DEBUG] provider.terraform-provider-google_v7.43.0_x5:   "name": "nomad-dev-server-0",
2026-09-03T00:52:36.442+0100 [DEBUG] provider.terraform-provider-google_v7.43.0_x5:   "tags": {
2026-09-03T00:52:36.442+0100 [DEBUG] provider.terraform-provider-google_v7.43.0_x5:     "items": [
2026-09-03T00:52:36.443+0100 [DEBUG] provider.terraform-provider-google_v7.43.0_x5:       "consul-server-dev",
2026-09-03T00:52:36.443+0100 [DEBUG] provider.terraform-provider-google_v7.43.0_x5: "nomad-server-dev"
2026-09-03T00:52:36.443+0100 [DEBUG] provider.terraform-provider-google_v7.43.0_x5:     ],
2026-09-03T00:52:36.443+0100 [DEBUG] provider.terraform-provider-google_v7.43.0_x5:     "fingerprint": "gewFkIWTsk4="
2026-09-03T00:52:36.443+0100 [DEBUG] provider.terraform-provider-google_v7.43.0_x5:   },
2026-09-03T00:52:36.443+0100 [DEBUG] provider.terraform-provider-google_v7.43.0_x5:   "machineType": "https://www.googleapis.com/compute/v1/projects/nomad-platform-gcp/zones/europe-west1-b/machineTypes/e2-small",
2026-09-03T00:52:36.443+0100 [DEBUG] provider.terraform-provider-google_v7.43.0_x5:   "status": "RUNNING",
2026-09-03T00:52:36.443+0100 [DEBUG] provider.terraform-provider-google_v7.43.0_x5:   "zone": "https://www.googleapis.com/compute/v1/projects/nomad-platform-gcp/zones/europe-west1-b",
2026-09-03T00:52:36.443+0100 [DEBUG] provider.terraform-provider-google_v7.43.0_x5:   "canIpForward": false,
2026-09-03T00:52:36.443+0100 [DEBUG] provider.terraform-provider-google_v7.43.0_x5:   "networkInterfaces": [
2026-09-03T00:52:36.443+0100 [DEBUG] provider.terraform-provider-google_v7.43.0_x5:     {
2026-09-03T00:52:36.443+0100 [DEBUG] provider.terraform-provider-google_v7.43.0_x5:       "kind": "compute#networkInterface",
2026-09-03T00:52:36.443+0100 [DEBUG] provider.terraform-provider-google_v7.43.0_x5:       "network": "https://www.googleapis.com/compute/v1/projects/nomad-platform-gcp/global/networks/nomad-platform",
2026-09-03T00:52:36.443+0100 [DEBUG] provider.terraform-provider-google_v7.43.0_x5:       "subnetwork": "https://www.googleapis.com/compute/v1/projects/nomad-platform-gcp/regions/europe-west1/subnetworks/subnet-dev-private",
2026-09-03T00:52:36.443+0100 [DEBUG] provider.terraform-provider-google_v7.43.0_x5:       "networkIP": "10.0.1.47",
2026-09-03T00:52:36.443+0100 [DEBUG] provider.terraform-provider-google_v7.43.0_x5:       "name": "nic0",
2026-09-03T00:52:36.443+0100 [DEBUG] provider.terraform-provider-google_v7.43.0_x5:       "fingerprint": "frlEW9xjvQg=",
2026-09-03T00:52:36.443+0100 [DEBUG] provider.terraform-provider-google_v7.43.0_x5:       "stackType": "IPV4_ONLY"
2026-09-03T00:52:36.443+0100 [DEBUG] provider.terraform-provider-google_v7.43.0_x5:     }
2026-09-03T00:52:36.443+0100 [DEBUG] provider.terraform-provider-google_v7.43.0_x5:   ],
2026-09-03T00:52:36.443+0100 [DEBUG] provider.terraform-provider-google_v7.43.0_x5:   "disks": [
2026-09-03T00:52:36.443+0100 [DEBUG] provider.terraform-provider-google_v7.43.0_x5:     {
2026-09-03T00:52:36.443+0100 [DEBUG] provider.terraform-provider-google_v7.43.0_x5:       "kind": "compute#attachedDisk",
2026-09-03T00:52:36.443+0100 [DEBUG] provider.terraform-provider-google_v7.43.0_x5:       "type": "PERSISTENT",
2026-09-03T00:52:36.443+0100 [DEBUG] provider.terraform-provider-google_v7.43.0_x5:       "mode": "READ_WRITE",
2026-09-03T00:52:36.443+0100 [DEBUG] provider.terraform-provider-google_v7.43.0_x5:       "source": "https://www.googleapis.com/compute/v1/projects/nomad-platform-gcp/zones/europe-west1-b/disks/nomad-dev-server-0",
2026-09-03T00:52:36.443+0100 [DEBUG] provider.terraform-provider-google_v7.43.0_x5:       "deviceName": "persistent-disk-0",
2026-09-03T00:52:36.443+0100 [DEBUG] provider.terraform-provider-google_v7.43.0_x5:       "index": 0,
2026-09-03T00:52:36.443+0100 [DEBUG] provider.terraform-provider-google_v7.43.0_x5:       "boot": true,
2026-09-03T00:52:36.443+0100 [DEBUG] provider.terraform-provider-google_v7.43.0_x5:       "autoDelete": true,
2026-09-03T00:52:36.443+0100 [DEBUG] provider.terraform-provider-google_v7.43.0_x5:       "licenses": [
2026-09-03T00:52:36.443+0100 [DEBUG] provider.terraform-provider-google_v7.43.0_x5: "https://www.googleapis.com/compute/v1/projects/debian-cloud/global/licenses/debian-12-bookworm"
2026-09-03T00:52:36.443+0100 [DEBUG] provider.terraform-provider-google_v7.43.0_x5:       ],
2026-09-03T00:52:36.443+0100 [DEBUG] provider.terraform-provider-google_v7.43.0_x5:       "interface": "SCSI",
2026-09-03T00:52:36.443+0100 [DEBUG] provider.terraform-provider-google_v7.43.0_x5:       "guestOsFeatures": [
2026-09-03T00:52:36.443+0100 [DEBUG] provider.terraform-provider-google_v7.43.0_x5:         {
2026-09-03T00:52:36.443+0100 [DEBUG] provider.terraform-provider-google_v7.43.0_x5:           "type": "UEFI_COMPATIBLE"
2026-09-03T00:52:36.443+0100 [DEBUG] provider.terraform-provider-google_v7.43.0_x5:         },
2026-09-03T00:52:36.443+0100 [DEBUG] provider.terraform-provider-google_v7.43.0_x5:         {
2026-09-03T00:52:36.443+0100 [DEBUG] provider.terraform-provider-google_v7.43.0_x5:           "type": "VIRTIO_SCSI_MULTIQUEUE"
2026-09-03T00:52:36.443+0100 [DEBUG] provider.terraform-provider-google_v7.43.0_x5:         },
2026-09-03T00:52:36.443+0100 [DEBUG] provider.terraform-provider-google_v7.43.0_x5:         {
2026-09-03T00:52:36.443+0100 [DEBUG] provider.terraform-provider-google_v7.43.0_x5:           "type": "GVNIC"
2026-09-03T00:52:36.443+0100 [DEBUG] provider.terraform-provider-google_v7.43.0_x5:         },
2026-09-03T00:52:36.443+0100 [DEBUG] provider.terraform-provider-google_v7.43.0_x5:         {
2026-09-03T00:52:36.443+0100 [DEBUG] provider.terraform-provider-google_v7.43.0_x5:           "type": "SEV_CAPABLE"
2026-09-03T00:52:36.443+0100 [DEBUG] provider.terraform-provider-google_v7.43.0_x5:         },
2026-09-03T00:52:36.443+0100 [DEBUG] provider.terraform-provider-google_v7.43.0_x5:         {
2026-09-03T00:52:36.443+0100 [DEBUG] provider.terraform-provider-google_v7.43.0_x5:           "type": "SEV_LIVE_MIGRATABLE_V2"
2026-09-03T00:52:36.443+0100 [DEBUG] provider.terraform-provider-google_v7.43.0_x5:         }
2026-09-03T00:52:36.443+0100 [DEBUG] provider.terraform-provider-google_v7.43.0_x5:       ],
2026-09-03T00:52:36.443+0100 [DEBUG] provider.terraform-provider-google_v7.43.0_x5:       "diskEncryptionKey": {
2026-09-03T00:52:36.443+0100 [DEBUG] provider.terraform-provider-google_v7.43.0_x5:         "kmsKeyServiceAccount": "",
2026-09-03T00:52:36.443+0100 [DEBUG] provider.terraform-provider-google_v7.43.0_x5:         "kmsKeyName": "projects/nomad-platform-gcp/locations/europe-west1/keyRings/platform/cryptoKeys/disk-cmek/cryptoKeyVersions/1"
2026-09-03T00:52:36.443+0100 [DEBUG] provider.terraform-provider-google_v7.43.0_x5:       },
2026-09-03T00:52:36.443+0100 [DEBUG] provider.terraform-provider-google_v7.43.0_x5:       "diskSizeGb": "20",
2026-09-03T00:52:36.443+0100 [DEBUG] provider.terraform-provider-google_v7.43.0_x5:       "architecture": "X86_64"
2026-09-03T00:52:36.443+0100 [DEBUG] provider.terraform-provider-google_v7.43.0_x5:     },
2026-09-03T00:52:36.443+0100 [DEBUG] provider.terraform-provider-google_v7.43.0_x5:     {
2026-09-03T00:52:36.443+0100 [DEBUG] provider.terraform-provider-google_v7.43.0_x5:       "kind": "compute#attachedDisk",
2026-09-03T00:52:36.443+0100 [DEBUG] provider.terraform-provider-google_v7.43.0_x5:       "type": "PERSISTENT",
2026-09-03T00:52:36.443+0100 [DEBUG] provider.terraform-provider-google_v7.43.0_x5:       "mode": "READ_WRITE",
2026-09-03T00:52:36.443+0100 [DEBUG] provider.terraform-provider-google_v7.43.0_x5:       "source": "https://www.googleapis.com/compute/v1/projects/nomad-platform-gcp/zones/europe-west1-b/disks/nomad-dev-server-0-consul-data",
2026-09-03T00:52:36.443+0100 [DEBUG] provider.terraform-provider-google_v7.43.0_x5:       "deviceName": "consul-data",
2026-09-03T00:52:36.443+0100 [DEBUG] provider.terraform-provider-google_v7.43.0_x5:       "index": 1,
2026-09-03T00:52:36.443+0100 [DEBUG] provider.terraform-provider-google_v7.43.0_x5:       "boot": false,
2026-09-03T00:52:36.443+0100 [DEBUG] provider.terraform-provider-google_v7.43.0_x5:       "autoDelete": false,
2026-09-03T00:52:36.443+0100 [DEBUG] provider.terraform-provider-google_v7.43.0_x5:       "interface": "SCSI",
2026-09-03T00:52:36.443+0100 [DEBUG] provider.terraform-provider-google_v7.43.0_x5:       "diskEncryptionKey": {
2026-09-03T00:52:36.443+0100 [DEBUG] provider.terraform-provider-google_v7.43.0_x5:         "kmsKeyServiceAccount": "",
2026-09-03T00:52:36.443+0100 [DEBUG] provider.terraform-provider-google_v7.43.0_x5:         "kmsKeyName": "projects/nomad-platform-gcp/locations/europe-west1/keyRings/platform/cryptoKeys/disk-cmek/cryptoKeyVersions/1"
2026-09-03T00:52:36.443+0100 [DEBUG] provider.terraform-provider-google_v7.43.0_x5:       },
2026-09-03T00:52:36.443+0100 [DEBUG] provider.terraform-provider-google_v7.43.0_x5:       "diskSizeGb": "20"
2026-09-03T00:52:36.443+0100 [DEBUG] provider.terraform-provider-google_v7.43.0_x5:     },
2026-09-03T00:52:36.443+0100 [DEBUG] provider.terraform-provider-google_v7.43.0_x5:     {
2026-09-03T00:52:36.443+0100 [DEBUG] provider.terraform-provider-google_v7.43.0_x5:       "kind": "compute#attachedDisk",
2026-09-03T00:52:36.443+0100 [DEBUG] provider.terraform-provider-google_v7.43.0_x5:       "type": "PERSISTENT",
2026-09-03T00:52:36.443+0100 [DEBUG] provider.terraform-provider-google_v7.43.0_x5:       "mode": "READ_WRITE",
2026-09-03T00:52:36.443+0100 [DEBUG] provider.terraform-provider-google_v7.43.0_x5:       "source": "https://www.googleapis.com/compute/v1/projects/nomad-platform-gcp/zones/europe-west1-b/disks/nomad-dev-server-0-nomad-data",
2026-09-03T00:52:36.443+0100 [DEBUG] provider.terraform-provider-google_v7.43.0_x5:       "deviceName": "nomad-data",
2026-09-03T00:52:36.443+0100 [DEBUG] provider.terraform-provider-google_v7.43.0_x5:       "index": 2,
2026-09-03T00:52:36.443+0100 [DEBUG] provider.terraform-provider-google_v7.43.0_x5:       "boot": false,
2026-09-03T00:52:36.443+0100 [DEBUG] provider.terraform-provider-google_v7.43.0_x5:       "autoDelete": false,
2026-09-03T00:52:36.443+0100 [DEBUG] provider.terraform-provider-google_v7.43.0_x5:       "interface": "SCSI",
2026-09-03T00:52:36.443+0100 [DEBUG] provider.terraform-provider-google_v7.43.0_x5:       "diskEncryptionKey": {
2026-09-03T00:52:36.443+0100 [DEBUG] provider.terraform-provider-google_v7.43.0_x5:         "kmsKeyServiceAccount": "",
2026-09-03T00:52:36.443+0100 [DEBUG] provider.terraform-provider-google_v7.43.0_x5:         "kmsKeyName": "projects/nomad-platform-gcp/locations/europe-west1/keyRings/platform/cryptoKeys/disk-cmek/cryptoKeyVersions/1"
2026-09-03T00:52:36.443+0100 [DEBUG] provider.terraform-provider-google_v7.43.0_x5:       },
2026-09-03T00:52:36.443+0100 [DEBUG] provider.terraform-provider-google_v7.43.0_x5:       "diskSizeGb": "20"
2026-09-03T00:52:36.443+0100 [DEBUG] provider.terraform-provider-google_v7.43.0_x5:     }
2026-09-03T00:52:36.443+0100 [DEBUG] provider.terraform-provider-google_v7.43.0_x5:   ],
2026-09-03T00:52:36.443+0100 [DEBUG] provider.terraform-provider-google_v7.43.0_x5:   "metadata": {
2026-09-03T00:52:36.443+0100 [DEBUG] provider.terraform-provider-google_v7.43.0_x5:     "kind": "compute#metadata",
2026-09-03T00:52:36.443+0100 [DEBUG] provider.terraform-provider-google_v7.43.0_x5:     "fingerprint": "1h0UeES_xVY=",
2026-09-03T00:52:36.443+0100 [DEBUG] provider.terraform-provider-google_v7.43.0_x5:     "items": [
2026-09-03T00:52:36.443+0100 [DEBUG] provider.terraform-provider-google_v7.43.0_x5:       {
2026-09-03T00:52:36.443+0100 [DEBUG] provider.terraform-provider-google_v7.43.0_x5:         "key": "bootstrap_expect",
2026-09-03T00:52:36.443+0100 [DEBUG] provider.terraform-provider-google_v7.43.0_x5:         "value": "1"
2026-09-03T00:52:36.443+0100 [DEBUG] provider.terraform-provider-google_v7.43.0_x5:       },
2026-09-03T00:52:36.443+0100 [DEBUG] provider.terraform-provider-google_v7.43.0_x5:       {
2026-09-03T00:52:36.443+0100 [DEBUG] provider.terraform-provider-google_v7.43.0_x5:         "key": "datacenter",
2026-09-03T00:52:36.443+0100 [DEBUG] provider.terraform-provider-google_v7.43.0_x5:         "value": "dc-dev"
2026-09-03T00:52:36.443+0100 [DEBUG] provider.terraform-provider-google_v7.43.0_x5:       },
2026-09-03T00:52:36.443+0100 [DEBUG] provider.terraform-provider-google_v7.43.0_x5:       {
2026-09-03T00:52:36.443+0100 [DEBUG] provider.terraform-provider-google_v7.43.0_x5:         "key": "env",
2026-09-03T00:52:36.443+0100 [DEBUG] provider.terraform-provider-google_v7.43.0_x5:         "value": "dev"
2026-09-03T00:52:36.443+0100 [DEBUG] provider.terraform-provider-google_v7.43.0_x5:       },
2026-09-03T00:52:36.443+0100 [DEBUG] provider.terraform-provider-google_v7.43.0_x5:       {
2026-09-03T00:52:36.443+0100 [DEBUG] provider.terraform-provider-google_v7.43.0_x5:         "key": "startup-script",
2026-09-03T00:52:36.443+0100 [DEBUG] provider.terraform-provider-google_v7.43.0_x5:         "value": "#!/bin/bash\n# GCE Startup Script — nomad-server Static Instances Only (Both dev And\n# prod, Terraform Passes The Right Metadata Per-Instance).\n#\n# Ansible's Job (mgmt.yaml/nomad-servers.yaml): Install Binaries, Create\n# Users/Directories, Template The Systemd Units, Enable (NOT Start) The\n# Services. Per The Latest PKI Redesign, NOTHING Secret-Related Is Baked\n# Or Written By Ansible Either — Every CA Cert, Leaf Cert/Key, Gossip\n# Key, And Token Is Fetched Here, At Boot, Same As The Client Script, For\n# One Consistent Mental Model Across Both Node Types.\n#\n# gcloud CLI Is Used Directly For Every Secret Manager Read — Present Via\n# The common Role's common_install_gcloud_cli Toggle.\n#\n# retry_join Is Supplied Via GCE Cloud Auto-Join (provider=gce, Tag-Based\n# Discovery), Not A Literal Address List — See nomad-client-startup.sh's\n# Header For The Same Reasoning And Requirements (Environment-Specific\n# Tags, compute.instances.list Permission).\n#\n# Runs On Every Boot — Idempotent By Design. Certs/Gossip Keys Get\n# Re-Fetched Fresh On Every Reboot (Patching, Maintenance, Host\n# Migration), So A Rotated Cert Is Picked Up Automatically On The Next\n# Restart, No Manual Ansible Re-Run Needed.\n#\n# ACL Token Bootstrap Ordering — Gated, Not Assumed:\n# consul-server-agent-token-${ENVIRONMENT} And\n# nomad-server-consul-token-${ENVIRONMENT} Don't Exist Until AFTER\n# `consul acl bootstrap` / `nomad acl bootstrap` Have Been Run Against a\n# Live Cluster And platform-config Terraform Has Used Those Bootstrap\n# Tokens To Mint The Real Ones. On A Server's Very First Boot, Neither\n# Secret Exists Yet — fetch_token_optional Below Logs That And Falls\n# Back To An Empty String Rather Than Failing The Whole Script. Once\n# Terraform Creates The Real Tokens, Reboot The Instance And This Script\n# Picks Them Up Automatically. Safe To Reboot Any Time — Raft Data Lives\n# On The Separate Persistent Disks Handled By setup_data_disk Below, Not\n# The Boot Disk, And That Function Only Formats/Mounts When Needed.\n\nset -euo pipefail\n\nMETADATA_URL=\"http://metadata.google.internal/computeMetadata/v1/instance\"\nMETADATA_HEADER=\"Metadata-Flavor: Google\"\n\nget_metadata() {\n  curl -sf -H \"${METADATA_HEADER}\" \"${METADATA_URL}/attributes/$1\"\n}\n\n# --- Values Supplied By Terraform Via Instance Metadata ---\nENVIRONMENT=\"$(get_metadata env)\"                    # \"dev\" or \"prod\"\nDATACENTER=\"$(get_metadata datacenter)\"              # \"dc-dev\" or \"dc-prod\"\nBOOTSTRAP_EXPECT=\"$(get_metadata bootstrap_expect)\"  # \"1\" (dev) or \"3\" (prod)\n\nPRIVATE_IP=\"$(curl -sf -H \"${METADATA_HEADER}\" \\\n  \"${METADATA_URL}/network-interfaces/0/ip\")\"\n\nNODE_NAME=\"$(hostname)\"\n\nGCP_PROJECT=\"$(curl -sf -H \"${METADATA_HEADER}\" \\\n  \"http://metadata.google.internal/computeMetadata/v1/project/project-id\")\"\n\n# Required Secret — Hard-Fails The Script (Via set -e) If Missing. Use\n# For Certs/Gossip Keys, Which Must Always Exist By The Time A Server\n# Boots (Pushed By generate-and-push-pki.sh Before Any Instance Is\n# Created).\nfetch_secret() {\n  local secret_name=\"$1\"\n  gcloud secrets versions access latest --secret=\"${secret_name}\" --project=\"${GCP_PROJECT}\"\n}\n\n# Optional Secret — Never Fails The Script. Used For ACL Tokens That\n# Genuinely Don't Exist Until After ACL Bootstrap + Terraform Have Run.\n# Logs To Stderr So The Outcome Is Visible In Cloud Logging Without\n# Polluting The Captured Value On Stdout.\nfetch_token_optional() {\n  local secret_name=\"$1\"\n  local label=\"$2\"\n  local value\n  if value=\"$(gcloud secrets versions access latest --secret=\"${secret_name}\" --project=\"${GCP_PROJECT}\" 2\u003e/dev/null)\"; then\n    echo \"[nomad-server-startup] ${label}: found, applying.\" \u003e&2\n    printf '%s' \"${value}\"\n  else\n    echo \"[nomad-server-startup] ${label}: not created yet (expected before ACL bootstrap), using empty token.\" \u003e&2\n    printf ''\n  fi\n}\n\n# --- Cloud Auto-Join Discover Strings — Same Target Regardless Of\n# Whether The LOCAL Agent Is Server Or Client Mode. ---\nCONSUL_DISCOVER=\"provider=gce project_name=${GCP_PROJECT} tag_value=consul-server-${ENVIRONMENT}\"\nNOMAD_DISCOVER=\"provider=gce project_name=${GCP_PROJECT} tag_value=nomad-server-${ENVIRONMENT}\"\n\n# --- Fetch Everything From Secret Manager ---\n# CA Is Per-Environment And Shared Between Consul And Nomad — Both Are\n# Signed Off The Same ${ENVIRONMENT} CA By generate-and-push-pki.sh, So\n# It's Fetched Once And Written To Both Trust Stores Below.\nmkdir -p /etc/consul.d/tls /etc/nomad.d/tls\nfetch_secret \"ca-cert-${ENVIRONMENT}\" \u003e /etc/consul.d/tls/ca.pem\nfetch_secret \"ca-cert-${ENVIRONMENT}\" \u003e /etc/nomad.d/tls/ca.pem\n\n# Consul Server Leaf Cert/Key — Per-Environment (Consul's Hostname\n# Verification Requires It).\nfetch_secret \"consul-server-cert-${ENVIRONMENT}\" \u003e /etc/consul.d/tls/cert.pem\nfetch_secret \"consul-server-tls-key-${ENVIRONMENT}\" \u003e /etc/consul.d/tls/key.pem\nchown consul:consul /etc/consul.d/tls/ca.pem /etc/consul.d/tls/cert.pem /etc/consul.d/tls/key.pem\nchmod 0644 /etc/consul.d/tls/ca.pem /etc/consul.d/tls/cert.pem\nchmod 0600 /etc/consul.d/tls/key.pem\n\nCONSUL_GOSSIP_KEY=\"$(fetch_secret \"consul-gossip-key-${ENVIRONMENT}\")\"\nCONSUL_AGENT_TOKEN=\"$(fetch_token_optional \"consul-server-agent-token-${ENVIRONMENT}\" \"Consul server agent token\")\"\n\n# nomad-server-consul-token-{env} — NOMAD'S OWN Token For Its consul{}\n# Block (Server Variant — Broader Than The Client Variant, Includes\n# acl/mesh write For Consul Connect Config Entries).\nNOMAD_CONSUL_TOKEN=\"$(fetch_token_optional \"nomad-server-consul-token-${ENVIRONMENT}\" \"Nomad server's Consul token\")\"\n\n# Nomad Server Leaf Cert/Key — Per-Environment, Signed By The Same CA As\n# Consul (See Above). Dev/Prod Never Federate, So There's No Cross-Env\n# Sharing Here Either.\nfetch_secret \"nomad-server-cert-${ENVIRONMENT}\" \u003e /etc/nomad.d/tls/cert.pem\nfetch_secret \"nomad-server-tls-key-${ENVIRONMENT}\" \u003e /etc/nomad.d/tls/key.pem\n\n# vault-ca.pem — Trust Anchor For Verifying Vault's Server TLS Cert. Must\n# Be The CA That Signed Vault's Leaf (management-ca-cert), Not Vault's\n# Own Leaf Cert (vault-cert) — The Leaf Isn't A CA, So Using It Here\n# Wouldn't Do Real Chain Verification.\nfetch_secret \"management-ca-cert\" \u003e /etc/nomad.d/tls/vault-ca.pem\n\nchown nomad:nomad /etc/nomad.d/tls/ca.pem /etc/nomad.d/tls/cert.pem /etc/nomad.d/tls/key.pem /etc/nomad.d/tls/vault-ca.pem\nchmod 0644 /etc/nomad.d/tls/ca.pem /etc/nomad.d/tls/cert.pem /etc/nomad.d/tls/vault-ca.pem\nchmod 0600 /etc/nomad.d/tls/key.pem\n\n# nomad-gossip-key — Per-Environment. Server-Only — Nomad Clients Don't\n# Participate In This Gossip Pool At All.\nNOMAD_GOSSIP_KEY=\"$(fetch_secret \"nomad-gossip-key-${ENVIRONMENT}\")\"\n\necho \"[nomad-server-startup] env=${ENVIRONMENT} dc=${DATACENTER} bootstrap_expect=${BOOTSTRAP_EXPECT} ip=${PRIVATE_IP}\"\n\n# Data Disk Setup\n# Nomad and Consul Raft data live on dedicated persistent disks, not the\n# boot disk. This script only formats if blkid finds no filesystem and only mounts if not already mounted.\n\nwait_for_device() {\n  local device=\"$1\"\n  for i in $(seq 1 30); do\n    if [[ -e \"${device}\" ]]; then\n      echo \"[nomad-server-startup] Device ${device} present after $((i*2))s.\"\n      return 0\n    fi\n    sleep 2\n  done\n  echo \"[nomad-server-startup] ERROR: ${device} did not appear after 90s.\" \u003e&2\n  exit 1\n}\n\nsetup_data_disk() {\n  local disk_name=\"$1\"   # Terraform disk resource name, e.g. \"nomad-data\"\n  local mount_dir=\"$2\"   # e.g. \"/opt/nomad/data\"\n  local owner=\"$3\"\n  local group=\"$4\"\n  local device=\"/dev/disk/by-id/google-${disk_name}\"\n\n  wait_for_device \"${device}\"\n  mkdir -p \"${mount_dir}\"\n\n  if ! blkid \"${device}\" \u003e/dev/null 2\u003e&1; then\n    echo \"[nomad-server-startup] Formatting ${disk_name} (no filesystem found).\"\n    mkfs.ext4 -F \"${device}\"\n  fi\n\n  if ! mountpoint -q \"${mount_dir}\"; then\n    mount -t ext4 \"${device}\" \"${mount_dir}\"\n    echo \"[nomad-server-startup] Mounted ${device} at ${mount_dir}.\"\n  fi\n\n  chown \"${owner}:${group}\" \"${mount_dir}\"\n  chmod 0750 \"${mount_dir}\"\n}\n\nsetup_data_disk \"consul-data\" \"/opt/consul/data\" \"consul\" \"consul\"\nsetup_data_disk \"nomad-data\"  \"/opt/nomad/data\"  \"nomad\"  \"nomad\"\n\n# --- Consul Instance Config ---\ncat \u003e /etc/consul.d/99-instance.hcl \u003c\u003cEOF\ndatacenter = \"${DATACENTER}\"\nnode_name  = \"${NODE_NAME}\"\n\nbind_addr      = \"0.0.0.0\"\nclient_addr    = \"0.0.0.0\"\nadvertise_addr = \"${PRIVATE_IP}\"\n\nretry_join = [\"${CONSUL_DISCOVER}\"]\n\nbootstrap_expect = ${BOOTSTRAP_EXPECT}\n\nencrypt = \"${CONSUL_GOSSIP_KEY}\"\n\nacl {\n  tokens {\n    agent = \"${CONSUL_AGENT_TOKEN}\"\n  }\n}\nEOF\nchown consul:consul /etc/consul.d/99-instance.hcl\nchmod 0640 /etc/consul.d/99-instance.hcl\n\n# Register nomad api as a consul service\ncat \u003e /etc/consul.d/nomad.hcl \u003c\u003cEOF\nservice {\n  name    = \"nomad\"\n  id      = \"nomad-${NODE_NAME}\"\n  address = \"${PRIVATE_IP}\"\n  port    = 4646\n  token   = \"${CONSUL_AGENT_TOKEN}\"\n\n  check {\n    name            = \"nomad-metrics\"\n    http            = \"https://127.0.0.1:4646/v1/metrics?format=prometheus\"\n    tls_skip_verify = true\n    interval        = \"10s\"\n    timeout         = \"5s\"\n  }\n}\nEOF\n\nchown consul:consul /etc/consul.d/nomad.hcl\nchmod 0640 /etc/consul.d/nomad.hcl\n\n# --- Nomad Instance Config ---\ncat \u003e /etc/nomad.d/99-instance.hcl \u003c\u003cEOF\ndatacenter = \"${DATACENTER}\"\nregion     = \"${ENVIRONMENT}\"\nname       = \"${NODE_NAME}\"\n\nbind_addr = \"0.0.0.0\"\n\nadvertise {\n  http = \"${PRIVATE_IP}\"\n  rpc  = \"${PRIVATE_IP}\"\n  serf = \"${PRIVATE_IP}\"\n}\n\nserver {\n  bootstrap_expect = ${BOOTSTRAP_EXPECT}\n  server_join {\n    retry_join = [\"${NOMAD_DISCOVER}\"]\n  }\n  encrypt = \"${NOMAD_GOSSIP_KEY}\"\n}\n\nconsul {\n  token = \"${NOMAD_CONSUL_TOKEN}\"\n}\n\nvault {\n  enabled = true\n  \n  default_identity {\n    aud  = [\"vault.io\"]\n    ttl  = \"1h\"\n    file = true\n  }\n}\nEOF\nchown nomad:nomad /etc/nomad.d/99-instance.hcl\nchmod 0640 /etc/nomad.d/99-instance.hcl\n\n\n# --- Start Consul, Then Nomad ---\nsystemctl restart consul\n\nfor i in $(seq 1 30); do\n  if consul members \u003e/dev/null 2\u003e&1; then\n    echo \"[nomad-server-startup] Consul is responsive.\"\n    break\n  fi\n  sleep 2\ndone\n\nsystemctl restart nomad\n\nfor i in $(seq 1 30); do\n  if nomad node status -self \u003e/dev/null 2\u003e&1; then\n    echo \"[nomad-server-startup] Nomad is responsive.\"\n    break\n  fi\n  sleep 2\ndone\n\necho \"[nomad-server-startup] Done.\" "
2026-09-03T00:52:36.443+0100 [DEBUG] provider.terraform-provider-google_v7.43.0_x5:       }
2026-09-03T00:52:36.443+0100 [DEBUG] provider.terraform-provider-google_v7.43.0_x5:     ]
2026-09-03T00:52:36.443+0100 [DEBUG] provider.terraform-provider-google_v7.43.0_x5:   },
2026-09-03T00:52:36.443+0100 [DEBUG] provider.terraform-provider-google_v7.43.0_x5:   "serviceAccounts": [
2026-09-03T00:52:36.443+0100 [DEBUG] provider.terraform-provider-google_v7.43.0_x5:     {
2026-09-03T00:52:36.443+0100 [DEBUG] provider.terraform-provider-google_v7.43.0_x5:       "email": "nomad-server-sa-dev@nomad-platform-gcp.iam.gserviceaccount.com",
2026-09-03T00:52:36.443+0100 [DEBUG] provider.terraform-provider-google_v7.43.0_x5:       "scopes": [
2026-09-03T00:52:36.443+0100 [DEBUG] provider.terraform-provider-google_v7.43.0_x5: "https://www.googleapis.com/auth/cloud-platform"
2026-09-03T00:52:36.443+0100 [DEBUG] provider.terraform-provider-google_v7.43.0_x5:       ]
2026-09-03T00:52:36.444+0100 [DEBUG] provider.terraform-provider-google_v7.43.0_x5:     }
2026-09-03T00:52:36.444+0100 [DEBUG] provider.terraform-provider-google_v7.43.0_x5:   ],
2026-09-03T00:52:36.444+0100 [DEBUG] provider.terraform-provider-google_v7.43.0_x5:   "selfLink": "https://www.googleapis.com/compute/v1/projects/nomad-platform-gcp/zones/europe-west1-b/instances/nomad-dev-server-0",
2026-09-03T00:52:36.444+0100 [DEBUG] provider.terraform-provider-google_v7.43.0_x5:   "scheduling": {
2026-09-03T00:52:36.444+0100 [DEBUG] provider.terraform-provider-google_v7.43.0_x5:     "onHostMaintenance": "MIGRATE",
2026-09-03T00:52:36.444+0100 [DEBUG] provider.terraform-provider-google_v7.43.0_x5:     "automaticRestart": true,
2026-09-03T00:52:36.444+0100 [DEBUG] provider.terraform-provider-google_v7.43.0_x5:     "preemptible": false,
2026-09-03T00:52:36.444+0100 [DEBUG] provider.terraform-provider-google_v7.43.0_x5:     "provisioningModel": "STANDARD"
2026-09-03T00:52:36.444+0100 [DEBUG] provider.terraform-provider-google_v7.43.0_x5:   },
2026-09-03T00:52:36.444+0100 [DEBUG] provider.terraform-provider-google_v7.43.0_x5:   "cpuPlatform": "Intel Broadwell",
2026-09-03T00:52:36.444+0100 [DEBUG] provider.terraform-provider-google_v7.43.0_x5:   "labels": {
2026-09-03T00:52:36.444+0100 [DEBUG] provider.terraform-provider-google_v7.43.0_x5:     "environment": "dev",
2026-09-03T00:52:36.444+0100 [DEBUG] provider.terraform-provider-google_v7.43.0_x5:     "goog-terraform-provisioned": "true",
2026-09-03T00:52:36.444+0100 [DEBUG] provider.terraform-provider-google_v7.43.0_x5:     "role": "control-plane"
2026-09-03T00:52:36.444+0100 [DEBUG] provider.terraform-provider-google_v7.43.0_x5:   },
2026-09-03T00:52:36.444+0100 [DEBUG] provider.terraform-provider-google_v7.43.0_x5:   "labelFingerprint": "zoSZHOsl1mc=",
2026-09-03T00:52:36.444+0100 [DEBUG] provider.terraform-provider-google_v7.43.0_x5:   "startRestricted": false,
2026-09-03T00:52:36.444+0100 [DEBUG] provider.terraform-provider-google_v7.43.0_x5:   "deletionProtection": false,
2026-09-03T00:52:36.444+0100 [DEBUG] provider.terraform-provider-google_v7.43.0_x5:   "shieldedInstanceConfig": {
2026-09-03T00:52:36.444+0100 [DEBUG] provider.terraform-provider-google_v7.43.0_x5:     "enableSecureBoot": false,
2026-09-03T00:52:36.444+0100 [DEBUG] provider.terraform-provider-google_v7.43.0_x5:     "enableVtpm": true,
2026-09-03T00:52:36.444+0100 [DEBUG] provider.terraform-provider-google_v7.43.0_x5:     "enableIntegrityMonitoring": true
2026-09-03T00:52:36.444+0100 [DEBUG] provider.terraform-provider-google_v7.43.0_x5:   },
2026-09-03T00:52:36.444+0100 [DEBUG] provider.terraform-provider-google_v7.43.0_x5:   "shieldedInstanceIntegrityPolicy": {
2026-09-03T00:52:36.444+0100 [DEBUG] provider.terraform-provider-google_v7.43.0_x5:     "updateAutoLearnPolicy": true
2026-09-03T00:52:36.444+0100 [DEBUG] provider.terraform-provider-google_v7.43.0_x5:   },
2026-09-03T00:52:36.444+0100 [DEBUG] provider.terraform-provider-google_v7.43.0_x5:   "fingerprint": "4p6accqVSsU=",
2026-09-03T00:52:36.444+0100 [DEBUG] provider.terraform-provider-google_v7.43.0_x5:   "lastStartTimestamp": "2026-09-02T00:13:51.720-07:00",
2026-09-03T00:52:36.444+0100 [DEBUG] provider.terraform-provider-google_v7.43.0_x5:   "lastStopTimestamp": "2026-09-02T00:13:02.940-07:00",
2026-09-03T00:52:36.444+0100 [DEBUG] provider.terraform-provider-google_v7.43.0_x5:   "satisfiesPzi": true,
2026-09-03T00:52:36.444+0100 [DEBUG] provider.terraform-provider-google_v7.43.0_x5:   "resourceStatus": {
2026-09-03T00:52:36.444+0100 [DEBUG] provider.terraform-provider-google_v7.43.0_x5:     "effectiveInstanceMetadata": {
2026-09-03T00:52:36.444+0100 [DEBUG] provider.terraform-provider-google_v7.43.0_x5:       "vmDnsSettingMetadataValue": "ZonalOnly",
2026-09-03T00:52:36.444+0100 [DEBUG] provider.terraform-provider-google_v7.43.0_x5:       "enableOsloginMetadataValue": true
2026-09-03T00:52:36.444+0100 [DEBUG] provider.terraform-provider-google_v7.43.0_x5:     }
2026-09-03T00:52:36.444+0100 [DEBUG] provider.terraform-provider-google_v7.43.0_x5:   }
2026-09-03T00:52:36.444+0100 [DEBUG] provider.terraform-provider-google_v7.43.0_x5: }
2026-09-03T00:52:36.444+0100 [DEBUG] provider.terraform-provider-google_v7.43.0_x5
2026-09-03T00:52:36.444+0100 [DEBUG] provider.terraform-provider-google_v7.43.0_x5: -----------------------------------------------------
2026-09-03T00:52:36.444+0100 [DEBUG] provider.terraform-provider-google_v7.43.0_x5: 2026/09/03 00:52:36 [DEBUG] Waiting for state to become: [success]
2026-09-03T00:52:36.445+0100 [DEBUG] provider.terraform-provider-google_v7.43.0_x5: 2026/09/03 00:52:36 [DEBUG] Google API Request Details:
2026-09-03T00:52:36.445+0100 [DEBUG] provider.terraform-provider-google_v7.43.0_x5: ---[ REQUEST ]---------------------------------------
2026-09-03T00:52:36.445+0100 [DEBUG] provider.terraform-provider-google_v7.43.0_x5: GET /compute/v1/projects/nomad-platform-gcp/zones/europe-west1-b/disks/nomad-dev-server-0?alt=json HTTP/1.1
2026-09-03T00:52:36.445+0100 [DEBUG] provider.terraform-provider-google_v7.43.0_x5: Host: compute.googleapis.com
2026-09-03T00:52:36.445+0100 [DEBUG] provider.terraform-provider-google_v7.43.0_x5: User-Agent: Terraform/1.15.8 (+https://www.terraform.io) Terraform-Plugin-SDK/2.40.1 terraform-provider-google/7.43.0
2026-09-03T00:52:36.445+0100 [DEBUG] provider.terraform-provider-google_v7.43.0_x5: Content-Type: application/json
2026-09-03T00:52:36.445+0100 [DEBUG] provider.terraform-provider-google_v7.43.0_x5: Accept-Encoding: gzip
2026-09-03T00:52:36.445+0100 [DEBUG] provider.terraform-provider-google_v7.43.0_x5
2026-09-03T00:52:36.445+0100 [DEBUG] provider.terraform-provider-google_v7.43.0_x5
2026-09-03T00:52:36.445+0100 [DEBUG] provider.terraform-provider-google_v7.43.0_x5: -----------------------------------------------------
2026-09-03T00:52:36.528+0100 [DEBUG] provider.terraform-provider-google_v7.43.0_x5: 2026/09/03 00:52:36 [DEBUG] Google API Response Details:
2026-09-03T00:52:36.528+0100 [DEBUG] provider.terraform-provider-google_v7.43.0_x5: ---[ RESPONSE ]--------------------------------------
2026-09-03T00:52:36.528+0100 [DEBUG] provider.terraform-provider-google_v7.43.0_x5: HTTP/2.0 200 OK
2026-09-03T00:52:36.528+0100 [DEBUG] provider.terraform-provider-google_v7.43.0_x5: Alt-Svc: h3=":443"; ma=2592000,h3-29=":443"; ma=2592000
2026-09-03T00:52:36.528+0100 [DEBUG] provider.terraform-provider-google_v7.43.0_x5: Content-Type: application/json; charset=UTF-8
2026-09-03T00:52:36.528+0100 [DEBUG] provider.terraform-provider-google_v7.43.0_x5: Date: Wed, 02 Sep 2026 23:52:37 GMT
2026-09-03T00:52:36.528+0100 [DEBUG] provider.terraform-provider-google_v7.43.0_x5: Server: ESF
2026-09-03T00:52:36.528+0100 [DEBUG] provider.terraform-provider-google_v7.43.0_x5: Vary: Origin
2026-09-03T00:52:36.528+0100 [DEBUG] provider.terraform-provider-google_v7.43.0_x5: Vary: X-Origin
2026-09-03T00:52:36.528+0100 [DEBUG] provider.terraform-provider-google_v7.43.0_x5: Vary: Referer
2026-09-03T00:52:36.528+0100 [DEBUG] provider.terraform-provider-google_v7.43.0_x5: X-Content-Type-Options: nosniff
2026-09-03T00:52:36.528+0100 [DEBUG] provider.terraform-provider-google_v7.43.0_x5: X-Frame-Options: SAMEORIGIN
2026-09-03T00:52:36.528+0100 [DEBUG] provider.terraform-provider-google_v7.43.0_x5: X-Xss-Protection: 0
2026-09-03T00:52:36.528+0100 [DEBUG] provider.terraform-provider-google_v7.43.0_x5
2026-09-03T00:52:36.528+0100 [DEBUG] provider.terraform-provider-google_v7.43.0_x5: {
2026-09-03T00:52:36.528+0100 [DEBUG] provider.terraform-provider-google_v7.43.0_x5:   "kind": "compute#instance",
2026-09-03T00:52:36.528+0100 [DEBUG] provider.terraform-provider-google_v7.43.0_x5:   "id": "3433693448411428722",
2026-09-03T00:52:36.528+0100 [DEBUG] provider.terraform-provider-google_v7.43.0_x5:   "creationTimestamp": "2026-08-23T17:00:29.741-07:00",
2026-09-03T00:52:36.528+0100 [DEBUG] provider.terraform-provider-google_v7.43.0_x5:   "name": "traefik-dev",
2026-09-03T00:52:36.528+0100 [DEBUG] provider.terraform-provider-google_v7.43.0_x5:   "tags": {
2026-09-03T00:52:36.528+0100 [DEBUG] provider.terraform-provider-google_v7.43.0_x5:     "items": [
2026-09-03T00:52:36.528+0100 [DEBUG] provider.terraform-provider-google_v7.43.0_x5: "traefik"
2026-09-03T00:52:36.528+0100 [DEBUG] provider.terraform-provider-google_v7.43.0_x5:     ],
2026-09-03T00:52:36.528+0100 [DEBUG] provider.terraform-provider-google_v7.43.0_x5:     "fingerprint": "1Vk8xG8mpGg="
2026-09-03T00:52:36.528+0100 [DEBUG] provider.terraform-provider-google_v7.43.0_x5:   },
2026-09-03T00:52:36.528+0100 [DEBUG] provider.terraform-provider-google_v7.43.0_x5:   "machineType": "https://www.googleapis.com/compute/v1/projects/nomad-platform-gcp/zones/europe-west1-b/machineTypes/e2-micro",
2026-09-03T00:52:36.528+0100 [DEBUG] provider.terraform-provider-google_v7.43.0_x5:   "status": "RUNNING",
2026-09-03T00:52:36.528+0100 [DEBUG] provider.terraform-provider-google_v7.43.0_x5:   "zone": "https://www.googleapis.com/compute/v1/projects/nomad-platform-gcp/zones/europe-west1-b",
2026-09-03T00:52:36.528+0100 [DEBUG] provider.terraform-provider-google_v7.43.0_x5:   "canIpForward": false,
2026-09-03T00:52:36.528+0100 [DEBUG] provider.terraform-provider-google_v7.43.0_x5:   "networkInterfaces": [
2026-09-03T00:52:36.528+0100 [DEBUG] provider.terraform-provider-google_v7.43.0_x5:     {
2026-09-03T00:52:36.528+0100 [DEBUG] provider.terraform-provider-google_v7.43.0_x5:       "kind": "compute#networkInterface",
2026-09-03T00:52:36.528+0100 [DEBUG] provider.terraform-provider-google_v7.43.0_x5:       "network": "https://www.googleapis.com/compute/v1/projects/nomad-platform-gcp/global/networks/nomad-platform",
2026-09-03T00:52:36.528+0100 [DEBUG] provider.terraform-provider-google_v7.43.0_x5:       "subnetwork": "https://www.googleapis.com/compute/v1/projects/nomad-platform-gcp/regions/europe-west1/subnetworks/subnet-dev-public",
2026-09-03T00:52:36.528+0100 [DEBUG] provider.terraform-provider-google_v7.43.0_x5:       "networkIP": "10.0.2.2",
2026-09-03T00:52:36.528+0100 [DEBUG] provider.terraform-provider-google_v7.43.0_x5:       "name": "nic0",
2026-09-03T00:52:36.528+0100 [DEBUG] provider.terraform-provider-google_v7.43.0_x5:       "accessConfigs": [
2026-09-03T00:52:36.528+0100 [DEBUG] provider.terraform-provider-google_v7.43.0_x5:         {
2026-09-03T00:52:36.528+0100 [DEBUG] provider.terraform-provider-google_v7.43.0_x5:           "kind": "compute#accessConfig",
2026-09-03T00:52:36.528+0100 [DEBUG] provider.terraform-provider-google_v7.43.0_x5:           "type": "ONE_TO_ONE_NAT",
2026-09-03T00:52:36.528+0100 [DEBUG] provider.terraform-provider-google_v7.43.0_x5:           "name": "external-nat",
2026-09-03T00:52:36.528+0100 [DEBUG] provider.terraform-provider-google_v7.43.0_x5:           "natIP": "35.240.88.115",
2026-09-03T00:52:36.528+0100 [DEBUG] provider.terraform-provider-google_v7.43.0_x5:           "networkTier": "PREMIUM"
2026-09-03T00:52:36.528+0100 [DEBUG] provider.terraform-provider-google_v7.43.0_x5:         }
2026-09-03T00:52:36.528+0100 [DEBUG] provider.terraform-provider-google_v7.43.0_x5:       ],
2026-09-03T00:52:36.528+0100 [DEBUG] provider.terraform-provider-google_v7.43.0_x5:       "fingerprint": "mQUph8ho3fE=",
2026-09-03T00:52:36.528+0100 [DEBUG] provider.terraform-provider-google_v7.43.0_x5:       "stackType": "IPV4_ONLY"
2026-09-03T00:52:36.528+0100 [DEBUG] provider.terraform-provider-google_v7.43.0_x5:     }
2026-09-03T00:52:36.528+0100 [DEBUG] provider.terraform-provider-google_v7.43.0_x5:   ],
2026-09-03T00:52:36.528+0100 [DEBUG] provider.terraform-provider-google_v7.43.0_x5:   "disks": [
2026-09-03T00:52:36.528+0100 [DEBUG] provider.terraform-provider-google_v7.43.0_x5:     {
2026-09-03T00:52:36.528+0100 [DEBUG] provider.terraform-provider-google_v7.43.0_x5:       "kind": "compute#attachedDisk",
2026-09-03T00:52:36.528+0100 [DEBUG] provider.terraform-provider-google_v7.43.0_x5:       "type": "PERSISTENT",
2026-09-03T00:52:36.528+0100 [DEBUG] provider.terraform-provider-google_v7.43.0_x5:       "mode": "READ_WRITE",
2026-09-03T00:52:36.528+0100 [DEBUG] provider.terraform-provider-google_v7.43.0_x5:       "source": "https://www.googleapis.com/compute/v1/projects/nomad-platform-gcp/zones/europe-west1-b/disks/traefik-dev",
2026-09-03T00:52:36.528+0100 [DEBUG] provider.terraform-provider-google_v7.43.0_x5:       "deviceName": "persistent-disk-0",
2026-09-03T00:52:36.528+0100 [DEBUG] provider.terraform-provider-google_v7.43.0_x5:       "index": 0,
2026-09-03T00:52:36.528+0100 [DEBUG] provider.terraform-provider-google_v7.43.0_x5:       "boot": true,
2026-09-03T00:52:36.528+0100 [DEBUG] provider.terraform-provider-google_v7.43.0_x5:       "autoDelete": true,
2026-09-03T00:52:36.528+0100 [DEBUG] provider.terraform-provider-google_v7.43.0_x5:       "licenses": [
2026-09-03T00:52:36.528+0100 [DEBUG] provider.terraform-provider-google_v7.43.0_x5: "https://www.googleapis.com/compute/v1/projects/debian-cloud/global/licenses/debian-12-bookworm"
2026-09-03T00:52:36.528+0100 [DEBUG] provider.terraform-provider-google_v7.43.0_x5:       ],
2026-09-03T00:52:36.528+0100 [DEBUG] provider.terraform-provider-google_v7.43.0_x5:       "interface": "SCSI",
2026-09-03T00:52:36.528+0100 [DEBUG] provider.terraform-provider-google_v7.43.0_x5:       "guestOsFeatures": [
2026-09-03T00:52:36.528+0100 [DEBUG] provider.terraform-provider-google_v7.43.0_x5:         {
2026-09-03T00:52:36.528+0100 [DEBUG] provider.terraform-provider-google_v7.43.0_x5:           "type": "UEFI_COMPATIBLE"
2026-09-03T00:52:36.528+0100 [DEBUG] provider.terraform-provider-google_v7.43.0_x5:         },
2026-09-03T00:52:36.528+0100 [DEBUG] provider.terraform-provider-google_v7.43.0_x5:         {
2026-09-03T00:52:36.528+0100 [DEBUG] provider.terraform-provider-google_v7.43.0_x5:           "type": "VIRTIO_SCSI_MULTIQUEUE"
2026-09-03T00:52:36.528+0100 [DEBUG] provider.terraform-provider-google_v7.43.0_x5:         },
2026-09-03T00:52:36.528+0100 [DEBUG] provider.terraform-provider-google_v7.43.0_x5:         {
2026-09-03T00:52:36.528+0100 [DEBUG] provider.terraform-provider-google_v7.43.0_x5:           "type": "GVNIC"
2026-09-03T00:52:36.528+0100 [DEBUG] provider.terraform-provider-google_v7.43.0_x5:         },
2026-09-03T00:52:36.528+0100 [DEBUG] provider.terraform-provider-google_v7.43.0_x5:         {
2026-09-03T00:52:36.528+0100 [DEBUG] provider.terraform-provider-google_v7.43.0_x5:           "type": "SEV_CAPABLE"
2026-09-03T00:52:36.528+0100 [DEBUG] provider.terraform-provider-google_v7.43.0_x5:         },
2026-09-03T00:52:36.528+0100 [DEBUG] provider.terraform-provider-google_v7.43.0_x5:         {
2026-09-03T00:52:36.528+0100 [DEBUG] provider.terraform-provider-google_v7.43.0_x5:           "type": "SEV_LIVE_MIGRATABLE_V2"
2026-09-03T00:52:36.528+0100 [DEBUG] provider.terraform-provider-google_v7.43.0_x5:         }
2026-09-03T00:52:36.528+0100 [DEBUG] provider.terraform-provider-google_v7.43.0_x5:       ],
2026-09-03T00:52:36.528+0100 [DEBUG] provider.terraform-provider-google_v7.43.0_x5:       "diskEncryptionKey": {
2026-09-03T00:52:36.528+0100 [DEBUG] provider.terraform-provider-google_v7.43.0_x5:         "kmsKeyServiceAccount": "",
2026-09-03T00:52:36.528+0100 [DEBUG] provider.terraform-provider-google_v7.43.0_x5:         "kmsKeyName": "projects/nomad-platform-gcp/locations/europe-west1/keyRings/platform/cryptoKeys/disk-cmek/cryptoKeyVersions/1"
2026-09-03T00:52:36.528+0100 [DEBUG] provider.terraform-provider-google_v7.43.0_x5:       },
2026-09-03T00:52:36.528+0100 [DEBUG] provider.terraform-provider-google_v7.43.0_x5:       "diskSizeGb": "20",
2026-09-03T00:52:36.528+0100 [DEBUG] provider.terraform-provider-google_v7.43.0_x5:       "architecture": "X86_64"
2026-09-03T00:52:36.528+0100 [DEBUG] provider.terraform-provider-google_v7.43.0_x5:     }
2026-09-03T00:52:36.528+0100 [DEBUG] provider.terraform-provider-google_v7.43.0_x5:   ],
2026-09-03T00:52:36.528+0100 [DEBUG] provider.terraform-provider-google_v7.43.0_x5:   "metadata": {
2026-09-03T00:52:36.528+0100 [DEBUG] provider.terraform-provider-google_v7.43.0_x5:     "kind": "compute#metadata",
2026-09-03T00:52:36.528+0100 [DEBUG] provider.terraform-provider-google_v7.43.0_x5:     "fingerprint": "2WHRVk3dV4A=",
2026-09-03T00:52:36.528+0100 [DEBUG] provider.terraform-provider-google_v7.43.0_x5:     "items": [
2026-09-03T00:52:36.528+0100 [DEBUG] provider.terraform-provider-google_v7.43.0_x5:       {
2026-09-03T00:52:36.528+0100 [DEBUG] provider.terraform-provider-google_v7.43.0_x5:         "key": "bootstrap_expect",
2026-09-03T00:52:36.528+0100 [DEBUG] provider.terraform-provider-google_v7.43.0_x5:         "value": "1"
2026-09-03T00:52:36.528+0100 [DEBUG] provider.terraform-provider-google_v7.43.0_x5:       },
2026-09-03T00:52:36.528+0100 [DEBUG] provider.terraform-provider-google_v7.43.0_x5:       {
2026-09-03T00:52:36.528+0100 [DEBUG] provider.terraform-provider-google_v7.43.0_x5:         "key": "datacenter",
2026-09-03T00:52:36.528+0100 [DEBUG] provider.terraform-provider-google_v7.43.0_x5:         "value": "dc-dev"
2026-09-03T00:52:36.528+0100 [DEBUG] provider.terraform-provider-google_v7.43.0_x5:       },
2026-09-03T00:52:36.528+0100 [DEBUG] provider.terraform-provider-google_v7.43.0_x5:       {
2026-09-03T00:52:36.528+0100 [DEBUG] provider.terraform-provider-google_v7.43.0_x5:         "key": "env",
2026-09-03T00:52:36.528+0100 [DEBUG] provider.terraform-provider-google_v7.43.0_x5:         "value": "dev"
2026-09-03T00:52:36.528+0100 [DEBUG] provider.terraform-provider-google_v7.43.0_x5:       }
2026-09-03T00:52:36.528+0100 [DEBUG] provider.terraform-provider-google_v7.43.0_x5:     ]
2026-09-03T00:52:36.528+0100 [DEBUG] provider.terraform-provider-google_v7.43.0_x5:   },
2026-09-03T00:52:36.528+0100 [DEBUG] provider.terraform-provider-google_v7.43.0_x5:   "serviceAccounts": [
2026-09-03T00:52:36.528+0100 [DEBUG] provider.terraform-provider-google_v7.43.0_x5:     {
2026-09-03T00:52:36.528+0100 [DEBUG] provider.terraform-provider-google_v7.43.0_x5:       "email": "traefik-vm-sa-dev@nomad-platform-gcp.iam.gserviceaccount.com",
2026-09-03T00:52:36.528+0100 [DEBUG] provider.terraform-provider-google_v7.43.0_x5:       "scopes": [
2026-09-03T00:52:36.528+0100 [DEBUG] provider.terraform-provider-google_v7.43.0_x5: "https://www.googleapis.com/auth/cloud-platform"
2026-09-03T00:52:36.528+0100 [DEBUG] provider.terraform-provider-google_v7.43.0_x5:       ]
2026-09-03T00:52:36.528+0100 [DEBUG] provider.terraform-provider-google_v7.43.0_x5:     }
2026-09-03T00:52:36.528+0100 [DEBUG] provider.terraform-provider-google_v7.43.0_x5:   ],
2026-09-03T00:52:36.528+0100 [DEBUG] provider.terraform-provider-google_v7.43.0_x5:   "selfLink": "https://www.googleapis.com/compute/v1/projects/nomad-platform-gcp/zones/europe-west1-b/instances/traefik-dev",
2026-09-03T00:52:36.528+0100 [DEBUG] provider.terraform-provider-google_v7.43.0_x5:   "scheduling": {
2026-09-03T00:52:36.528+0100 [DEBUG] provider.terraform-provider-google_v7.43.0_x5:     "onHostMaintenance": "MIGRATE",
2026-09-03T00:52:36.529+0100 [DEBUG] provider.terraform-provider-google_v7.43.0_x5:     "automaticRestart": true,
2026-09-03T00:52:36.529+0100 [DEBUG] provider.terraform-provider-google_v7.43.0_x5:     "preemptible": false,
2026-09-03T00:52:36.529+0100 [DEBUG] provider.terraform-provider-google_v7.43.0_x5:     "provisioningModel": "STANDARD"
2026-09-03T00:52:36.529+0100 [DEBUG] provider.terraform-provider-google_v7.43.0_x5:   },
2026-09-03T00:52:36.529+0100 [DEBUG] provider.terraform-provider-google_v7.43.0_x5:   "cpuPlatform": "Intel Broadwell",
2026-09-03T00:52:36.529+0100 [DEBUG] provider.terraform-provider-google_v7.43.0_x5:   "labels": {
2026-09-03T00:52:36.529+0100 [DEBUG] provider.terraform-provider-google_v7.43.0_x5:     "environment": "dev",
2026-09-03T00:52:36.529+0100 [DEBUG] provider.terraform-provider-google_v7.43.0_x5:     "goog-terraform-provisioned": "true",
2026-09-03T00:52:36.529+0100 [DEBUG] provider.terraform-provider-google_v7.43.0_x5:     "role": "traefik-public"
2026-09-03T00:52:36.529+0100 [DEBUG] provider.terraform-provider-google_v7.43.0_x5:   },
2026-09-03T00:52:36.529+0100 [DEBUG] provider.terraform-provider-google_v7.43.0_x5:   "labelFingerprint": "5n-GfQfMucQ=",
2026-09-03T00:52:36.529+0100 [DEBUG] provider.terraform-provider-google_v7.43.0_x5:   "startRestricted": false,
2026-09-03T00:52:36.529+0100 [DEBUG] provider.terraform-provider-google_v7.43.0_x5:   "deletionProtection": false,
2026-09-03T00:52:36.529+0100 [DEBUG] provider.terraform-provider-google_v7.43.0_x5:   "shieldedInstanceConfig": {
2026-09-03T00:52:36.529+0100 [DEBUG] provider.terraform-provider-google_v7.43.0_x5:     "enableSecureBoot": false,
2026-09-03T00:52:36.529+0100 [DEBUG] provider.terraform-provider-google_v7.43.0_x5:     "enableVtpm": true,
2026-09-03T00:52:36.529+0100 [DEBUG] provider.terraform-provider-google_v7.43.0_x5:     "enableIntegrityMonitoring": true
2026-09-03T00:52:36.529+0100 [DEBUG] provider.terraform-provider-google_v7.43.0_x5:   },
2026-09-03T00:52:36.529+0100 [DEBUG] provider.terraform-provider-google_v7.43.0_x5:   "shieldedInstanceIntegrityPolicy": {
2026-09-03T00:52:36.529+0100 [DEBUG] provider.terraform-provider-google_v7.43.0_x5:     "updateAutoLearnPolicy": true
2026-09-03T00:52:36.529+0100 [DEBUG] provider.terraform-provider-google_v7.43.0_x5:   },
2026-09-03T00:52:36.529+0100 [DEBUG] provider.terraform-provider-google_v7.43.0_x5:   "fingerprint": "u7jitXgiDsg=",
2026-09-03T00:52:36.529+0100 [DEBUG] provider.terraform-provider-google_v7.43.0_x5:   "lastStartTimestamp": "2026-08-23T17:00:37.949-07:00",
2026-09-03T00:52:36.529+0100 [DEBUG] provider.terraform-provider-google_v7.43.0_x5:   "satisfiesPzi": true,
2026-09-03T00:52:36.529+0100 [DEBUG] provider.terraform-provider-google_v7.43.0_x5:   "resourceStatus": {
2026-09-03T00:52:36.529+0100 [DEBUG] provider.terraform-provider-google_v7.43.0_x5:     "effectiveInstanceMetadata": {
2026-09-03T00:52:36.529+0100 [DEBUG] provider.terraform-provider-google_v7.43.0_x5:       "vmDnsSettingMetadataValue": "ZonalOnly",
2026-09-03T00:52:36.529+0100 [DEBUG] provider.terraform-provider-google_v7.43.0_x5:       "enableOsloginMetadataValue": true
2026-09-03T00:52:36.529+0100 [DEBUG] provider.terraform-provider-google_v7.43.0_x5:     }
2026-09-03T00:52:36.529+0100 [DEBUG] provider.terraform-provider-google_v7.43.0_x5:   }
2026-09-03T00:52:36.529+0100 [DEBUG] provider.terraform-provider-google_v7.43.0_x5: }
2026-09-03T00:52:36.529+0100 [DEBUG] provider.terraform-provider-google_v7.43.0_x5
2026-09-03T00:52:36.529+0100 [DEBUG] provider.terraform-provider-google_v7.43.0_x5: -----------------------------------------------------
2026-09-03T00:52:36.529+0100 [DEBUG] provider.terraform-provider-google_v7.43.0_x5: 2026/09/03 00:52:36 [DEBUG] Waiting for state to become: [success]
2026-09-03T00:52:36.529+0100 [DEBUG] provider.terraform-provider-google_v7.43.0_x5: 2026/09/03 00:52:36 [DEBUG] Google API Request Details:
2026-09-03T00:52:36.529+0100 [DEBUG] provider.terraform-provider-google_v7.43.0_x5: ---[ REQUEST ]---------------------------------------
2026-09-03T00:52:36.529+0100 [DEBUG] provider.terraform-provider-google_v7.43.0_x5: GET /compute/v1/projects/nomad-platform-gcp/zones/europe-west1-b/disks/traefik-dev?alt=json HTTP/1.1
2026-09-03T00:52:36.529+0100 [DEBUG] provider.terraform-provider-google_v7.43.0_x5: Host: compute.googleapis.com
2026-09-03T00:52:36.529+0100 [DEBUG] provider.terraform-provider-google_v7.43.0_x5: User-Agent: Terraform/1.15.8 (+https://www.terraform.io) Terraform-Plugin-SDK/2.40.1 terraform-provider-google/7.43.0
2026-09-03T00:52:36.529+0100 [DEBUG] provider.terraform-provider-google_v7.43.0_x5: Content-Type: application/json
2026-09-03T00:52:36.529+0100 [DEBUG] provider.terraform-provider-google_v7.43.0_x5: Accept-Encoding: gzip
2026-09-03T00:52:36.529+0100 [DEBUG] provider.terraform-provider-google_v7.43.0_x5
2026-09-03T00:52:36.529+0100 [DEBUG] provider.terraform-provider-google_v7.43.0_x5
2026-09-03T00:52:36.529+0100 [DEBUG] provider.terraform-provider-google_v7.43.0_x5: -----------------------------------------------------
2026-09-03T00:52:36.643+0100 [DEBUG] provider.terraform-provider-google_v7.43.0_x5: 2026/09/03 00:52:36 [DEBUG] Google API Response Details:
2026-09-03T00:52:36.643+0100 [DEBUG] provider.terraform-provider-google_v7.43.0_x5: ---[ RESPONSE ]--------------------------------------
2026-09-03T00:52:36.643+0100 [DEBUG] provider.terraform-provider-google_v7.43.0_x5: HTTP/2.0 200 OK
2026-09-03T00:52:36.643+0100 [DEBUG] provider.terraform-provider-google_v7.43.0_x5: Alt-Svc: h3=":443"; ma=2592000,h3-29=":443"; ma=2592000
2026-09-03T00:52:36.643+0100 [DEBUG] provider.terraform-provider-google_v7.43.0_x5: Content-Type: application/json; charset=UTF-8
2026-09-03T00:52:36.643+0100 [DEBUG] provider.terraform-provider-google_v7.43.0_x5: Date: Wed, 02 Sep 2026 23:52:37 GMT
2026-09-03T00:52:36.643+0100 [DEBUG] provider.terraform-provider-google_v7.43.0_x5: Server: ESF
2026-09-03T00:52:36.643+0100 [DEBUG] provider.terraform-provider-google_v7.43.0_x5: Vary: Origin
2026-09-03T00:52:36.643+0100 [DEBUG] provider.terraform-provider-google_v7.43.0_x5: Vary: X-Origin
2026-09-03T00:52:36.643+0100 [DEBUG] provider.terraform-provider-google_v7.43.0_x5: Vary: Referer
2026-09-03T00:52:36.643+0100 [DEBUG] provider.terraform-provider-google_v7.43.0_x5: X-Content-Type-Options: nosniff
2026-09-03T00:52:36.643+0100 [DEBUG] provider.terraform-provider-google_v7.43.0_x5: X-Frame-Options: SAMEORIGIN
2026-09-03T00:52:36.643+0100 [DEBUG] provider.terraform-provider-google_v7.43.0_x5: X-Xss-Protection: 0
2026-09-03T00:52:36.643+0100 [DEBUG] provider.terraform-provider-google_v7.43.0_x5
2026-09-03T00:52:36.643+0100 [DEBUG] provider.terraform-provider-google_v7.43.0_x5: {
2026-09-03T00:52:36.643+0100 [DEBUG] provider.terraform-provider-google_v7.43.0_x5:   "kind": "compute#disk",
2026-09-03T00:52:36.643+0100 [DEBUG] provider.terraform-provider-google_v7.43.0_x5:   "id": "808818039363290644",
2026-09-03T00:52:36.643+0100 [DEBUG] provider.terraform-provider-google_v7.43.0_x5:   "creationTimestamp": "2026-08-15T16:40:43.957-07:00",
2026-09-03T00:52:36.643+0100 [DEBUG] provider.terraform-provider-google_v7.43.0_x5:   "name": "mgmt-vm",
2026-09-03T00:52:36.643+0100 [DEBUG] provider.terraform-provider-google_v7.43.0_x5:   "sizeGb": "50",
2026-09-03T00:52:36.643+0100 [DEBUG] provider.terraform-provider-google_v7.43.0_x5:   "zone": "https://www.googleapis.com/compute/v1/projects/nomad-platform-gcp/zones/europe-west1-b",
2026-09-03T00:52:36.643+0100 [DEBUG] provider.terraform-provider-google_v7.43.0_x5:   "status": "READY",
2026-09-03T00:52:36.644+0100 [DEBUG] provider.terraform-provider-google_v7.43.0_x5:   "selfLink": "https://www.googleapis.com/compute/v1/projects/nomad-platform-gcp/zones/europe-west1-b/disks/mgmt-vm",
2026-09-03T00:52:36.644+0100 [DEBUG] provider.terraform-provider-google_v7.43.0_x5:   "sourceImage": "https://www.googleapis.com/compute/v1/projects/debian-cloud/global/images/debian-12-bookworm-v20260811",
2026-09-03T00:52:36.644+0100 [DEBUG] provider.terraform-provider-google_v7.43.0_x5:   "sourceImageId": "4830979342128782307",
2026-09-03T00:52:36.644+0100 [DEBUG] provider.terraform-provider-google_v7.43.0_x5:   "type": "https://www.googleapis.com/compute/v1/projects/nomad-platform-gcp/zones/europe-west1-b/diskTypes/pd-balanced",
2026-09-03T00:52:36.644+0100 [DEBUG] provider.terraform-provider-google_v7.43.0_x5:   "licenses": [
2026-09-03T00:52:36.644+0100 [DEBUG] provider.terraform-provider-google_v7.43.0_x5: "https://www.googleapis.com/compute/v1/projects/debian-cloud/global/licenses/debian-12-bookworm"
2026-09-03T00:52:36.644+0100 [DEBUG] provider.terraform-provider-google_v7.43.0_x5:   ],
2026-09-03T00:52:36.644+0100 [DEBUG] provider.terraform-provider-google_v7.43.0_x5:   "guestOsFeatures": [
2026-09-03T00:52:36.644+0100 [DEBUG] provider.terraform-provider-google_v7.43.0_x5:     {
2026-09-03T00:52:36.644+0100 [DEBUG] provider.terraform-provider-google_v7.43.0_x5:       "type": "UEFI_COMPATIBLE"
2026-09-03T00:52:36.644+0100 [DEBUG] provider.terraform-provider-google_v7.43.0_x5:     },
2026-09-03T00:52:36.644+0100 [DEBUG] provider.terraform-provider-google_v7.43.0_x5:     {
2026-09-03T00:52:36.644+0100 [DEBUG] provider.terraform-provider-google_v7.43.0_x5:       "type": "VIRTIO_SCSI_MULTIQUEUE"
2026-09-03T00:52:36.644+0100 [DEBUG] provider.terraform-provider-google_v7.43.0_x5:     },
2026-09-03T00:52:36.644+0100 [DEBUG] provider.terraform-provider-google_v7.43.0_x5:     {
2026-09-03T00:52:36.644+0100 [DEBUG] provider.terraform-provider-google_v7.43.0_x5:       "type": "GVNIC"
2026-09-03T00:52:36.644+0100 [DEBUG] provider.terraform-provider-google_v7.43.0_x5:     },
2026-09-03T00:52:36.644+0100 [DEBUG] provider.terraform-provider-google_v7.43.0_x5:     {
2026-09-03T00:52:36.644+0100 [DEBUG] provider.terraform-provider-google_v7.43.0_x5:       "type": "SEV_CAPABLE"
2026-09-03T00:52:36.644+0100 [DEBUG] provider.terraform-provider-google_v7.43.0_x5:     },
2026-09-03T00:52:36.644+0100 [DEBUG] provider.terraform-provider-google_v7.43.0_x5:     {
2026-09-03T00:52:36.644+0100 [DEBUG] provider.terraform-provider-google_v7.43.0_x5:       "type": "SEV_LIVE_MIGRATABLE_V2"
2026-09-03T00:52:36.644+0100 [DEBUG] provider.terraform-provider-google_v7.43.0_x5:     }
2026-09-03T00:52:36.644+0100 [DEBUG] provider.terraform-provider-google_v7.43.0_x5:   ],
2026-09-03T00:52:36.644+0100 [DEBUG] provider.terraform-provider-google_v7.43.0_x5:   "lastAttachTimestamp": "2026-08-15T16:40:44.436-07:00",
2026-09-03T00:52:36.644+0100 [DEBUG] provider.terraform-provider-google_v7.43.0_x5:   "users": [
2026-09-03T00:52:36.644+0100 [DEBUG] provider.terraform-provider-google_v7.43.0_x5: "https://www.googleapis.com/compute/v1/projects/nomad-platform-gcp/zones/europe-west1-b/instances/mgmt-vm"
2026-09-03T00:52:36.644+0100 [DEBUG] provider.terraform-provider-google_v7.43.0_x5:   ],
2026-09-03T00:52:36.644+0100 [DEBUG] provider.terraform-provider-google_v7.43.0_x5:   "diskEncryptionKey": {
2026-09-03T00:52:36.644+0100 [DEBUG] provider.terraform-provider-google_v7.43.0_x5:     "kmsKeyName": "projects/nomad-platform-gcp/locations/europe-west1/keyRings/platform/cryptoKeys/disk-cmek/cryptoKeyVersions/1"
2026-09-03T00:52:36.644+0100 [DEBUG] provider.terraform-provider-google_v7.43.0_x5:   },
2026-09-03T00:52:36.644+0100 [DEBUG] provider.terraform-provider-google_v7.43.0_x5:   "labelFingerprint": "42WmSpB8rSM=",
2026-09-03T00:52:36.644+0100 [DEBUG] provider.terraform-provider-google_v7.43.0_x5:   "licenseCodes": [
2026-09-03T00:52:36.644+0100 [DEBUG] provider.terraform-provider-google_v7.43.0_x5: "2147286739765738111"
2026-09-03T00:52:36.644+0100 [DEBUG] provider.terraform-provider-google_v7.43.0_x5:   ],
2026-09-03T00:52:36.644+0100 [DEBUG] provider.terraform-provider-google_v7.43.0_x5:   "physicalBlockSizeBytes": "4096",
2026-09-03T00:52:36.644+0100 [DEBUG] provider.terraform-provider-google_v7.43.0_x5:   "enableConfidentialCompute": false,
2026-09-03T00:52:36.644+0100 [DEBUG] provider.terraform-provider-google_v7.43.0_x5:   "satisfiesPzi": true,
2026-09-03T00:52:36.644+0100 [DEBUG] provider.terraform-provider-google_v7.43.0_x5:   "architecture": "X86_64"
2026-09-03T00:52:36.644+0100 [DEBUG] provider.terraform-provider-google_v7.43.0_x5: }
2026-09-03T00:52:36.644+0100 [DEBUG] provider.terraform-provider-google_v7.43.0_x5
2026-09-03T00:52:36.644+0100 [DEBUG] provider.terraform-provider-google_v7.43.0_x5: -----------------------------------------------------
2026-09-03T00:52:36.653+0100 [DEBUG] provider.terraform-provider-google_v7.43.0_x5: 2026/09/03 00:52:36 [DEBUG] Google API Response Details:
2026-09-03T00:52:36.653+0100 [DEBUG] provider.terraform-provider-google_v7.43.0_x5: ---[ RESPONSE ]--------------------------------------
2026-09-03T00:52:36.653+0100 [DEBUG] provider.terraform-provider-google_v7.43.0_x5: HTTP/2.0 200 OK
2026-09-03T00:52:36.653+0100 [DEBUG] provider.terraform-provider-google_v7.43.0_x5: Alt-Svc: h3=":443"; ma=2592000,h3-29=":443"; ma=2592000
2026-09-03T00:52:36.653+0100 [DEBUG] provider.terraform-provider-google_v7.43.0_x5: Content-Type: application/json; charset=UTF-8
2026-09-03T00:52:36.653+0100 [DEBUG] provider.terraform-provider-google_v7.43.0_x5: Date: Wed, 02 Sep 2026 23:52:37 GMT
2026-09-03T00:52:36.653+0100 [DEBUG] provider.terraform-provider-google_v7.43.0_x5: Server: ESF
2026-09-03T00:52:36.653+0100 [DEBUG] provider.terraform-provider-google_v7.43.0_x5: Vary: Origin
2026-09-03T00:52:36.653+0100 [DEBUG] provider.terraform-provider-google_v7.43.0_x5: Vary: X-Origin
2026-09-03T00:52:36.653+0100 [DEBUG] provider.terraform-provider-google_v7.43.0_x5: Vary: Referer
2026-09-03T00:52:36.653+0100 [DEBUG] provider.terraform-provider-google_v7.43.0_x5: X-Content-Type-Options: nosniff
2026-09-03T00:52:36.653+0100 [DEBUG] provider.terraform-provider-google_v7.43.0_x5: X-Frame-Options: SAMEORIGIN
2026-09-03T00:52:36.653+0100 [DEBUG] provider.terraform-provider-google_v7.43.0_x5: X-Xss-Protection: 0
2026-09-03T00:52:36.653+0100 [DEBUG] provider.terraform-provider-google_v7.43.0_x5
2026-09-03T00:52:36.653+0100 [DEBUG] provider.terraform-provider-google_v7.43.0_x5: {
2026-09-03T00:52:36.653+0100 [DEBUG] provider.terraform-provider-google_v7.43.0_x5:  "kind": "compute#image",
2026-09-03T00:52:36.653+0100 [DEBUG] provider.terraform-provider-google_v7.43.0_x5:  "id": "1233865977414419335",
2026-09-03T00:52:36.653+0100 [DEBUG] provider.terraform-provider-google_v7.43.0_x5:  "creationTimestamp": "2026-09-01T23:08:41.734-07:00",
2026-09-03T00:52:36.653+0100 [DEBUG] provider.terraform-provider-google_v7.43.0_x5:  "name": "nomad-client-image-20260902-055848",
2026-09-03T00:52:36.653+0100 [DEBUG] provider.terraform-provider-google_v7.43.0_x5:  "description": "Nomad client golden image",
2026-09-03T00:52:36.653+0100 [DEBUG] provider.terraform-provider-google_v7.43.0_x5:  "sourceType": "RAW",
2026-09-03T00:52:36.653+0100 [DEBUG] provider.terraform-provider-google_v7.43.0_x5:  "status": "READY",
2026-09-03T00:52:36.653+0100 [DEBUG] provider.terraform-provider-google_v7.43.0_x5:  "archiveSizeBytes": "1459713024",
2026-09-03T00:52:36.653+0100 [DEBUG] provider.terraform-provider-google_v7.43.0_x5:  "diskSizeGb": "20",
2026-09-03T00:52:36.653+0100 [DEBUG] provider.terraform-provider-google_v7.43.0_x5:  "sourceDisk": "https://www.googleapis.com/compute/v1/projects/nomad-platform-gcp/zones/europe-west1-c/disks/packer-6a97bb18-1872-1330-1a2e-34ff6e1f9623",
2026-09-03T00:52:36.653+0100 [DEBUG] provider.terraform-provider-google_v7.43.0_x5:  "sourceDiskId": "2585260768332744141",
2026-09-03T00:52:36.653+0100 [DEBUG] provider.terraform-provider-google_v7.43.0_x5:  "licenses": [
2026-09-03T00:52:36.653+0100 [DEBUG] provider.terraform-provider-google_v7.43.0_x5:   "https://www.googleapis.com/compute/v1/projects/debian-cloud/global/licenses/debian-12-bookworm"
2026-09-03T00:52:36.653+0100 [DEBUG] provider.terraform-provider-google_v7.43.0_x5:  ],
2026-09-03T00:52:36.653+0100 [DEBUG] provider.terraform-provider-google_v7.43.0_x5:  "family": "nomad-client",
2026-09-03T00:52:36.653+0100 [DEBUG] provider.terraform-provider-google_v7.43.0_x5:  "selfLink": "https://www.googleapis.com/compute/v1/projects/nomad-platform-gcp/global/images/nomad-client-image-20260902-055848",
2026-09-03T00:52:36.653+0100 [DEBUG] provider.terraform-provider-google_v7.43.0_x5:  "labelFingerprint": "42WmSpB8rSM=",
2026-09-03T00:52:36.653+0100 [DEBUG] provider.terraform-provider-google_v7.43.0_x5:  "guestOsFeatures": [
2026-09-03T00:52:36.653+0100 [DEBUG] provider.terraform-provider-google_v7.43.0_x5:   {
2026-09-03T00:52:36.653+0100 [DEBUG] provider.terraform-provider-google_v7.43.0_x5:    "type": "UEFI_COMPATIBLE"
2026-09-03T00:52:36.653+0100 [DEBUG] provider.terraform-provider-google_v7.43.0_x5:   },
2026-09-03T00:52:36.653+0100 [DEBUG] provider.terraform-provider-google_v7.43.0_x5:   {
2026-09-03T00:52:36.653+0100 [DEBUG] provider.terraform-provider-google_v7.43.0_x5:    "type": "VIRTIO_SCSI_MULTIQUEUE"
2026-09-03T00:52:36.653+0100 [DEBUG] provider.terraform-provider-google_v7.43.0_x5:   },
2026-09-03T00:52:36.653+0100 [DEBUG] provider.terraform-provider-google_v7.43.0_x5:   {
2026-09-03T00:52:36.653+0100 [DEBUG] provider.terraform-provider-google_v7.43.0_x5:    "type": "GVNIC"
2026-09-03T00:52:36.653+0100 [DEBUG] provider.terraform-provider-google_v7.43.0_x5:   },
2026-09-03T00:52:36.653+0100 [DEBUG] provider.terraform-provider-google_v7.43.0_x5:   {
2026-09-03T00:52:36.653+0100 [DEBUG] provider.terraform-provider-google_v7.43.0_x5:    "type": "SEV_CAPABLE"
2026-09-03T00:52:36.653+0100 [DEBUG] provider.terraform-provider-google_v7.43.0_x5:   },
2026-09-03T00:52:36.653+0100 [DEBUG] provider.terraform-provider-google_v7.43.0_x5:   {
2026-09-03T00:52:36.653+0100 [DEBUG] provider.terraform-provider-google_v7.43.0_x5:    "type": "SEV_LIVE_MIGRATABLE_V2"
2026-09-03T00:52:36.653+0100 [DEBUG] provider.terraform-provider-google_v7.43.0_x5:   }
2026-09-03T00:52:36.653+0100 [DEBUG] provider.terraform-provider-google_v7.43.0_x5:  ],
2026-09-03T00:52:36.654+0100 [DEBUG] provider.terraform-provider-google_v7.43.0_x5:  "licenseCodes": [
2026-09-03T00:52:36.654+0100 [DEBUG] provider.terraform-provider-google_v7.43.0_x5:   "2147286739765738111"
2026-09-03T00:52:36.654+0100 [DEBUG] provider.terraform-provider-google_v7.43.0_x5:  ],
2026-09-03T00:52:36.654+0100 [DEBUG] provider.terraform-provider-google_v7.43.0_x5:  "storageLocations": [
2026-09-03T00:52:36.654+0100 [DEBUG] provider.terraform-provider-google_v7.43.0_x5:   "eu"
2026-09-03T00:52:36.654+0100 [DEBUG] provider.terraform-provider-google_v7.43.0_x5:  ],
2026-09-03T00:52:36.654+0100 [DEBUG] provider.terraform-provider-google_v7.43.0_x5:  "architecture": "X86_64",
2026-09-03T00:52:36.654+0100 [DEBUG] provider.terraform-provider-google_v7.43.0_x5:  "enableConfidentialCompute": false
2026-09-03T00:52:36.654+0100 [DEBUG] provider.terraform-provider-google_v7.43.0_x5: }
2026-09-03T00:52:36.654+0100 [DEBUG] provider.terraform-provider-google_v7.43.0_x5: -----------------------------------------------------
2026-09-03T00:52:36.667+0100 [WARN]  Provider "registry.terraform.io/hashicorp/google" produced an invalid plan for module.mig.google_compute_instance_template.this["nomad-dev-spot"], but we are tolerating it because it is using the legacy plugin SDK.
    The following problems may be the cause of any confusing errors from downstream operations:
      - .min_cpu_platform: planned value cty.StringVal("") for a non-computed attribute
      - .key_revocation_action_type: planned value cty.StringVal("") for a non-computed attribute
      - .can_ip_forward: planned value cty.False for a non-computed attribute
      - .instance_description: planned value cty.StringVal("") for a non-computed attribute
      - .description: planned value cty.StringVal("") for a non-computed attribute
      - .disk[0].labels: planned value cty.MapValEmpty(cty.String) for a non-computed attribute
      - .disk[0].resource_manager_tags: planned value cty.MapValEmpty(cty.String) for a non-computed attribute
      - .disk[0].resource_policies: planned value cty.ListValEmpty(cty.String) for a non-computed attribute
      - .disk[0].storage_pool: planned value cty.StringVal("") for a non-computed attribute
      - .disk[0].source: planned value cty.StringVal("") for a non-computed attribute
      - .disk[0].source_snapshot: planned value cty.StringVal("") for a non-computed attribute
      - .disk[0].guest_os_features: planned value cty.ListValEmpty(cty.String) for a non-computed attribute
      - .disk[0].disk_name: planned value cty.StringVal("") for a non-computed attribute
      - .disk[0].disk_encryption_key[0].kms_key_service_account: planned value cty.StringVal("") for a non-computed attribute
      - .network_interface[0].nic_type: planned value cty.StringVal("") for a non-computed attribute
      - .network_interface[0].vlan: planned value cty.NumberIntVal(0) for a non-computed attribute
      - .network_interface[0].network_ip: planned value cty.StringVal("") for a non-computed attribute
      - .network_interface[0].queue_count: planned value cty.NumberIntVal(0) for a non-computed attribute
      - .scheduling[0].min_node_cpus: planned value cty.NumberIntVal(0) for a non-computed attribute
      - .scheduling[0].termination_time: planned value cty.StringVal("") for a non-computed attribute
      - .scheduling[0].availability_domain: planned value cty.NumberIntVal(0) for a non-computed attribute
2026-09-03T00:52:36.672+0100 [DEBUG] provider.terraform-provider-google_v7.43.0_x5: 2026/09/03 00:52:36 [DEBUG] Google API Response Details:
2026-09-03T00:52:36.672+0100 [DEBUG] provider.terraform-provider-google_v7.43.0_x5: ---[ RESPONSE ]--------------------------------------
2026-09-03T00:52:36.672+0100 [DEBUG] provider.terraform-provider-google_v7.43.0_x5: HTTP/2.0 200 OK
2026-09-03T00:52:36.679+0100 [DEBUG] provider.terraform-provider-google_v7.43.0_x5: Alt-Svc: h3=":443"; ma=2592000,h3-29=":443"; ma=2592000
2026-09-03T00:52:36.679+0100 [DEBUG] provider.terraform-provider-google_v7.43.0_x5: Content-Type: application/json; charset=UTF-8
2026-09-03T00:52:36.679+0100 [DEBUG] provider.terraform-provider-google_v7.43.0_x5: Date: Wed, 02 Sep 2026 23:52:37 GMT
2026-09-03T00:52:36.679+0100 [DEBUG] provider.terraform-provider-google_v7.43.0_x5: Server: ESF
2026-09-03T00:52:36.679+0100 [DEBUG] provider.terraform-provider-google_v7.43.0_x5: Vary: Origin
2026-09-03T00:52:36.679+0100 [DEBUG] provider.terraform-provider-google_v7.43.0_x5: Vary: X-Origin
2026-09-03T00:52:36.679+0100 [DEBUG] provider.terraform-provider-google_v7.43.0_x5: Vary: Referer
2026-09-03T00:52:36.679+0100 [DEBUG] provider.terraform-provider-google_v7.43.0_x5: X-Content-Type-Options: nosniff
2026-09-03T00:52:36.679+0100 [DEBUG] provider.terraform-provider-google_v7.43.0_x5: X-Frame-Options: SAMEORIGIN
2026-09-03T00:52:36.679+0100 [DEBUG] provider.terraform-provider-google_v7.43.0_x5: X-Xss-Protection: 0
2026-09-03T00:52:36.679+0100 [DEBUG] provider.terraform-provider-google_v7.43.0_x5
2026-09-03T00:52:36.679+0100 [DEBUG] provider.terraform-provider-google_v7.43.0_x5: {
2026-09-03T00:52:36.679+0100 [DEBUG] provider.terraform-provider-google_v7.43.0_x5:   "kind": "compute#disk",
2026-09-03T00:52:36.679+0100 [DEBUG] provider.terraform-provider-google_v7.43.0_x5:   "id": "4945942035945047572",
2026-09-03T00:52:36.679+0100 [DEBUG] provider.terraform-provider-google_v7.43.0_x5:   "creationTimestamp": "2026-08-15T16:40:44.133-07:00",
2026-09-03T00:52:36.679+0100 [DEBUG] provider.terraform-provider-google_v7.43.0_x5:   "name": "traefik-internal",
2026-09-03T00:52:36.679+0100 [DEBUG] provider.terraform-provider-google_v7.43.0_x5:   "sizeGb": "20",
2026-09-03T00:52:36.679+0100 [DEBUG] provider.terraform-provider-google_v7.43.0_x5:   "zone": "https://www.googleapis.com/compute/v1/projects/nomad-platform-gcp/zones/europe-west1-b",
2026-09-03T00:52:36.679+0100 [DEBUG] provider.terraform-provider-google_v7.43.0_x5:   "status": "READY",
2026-09-03T00:52:36.679+0100 [DEBUG] provider.terraform-provider-google_v7.43.0_x5:   "selfLink": "https://www.googleapis.com/compute/v1/projects/nomad-platform-gcp/zones/europe-west1-b/disks/traefik-internal",
2026-09-03T00:52:36.679+0100 [DEBUG] provider.terraform-provider-google_v7.43.0_x5:   "sourceImage": "https://www.googleapis.com/compute/v1/projects/debian-cloud/global/images/debian-12-bookworm-v20260811",
2026-09-03T00:52:36.679+0100 [DEBUG] provider.terraform-provider-google_v7.43.0_x5:   "sourceImageId": "4830979342128782307",
2026-09-03T00:52:36.679+0100 [DEBUG] provider.terraform-provider-google_v7.43.0_x5:   "type": "https://www.googleapis.com/compute/v1/projects/nomad-platform-gcp/zones/europe-west1-b/diskTypes/pd-balanced",
2026-09-03T00:52:36.679+0100 [DEBUG] provider.terraform-provider-google_v7.43.0_x5:   "licenses": [
2026-09-03T00:52:36.679+0100 [DEBUG] provider.terraform-provider-google_v7.43.0_x5: "https://www.googleapis.com/compute/v1/projects/debian-cloud/global/licenses/debian-12-bookworm"
2026-09-03T00:52:36.679+0100 [DEBUG] provider.terraform-provider-google_v7.43.0_x5:   ],
2026-09-03T00:52:36.679+0100 [DEBUG] provider.terraform-provider-google_v7.43.0_x5:   "guestOsFeatures": [
2026-09-03T00:52:36.679+0100 [DEBUG] provider.terraform-provider-google_v7.43.0_x5:     {
2026-09-03T00:52:36.679+0100 [DEBUG] provider.terraform-provider-google_v7.43.0_x5:       "type": "UEFI_COMPATIBLE"
2026-09-03T00:52:36.679+0100 [DEBUG] provider.terraform-provider-google_v7.43.0_x5:     },
2026-09-03T00:52:36.679+0100 [DEBUG] provider.terraform-provider-google_v7.43.0_x5:     {
2026-09-03T00:52:36.679+0100 [DEBUG] provider.terraform-provider-google_v7.43.0_x5:       "type": "VIRTIO_SCSI_MULTIQUEUE"
2026-09-03T00:52:36.679+0100 [DEBUG] provider.terraform-provider-google_v7.43.0_x5:     },
2026-09-03T00:52:36.679+0100 [DEBUG] provider.terraform-provider-google_v7.43.0_x5:     {
2026-09-03T00:52:36.679+0100 [DEBUG] provider.terraform-provider-google_v7.43.0_x5:       "type": "GVNIC"
2026-09-03T00:52:36.679+0100 [DEBUG] provider.terraform-provider-google_v7.43.0_x5:     },
2026-09-03T00:52:36.679+0100 [DEBUG] provider.terraform-provider-google_v7.43.0_x5:     {
2026-09-03T00:52:36.679+0100 [DEBUG] provider.terraform-provider-google_v7.43.0_x5:       "type": "SEV_CAPABLE"
2026-09-03T00:52:36.679+0100 [DEBUG] provider.terraform-provider-google_v7.43.0_x5:     },
2026-09-03T00:52:36.679+0100 [DEBUG] provider.terraform-provider-google_v7.43.0_x5:     {
2026-09-03T00:52:36.679+0100 [DEBUG] provider.terraform-provider-google_v7.43.0_x5:       "type": "SEV_LIVE_MIGRATABLE_V2"
2026-09-03T00:52:36.679+0100 [DEBUG] provider.terraform-provider-google_v7.43.0_x5:     }
2026-09-03T00:52:36.679+0100 [DEBUG] provider.terraform-provider-google_v7.43.0_x5:   ],
2026-09-03T00:52:36.679+0100 [DEBUG] provider.terraform-provider-google_v7.43.0_x5:   "lastAttachTimestamp": "2026-08-15T16:40:44.637-07:00",
2026-09-03T00:52:36.679+0100 [DEBUG] provider.terraform-provider-google_v7.43.0_x5:   "users": [
2026-09-03T00:52:36.679+0100 [DEBUG] provider.terraform-provider-google_v7.43.0_x5: "https://www.googleapis.com/compute/v1/projects/nomad-platform-gcp/zones/europe-west1-b/instances/traefik-internal"
2026-09-03T00:52:36.679+0100 [DEBUG] provider.terraform-provider-google_v7.43.0_x5:   ],
2026-09-03T00:52:36.679+0100 [DEBUG] provider.terraform-provider-google_v7.43.0_x5:   "diskEncryptionKey": {
2026-09-03T00:52:36.679+0100 [DEBUG] provider.terraform-provider-google_v7.43.0_x5:     "kmsKeyName": "projects/nomad-platform-gcp/locations/europe-west1/keyRings/platform/cryptoKeys/disk-cmek/cryptoKeyVersions/1"
2026-09-03T00:52:36.679+0100 [DEBUG] provider.terraform-provider-google_v7.43.0_x5:   },
2026-09-03T00:52:36.679+0100 [DEBUG] provider.terraform-provider-google_v7.43.0_x5:   "labelFingerprint": "42WmSpB8rSM=",
2026-09-03T00:52:36.679+0100 [DEBUG] provider.terraform-provider-google_v7.43.0_x5:   "licenseCodes": [
2026-09-03T00:52:36.679+0100 [DEBUG] provider.terraform-provider-google_v7.43.0_x5: "2147286739765738111"
2026-09-03T00:52:36.679+0100 [DEBUG] provider.terraform-provider-google_v7.43.0_x5:   ],
2026-09-03T00:52:36.679+0100 [DEBUG] provider.terraform-provider-google_v7.43.0_x5:   "physicalBlockSizeBytes": "4096",
2026-09-03T00:52:36.679+0100 [DEBUG] provider.terraform-provider-google_v7.43.0_x5:   "enableConfidentialCompute": false,
2026-09-03T00:52:36.679+0100 [DEBUG] provider.terraform-provider-google_v7.43.0_x5:   "satisfiesPzi": true,
2026-09-03T00:52:36.679+0100 [DEBUG] provider.terraform-provider-google_v7.43.0_x5:   "architecture": "X86_64"
2026-09-03T00:52:36.679+0100 [DEBUG] provider.terraform-provider-google_v7.43.0_x5: }
2026-09-03T00:52:36.679+0100 [DEBUG] provider.terraform-provider-google_v7.43.0_x5
2026-09-03T00:52:36.679+0100 [DEBUG] provider.terraform-provider-google_v7.43.0_x5: -----------------------------------------------------
2026-09-03T00:52:36.705+0100 [WARN]  Provider "registry.terraform.io/hashicorp/google" produced an invalid plan for module.instances.google_compute_instance.this["mgmt-vm"], but we are tolerating it because it is using the legacy plugin SDK.
    The following problems may be the cause of any confusing errors from downstream operations:
      - .hostname: planned value cty.StringVal("") for a non-computed attribute
      - .key_revocation_action_type: planned value cty.StringVal("") for a non-computed attribute
      - .resource_policies: planned value cty.ListValEmpty(cty.String) for a non-computed attribute
      - .description: planned value cty.StringVal("") for a non-computed attribute
      - .enable_display: planned value cty.False for a non-computed attribute
      - .deletion_protection: planned value cty.False for a non-computed attribute
      - .can_ip_forward: planned value cty.False for a non-computed attribute
      - .attached_disk[0].disk_encryption_key_raw: sensitive planned value for a non-computed attribute
      - .attached_disk[0].disk_encryption_key_rsa: sensitive planned value for a non-computed attribute
      - .attached_disk[0].disk_encryption_service_account: planned value cty.StringVal("") for a non-computed attribute
      - .attached_disk[0].force_attach: planned value cty.False for a non-computed attribute
      - .attached_disk[1].disk_encryption_service_account: planned value cty.StringVal("") for a non-computed attribute
      - .attached_disk[1].force_attach: planned value cty.False for a non-computed attribute
      - .attached_disk[1].disk_encryption_key_raw: sensitive planned value for a non-computed attribute
      - .attached_disk[1].disk_encryption_key_rsa: sensitive planned value for a non-computed attribute
      - .attached_disk[2].disk_encryption_service_account: planned value cty.StringVal("") for a non-computed attribute
      - .attached_disk[2].force_attach: planned value cty.False for a non-computed attribute
      - .attached_disk[2].disk_encryption_key_raw: sensitive planned value for a non-computed attribute
      - .attached_disk[2].disk_encryption_key_rsa: sensitive planned value for a non-computed attribute
      - .boot_disk[0].force_attach: planned value cty.False for a non-computed attribute
      - .boot_disk[0].disk_encryption_key_rsa: sensitive planned value for a non-computed attribute
      - .boot_disk[0].interface: planned value cty.StringVal("") for a non-computed attribute
      - .boot_disk[0].mode: planned value cty.StringVal("READ_WRITE") for a non-computed attribute
      - .boot_disk[0].auto_delete: planned value cty.True for a non-computed attribute
      - .boot_disk[0].disk_encryption_key_raw: sensitive planned value for a non-computed attribute
      - .boot_disk[0].disk_encryption_service_account: planned value cty.StringVal("") for a non-computed attribute
      - .boot_disk[0].initialize_params[0].enable_confidential_compute: planned value cty.False for a non-computed attribute
      - .boot_disk[0].initialize_params[0].resource_manager_tags: planned value cty.MapValEmpty(cty.String) for a non-computed attribute
      - .boot_disk[0].initialize_params[0].replica_zones: planned value cty.ListValEmpty(cty.String) for a non-computed attribute
      - .boot_disk[0].initialize_params[0].storage_pool: planned value cty.StringVal("") for a non-computed attribute
      - .scheduling: block count in plan (1) disagrees with count in config (0)
      - .network_interface[0].vlan: planned value cty.NumberIntVal(0) for a non-computed attribute
      - .network_interface[0].nic_type: planned value cty.StringVal("") for a non-computed attribute
      - .network_interface[0].queue_count: planned value cty.NumberIntVal(0) for a non-computed attribute
      - .shielded_instance_config: block count in plan (1) disagrees with count in config (0)
2026-09-03T00:52:36.713+0100 [DEBUG] provider.terraform-provider-google_v7.43.0_x5: 2026/09/03 00:52:36 [DEBUG] `deletion_policy` detected as not set within resource or provider configuration. Falling back to resource default, DELETE
2026-09-03T00:52:36.714+0100 [WARN]  provider.terraform-provider-google_v7.43.0_x5: unable to require attribute replacement: tf_attribute_path=metadata_startup_script tf_mux_provider="*schema.GRPCProviderServer" @caller=github.com/hashicorp/terraform-plugin-sdk/v2@v2.40.1/helper/customdiff/force_new.go:32 error="ForceNew: No changes for metadata_startup_script" tf_provider_addr=registry.terraform.io/hashicorp/google tf_req_id=ee71c0d8-9b3b-5727-b840-b816011e92f3 tf_resource_type=google_compute_instance tf_rpc=PlanResourceChange @module=sdk.helper_schema timestamp="2026-09-03T00:52:36.699+0100"
2026-09-03T00:52:36.714+0100 [DEBUG] provider.terraform-provider-google_v7.43.0_x5: 2026/09/03 00:52:36 [DEBUG] Google API Response Details:
2026-09-03T00:52:36.714+0100 [DEBUG] provider.terraform-provider-google_v7.43.0_x5: ---[ RESPONSE ]--------------------------------------
2026-09-03T00:52:36.714+0100 [DEBUG] provider.terraform-provider-google_v7.43.0_x5: HTTP/2.0 200 OK
2026-09-03T00:52:36.714+0100 [DEBUG] provider.terraform-provider-google_v7.43.0_x5: Alt-Svc: h3=":443"; ma=2592000,h3-29=":443"; ma=2592000
2026-09-03T00:52:36.714+0100 [DEBUG] provider.terraform-provider-google_v7.43.0_x5: Content-Type: application/json; charset=UTF-8
2026-09-03T00:52:36.714+0100 [DEBUG] provider.terraform-provider-google_v7.43.0_x5: Date: Wed, 02 Sep 2026 23:52:37 GMT
2026-09-03T00:52:36.714+0100 [DEBUG] provider.terraform-provider-google_v7.43.0_x5: Server: ESF
2026-09-03T00:52:36.714+0100 [DEBUG] provider.terraform-provider-google_v7.43.0_x5: Vary: Origin
2026-09-03T00:52:36.714+0100 [DEBUG] provider.terraform-provider-google_v7.43.0_x5: Vary: X-Origin
2026-09-03T00:52:36.714+0100 [DEBUG] provider.terraform-provider-google_v7.43.0_x5: Vary: Referer
2026-09-03T00:52:36.714+0100 [DEBUG] provider.terraform-provider-google_v7.43.0_x5: X-Content-Type-Options: nosniff
2026-09-03T00:52:36.714+0100 [DEBUG] provider.terraform-provider-google_v7.43.0_x5: X-Frame-Options: SAMEORIGIN
2026-09-03T00:52:36.714+0100 [DEBUG] provider.terraform-provider-google_v7.43.0_x5: X-Xss-Protection: 0
2026-09-03T00:52:36.714+0100 [DEBUG] provider.terraform-provider-google_v7.43.0_x5
2026-09-03T00:52:36.714+0100 [DEBUG] provider.terraform-provider-google_v7.43.0_x5: {
2026-09-03T00:52:36.714+0100 [DEBUG] provider.terraform-provider-google_v7.43.0_x5:   "kind": "compute#disk",
2026-09-03T00:52:36.714+0100 [DEBUG] provider.terraform-provider-google_v7.43.0_x5:   "id": "6016387575625419951",
2026-09-03T00:52:36.714+0100 [DEBUG] provider.terraform-provider-google_v7.43.0_x5:   "creationTimestamp": "2026-09-01T22:21:04.956-07:00",
2026-09-03T00:52:36.714+0100 [DEBUG] provider.terraform-provider-google_v7.43.0_x5:   "name": "nomad-dev-server-0",
2026-09-03T00:52:36.714+0100 [DEBUG] provider.terraform-provider-google_v7.43.0_x5:   "sizeGb": "20",
2026-09-03T00:52:36.714+0100 [DEBUG] provider.terraform-provider-google_v7.43.0_x5:   "zone": "https://www.googleapis.com/compute/v1/projects/nomad-platform-gcp/zones/europe-west1-b",
2026-09-03T00:52:36.714+0100 [DEBUG] provider.terraform-provider-google_v7.43.0_x5:   "status": "READY",
2026-09-03T00:52:36.714+0100 [DEBUG] provider.terraform-provider-google_v7.43.0_x5:   "selfLink": "https://www.googleapis.com/compute/v1/projects/nomad-platform-gcp/zones/europe-west1-b/disks/nomad-dev-server-0",
2026-09-03T00:52:36.714+0100 [DEBUG] provider.terraform-provider-google_v7.43.0_x5:   "sourceImage": "https://www.googleapis.com/compute/v1/projects/nomad-platform-gcp/global/images/nomad-server-image-20260901-134936",
2026-09-03T00:52:36.714+0100 [DEBUG] provider.terraform-provider-google_v7.43.0_x5:   "sourceImageId": "3191538862937302861",
2026-09-03T00:52:36.714+0100 [DEBUG] provider.terraform-provider-google_v7.43.0_x5:   "type": "https://www.googleapis.com/compute/v1/projects/nomad-platform-gcp/zones/europe-west1-b/diskTypes/pd-standard",
2026-09-03T00:52:36.714+0100 [DEBUG] provider.terraform-provider-google_v7.43.0_x5:   "licenses": [
2026-09-03T00:52:36.714+0100 [DEBUG] provider.terraform-provider-google_v7.43.0_x5: "https://www.googleapis.com/compute/v1/projects/debian-cloud/global/licenses/debian-12-bookworm"
2026-09-03T00:52:36.714+0100 [DEBUG] provider.terraform-provider-google_v7.43.0_x5:   ],
2026-09-03T00:52:36.714+0100 [DEBUG] provider.terraform-provider-google_v7.43.0_x5:   "guestOsFeatures": [
2026-09-03T00:52:36.714+0100 [DEBUG] provider.terraform-provider-google_v7.43.0_x5:     {
2026-09-03T00:52:36.714+0100 [DEBUG] provider.terraform-provider-google_v7.43.0_x5:       "type": "UEFI_COMPATIBLE"
2026-09-03T00:52:36.714+0100 [DEBUG] provider.terraform-provider-google_v7.43.0_x5:     },
2026-09-03T00:52:36.714+0100 [DEBUG] provider.terraform-provider-google_v7.43.0_x5:     {
2026-09-03T00:52:36.714+0100 [DEBUG] provider.terraform-provider-google_v7.43.0_x5:       "type": "VIRTIO_SCSI_MULTIQUEUE"
2026-09-03T00:52:36.714+0100 [DEBUG] provider.terraform-provider-google_v7.43.0_x5:     },
2026-09-03T00:52:36.714+0100 [DEBUG] provider.terraform-provider-google_v7.43.0_x5:     {
2026-09-03T00:52:36.714+0100 [DEBUG] provider.terraform-provider-google_v7.43.0_x5:       "type": "GVNIC"
2026-09-03T00:52:36.714+0100 [DEBUG] provider.terraform-provider-google_v7.43.0_x5:     },
2026-09-03T00:52:36.714+0100 [DEBUG] provider.terraform-provider-google_v7.43.0_x5:     {
2026-09-03T00:52:36.714+0100 [DEBUG] provider.terraform-provider-google_v7.43.0_x5:       "type": "SEV_CAPABLE"
2026-09-03T00:52:36.714+0100 [DEBUG] provider.terraform-provider-google_v7.43.0_x5:     },
2026-09-03T00:52:36.714+0100 [DEBUG] provider.terraform-provider-google_v7.43.0_x5:     {
2026-09-03T00:52:36.714+0100 [DEBUG] provider.terraform-provider-google_v7.43.0_x5:       "type": "SEV_LIVE_MIGRATABLE_V2"
2026-09-03T00:52:36.714+0100 [DEBUG] provider.terraform-provider-google_v7.43.0_x5:     }
2026-09-03T00:52:36.714+0100 [DEBUG] provider.terraform-provider-google_v7.43.0_x5:   ],
2026-09-03T00:52:36.714+0100 [DEBUG] provider.terraform-provider-google_v7.43.0_x5:   "lastAttachTimestamp": "2026-09-01T22:21:05.519-07:00",
2026-09-03T00:52:36.714+0100 [DEBUG] provider.terraform-provider-google_v7.43.0_x5:   "users": [
2026-09-03T00:52:36.714+0100 [DEBUG] provider.terraform-provider-google_v7.43.0_x5: "https://www.googleapis.com/compute/v1/projects/nomad-platform-gcp/zones/europe-west1-b/instances/nomad-dev-server-0"
2026-09-03T00:52:36.714+0100 [DEBUG] provider.terraform-provider-google_v7.43.0_x5:   ],
2026-09-03T00:52:36.714+0100 [DEBUG] provider.terraform-provider-google_v7.43.0_x5:   "diskEncryptionKey": {
2026-09-03T00:52:36.714+0100 [DEBUG] provider.terraform-provider-google_v7.43.0_x5:     "kmsKeyName": "projects/nomad-platform-gcp/locations/europe-west1/keyRings/platform/cryptoKeys/disk-cmek/cryptoKeyVersions/1"
2026-09-03T00:52:36.714+0100 [DEBUG] provider.terraform-provider-google_v7.43.0_x5:   },
2026-09-03T00:52:36.714+0100 [DEBUG] provider.terraform-provider-google_v7.43.0_x5:   "labelFingerprint": "42WmSpB8rSM=",
2026-09-03T00:52:36.714+0100 [DEBUG] provider.terraform-provider-google_v7.43.0_x5:   "licenseCodes": [
2026-09-03T00:52:36.714+0100 [DEBUG] provider.terraform-provider-google_v7.43.0_x5: "2147286739765738111"
2026-09-03T00:52:36.714+0100 [DEBUG] provider.terraform-provider-google_v7.43.0_x5:   ],
2026-09-03T00:52:36.714+0100 [DEBUG] provider.terraform-provider-google_v7.43.0_x5:   "physicalBlockSizeBytes": "4096",
2026-09-03T00:52:36.714+0100 [DEBUG] provider.terraform-provider-google_v7.43.0_x5:   "enableConfidentialCompute": false,
2026-09-03T00:52:36.714+0100 [DEBUG] provider.terraform-provider-google_v7.43.0_x5:   "satisfiesPzi": true,
2026-09-03T00:52:36.714+0100 [DEBUG] provider.terraform-provider-google_v7.43.0_x5:   "architecture": "X86_64"
2026-09-03T00:52:36.714+0100 [DEBUG] provider.terraform-provider-google_v7.43.0_x5: }
2026-09-03T00:52:36.714+0100 [DEBUG] provider.terraform-provider-google_v7.43.0_x5
2026-09-03T00:52:36.714+0100 [DEBUG] provider.terraform-provider-google_v7.43.0_x5: -----------------------------------------------------
2026-09-03T00:52:36.723+0100 [DEBUG] provider.terraform-provider-google_v7.43.0_x5: 2026/09/03 00:52:36 [DEBUG] Google API Response Details:
2026-09-03T00:52:36.723+0100 [DEBUG] provider.terraform-provider-google_v7.43.0_x5: ---[ RESPONSE ]--------------------------------------
2026-09-03T00:52:36.723+0100 [DEBUG] provider.terraform-provider-google_v7.43.0_x5: HTTP/2.0 200 OK
2026-09-03T00:52:36.723+0100 [DEBUG] provider.terraform-provider-google_v7.43.0_x5: Alt-Svc: h3=":443"; ma=2592000,h3-29=":443"; ma=2592000
2026-09-03T00:52:36.723+0100 [DEBUG] provider.terraform-provider-google_v7.43.0_x5: Content-Type: application/json; charset=UTF-8
2026-09-03T00:52:36.724+0100 [DEBUG] provider.terraform-provider-google_v7.43.0_x5: Date: Wed, 02 Sep 2026 23:52:37 GMT
2026-09-03T00:52:36.724+0100 [DEBUG] provider.terraform-provider-google_v7.43.0_x5: Server: ESF
2026-09-03T00:52:36.724+0100 [DEBUG] provider.terraform-provider-google_v7.43.0_x5: Vary: Origin
2026-09-03T00:52:36.724+0100 [DEBUG] provider.terraform-provider-google_v7.43.0_x5: Vary: X-Origin
2026-09-03T00:52:36.724+0100 [DEBUG] provider.terraform-provider-google_v7.43.0_x5: Vary: Referer
2026-09-03T00:52:36.724+0100 [DEBUG] provider.terraform-provider-google_v7.43.0_x5: X-Content-Type-Options: nosniff
2026-09-03T00:52:36.724+0100 [DEBUG] provider.terraform-provider-google_v7.43.0_x5: X-Frame-Options: SAMEORIGIN
2026-09-03T00:52:36.724+0100 [DEBUG] provider.terraform-provider-google_v7.43.0_x5: X-Xss-Protection: 0
2026-09-03T00:52:36.724+0100 [DEBUG] provider.terraform-provider-google_v7.43.0_x5
2026-09-03T00:52:36.724+0100 [DEBUG] provider.terraform-provider-google_v7.43.0_x5: {
2026-09-03T00:52:36.724+0100 [DEBUG] provider.terraform-provider-google_v7.43.0_x5:  "kind": "compute#image",
2026-09-03T00:52:36.725+0100 [DEBUG] provider.terraform-provider-google_v7.43.0_x5:  "id": "1233865977414419335",
2026-09-03T00:52:36.725+0100 [DEBUG] provider.terraform-provider-google_v7.43.0_x5:  "creationTimestamp": "2026-09-01T23:08:41.734-07:00",
2026-09-03T00:52:36.725+0100 [DEBUG] provider.terraform-provider-google_v7.43.0_x5:  "name": "nomad-client-image-20260902-055848",
2026-09-03T00:52:36.725+0100 [DEBUG] provider.terraform-provider-google_v7.43.0_x5:  "description": "Nomad client golden image",
2026-09-03T00:52:36.725+0100 [DEBUG] provider.terraform-provider-google_v7.43.0_x5:  "sourceType": "RAW",
2026-09-03T00:52:36.725+0100 [DEBUG] provider.terraform-provider-google_v7.43.0_x5:  "status": "READY",
2026-09-03T00:52:36.725+0100 [DEBUG] provider.terraform-provider-google_v7.43.0_x5:  "archiveSizeBytes": "1459713024",
2026-09-03T00:52:36.725+0100 [DEBUG] provider.terraform-provider-google_v7.43.0_x5:  "diskSizeGb": "20",
2026-09-03T00:52:36.725+0100 [DEBUG] provider.terraform-provider-google_v7.43.0_x5:  "sourceDisk": "https://www.googleapis.com/compute/v1/projects/nomad-platform-gcp/zones/europe-west1-c/disks/packer-6a97bb18-1872-1330-1a2e-34ff6e1f9623",
2026-09-03T00:52:36.725+0100 [DEBUG] provider.terraform-provider-google_v7.43.0_x5:  "sourceDiskId": "2585260768332744141",
2026-09-03T00:52:36.725+0100 [DEBUG] provider.terraform-provider-google_v7.43.0_x5:  "licenses": [
2026-09-03T00:52:36.725+0100 [DEBUG] provider.terraform-provider-google_v7.43.0_x5:   "https://www.googleapis.com/compute/v1/projects/debian-cloud/global/licenses/debian-12-bookworm"
2026-09-03T00:52:36.725+0100 [DEBUG] provider.terraform-provider-google_v7.43.0_x5:  ],
2026-09-03T00:52:36.725+0100 [DEBUG] provider.terraform-provider-google_v7.43.0_x5:  "family": "nomad-client",
2026-09-03T00:52:36.725+0100 [DEBUG] provider.terraform-provider-google_v7.43.0_x5:  "selfLink": "https://www.googleapis.com/compute/v1/projects/nomad-platform-gcp/global/images/nomad-client-image-20260902-055848",
2026-09-03T00:52:36.725+0100 [DEBUG] provider.terraform-provider-google_v7.43.0_x5:  "labelFingerprint": "42WmSpB8rSM=",
2026-09-03T00:52:36.725+0100 [DEBUG] provider.terraform-provider-google_v7.43.0_x5:  "guestOsFeatures": [
2026-09-03T00:52:36.725+0100 [DEBUG] provider.terraform-provider-google_v7.43.0_x5:   {
2026-09-03T00:52:36.725+0100 [DEBUG] provider.terraform-provider-google_v7.43.0_x5:    "type": "UEFI_COMPATIBLE"
2026-09-03T00:52:36.725+0100 [DEBUG] provider.terraform-provider-google_v7.43.0_x5:   },
2026-09-03T00:52:36.725+0100 [DEBUG] provider.terraform-provider-google_v7.43.0_x5:   {
2026-09-03T00:52:36.725+0100 [DEBUG] provider.terraform-provider-google_v7.43.0_x5:    "type": "VIRTIO_SCSI_MULTIQUEUE"
2026-09-03T00:52:36.725+0100 [DEBUG] provider.terraform-provider-google_v7.43.0_x5:   },
2026-09-03T00:52:36.725+0100 [DEBUG] provider.terraform-provider-google_v7.43.0_x5:   {
2026-09-03T00:52:36.725+0100 [DEBUG] provider.terraform-provider-google_v7.43.0_x5:    "type": "GVNIC"
2026-09-03T00:52:36.725+0100 [DEBUG] provider.terraform-provider-google_v7.43.0_x5:   },
2026-09-03T00:52:36.725+0100 [DEBUG] provider.terraform-provider-google_v7.43.0_x5:   {
2026-09-03T00:52:36.725+0100 [DEBUG] provider.terraform-provider-google_v7.43.0_x5:    "type": "SEV_CAPABLE"
2026-09-03T00:52:36.725+0100 [DEBUG] provider.terraform-provider-google_v7.43.0_x5:   },
2026-09-03T00:52:36.725+0100 [DEBUG] provider.terraform-provider-google_v7.43.0_x5:   {
2026-09-03T00:52:36.725+0100 [DEBUG] provider.terraform-provider-google_v7.43.0_x5:    "type": "SEV_LIVE_MIGRATABLE_V2"
2026-09-03T00:52:36.725+0100 [DEBUG] provider.terraform-provider-google_v7.43.0_x5:   }
2026-09-03T00:52:36.725+0100 [DEBUG] provider.terraform-provider-google_v7.43.0_x5:  ],
2026-09-03T00:52:36.725+0100 [DEBUG] provider.terraform-provider-google_v7.43.0_x5:  "licenseCodes": [
2026-09-03T00:52:36.725+0100 [DEBUG] provider.terraform-provider-google_v7.43.0_x5:   "2147286739765738111"
2026-09-03T00:52:36.725+0100 [DEBUG] provider.terraform-provider-google_v7.43.0_x5:  ],
2026-09-03T00:52:36.725+0100 [DEBUG] provider.terraform-provider-google_v7.43.0_x5:  "storageLocations": [
2026-09-03T00:52:36.725+0100 [DEBUG] provider.terraform-provider-google_v7.43.0_x5:   "eu"
2026-09-03T00:52:36.725+0100 [DEBUG] provider.terraform-provider-google_v7.43.0_x5:  ],
2026-09-03T00:52:36.725+0100 [DEBUG] provider.terraform-provider-google_v7.43.0_x5:  "architecture": "X86_64",
2026-09-03T00:52:36.725+0100 [DEBUG] provider.terraform-provider-google_v7.43.0_x5:  "enableConfidentialCompute": false
2026-09-03T00:52:36.725+0100 [DEBUG] provider.terraform-provider-google_v7.43.0_x5: }
2026-09-03T00:52:36.725+0100 [DEBUG] provider.terraform-provider-google_v7.43.0_x5: -----------------------------------------------------
2026-09-03T00:52:36.726+0100 [WARN]  Provider "registry.terraform.io/hashicorp/google" produced an invalid plan for module.mig.google_compute_instance_template.this["nomad-dev-ondemand"], but we are tolerating it because it is using the legacy plugin SDK.
    The following problems may be the cause of any confusing errors from downstream operations:
      - .key_revocation_action_type: planned value cty.StringVal("") for a non-computed attribute
      - .can_ip_forward: planned value cty.False for a non-computed attribute
      - .instance_description: planned value cty.StringVal("") for a non-computed attribute
      - .description: planned value cty.StringVal("") for a non-computed attribute
      - .min_cpu_platform: planned value cty.StringVal("") for a non-computed attribute
      - .network_interface[0].nic_type: planned value cty.StringVal("") for a non-computed attribute
      - .network_interface[0].vlan: planned value cty.NumberIntVal(0) for a non-computed attribute
      - .network_interface[0].network_ip: planned value cty.StringVal("") for a non-computed attribute
      - .network_interface[0].queue_count: planned value cty.NumberIntVal(0) for a non-computed attribute
      - .scheduling[0].availability_domain: planned value cty.NumberIntVal(0) for a non-computed attribute
      - .scheduling[0].instance_termination_action: planned value cty.StringVal("") for a non-computed attribute
      - .scheduling[0].min_node_cpus: planned value cty.NumberIntVal(0) for a non-computed attribute
      - .scheduling[0].termination_time: planned value cty.StringVal("") for a non-computed attribute
      - .disk[0].source: planned value cty.StringVal("") for a non-computed attribute
      - .disk[0].source_snapshot: planned value cty.StringVal("") for a non-computed attribute
      - .disk[0].guest_os_features: planned value cty.ListValEmpty(cty.String) for a non-computed attribute
      - .disk[0].disk_name: planned value cty.StringVal("") for a non-computed attribute
      - .disk[0].labels: planned value cty.MapValEmpty(cty.String) for a non-computed attribute
      - .disk[0].resource_manager_tags: planned value cty.MapValEmpty(cty.String) for a non-computed attribute
      - .disk[0].resource_policies: planned value cty.ListValEmpty(cty.String) for a non-computed attribute
      - .disk[0].storage_pool: planned value cty.StringVal("") for a non-computed attribute
      - .disk[0].disk_encryption_key[0].kms_key_service_account: planned value cty.StringVal("") for a non-computed attribute
2026-09-03T00:52:36.729+0100 [DEBUG] ReferenceTransformer: "module.mig.google_compute_region_instance_group_manager.this[\"nomad-dev-ondemand\"]" references: []
2026-09-03T00:52:36.729+0100 [DEBUG] ReferenceTransformer: "module.mig.google_compute_region_instance_group_manager.this[\"nomad-dev-spot\"]" references: []
2026-09-03T00:52:36.741+0100 [DEBUG] provider.terraform-provider-google_v7.43.0_x5: 2026/09/03 00:52:36 [DEBUG] `deletion_policy` detected as not set within resource or provider configuration. Falling back to resource default, DELETE
2026-09-03T00:52:36.741+0100 [WARN]  provider.terraform-provider-google_v7.43.0_x5: unable to require attribute replacement: tf_attribute_path=metadata_startup_script tf_mux_provider="*schema.GRPCProviderServer" tf_provider_addr=registry.terraform.io/hashicorp/google tf_req_id=45f9cd4b-43e6-0f0c-58b4-d415d6e30027 tf_resource_type=google_compute_instance error="ForceNew: No changes for metadata_startup_script" tf_rpc=PlanResourceChange @caller=github.com/hashicorp/terraform-plugin-sdk/v2@v2.40.1/helper/customdiff/force_new.go:32 @module=sdk.helper_schema timestamp="2026-09-03T00:52:36.739+0100"
2026-09-03T00:52:36.745+0100 [WARN]  Provider "registry.terraform.io/hashicorp/google" produced an invalid plan for module.instances.google_compute_instance.this["traefik-internal"], but we are tolerating it because it is using the legacy plugin SDK.
    The following problems may be the cause of any confusing errors from downstream operations:
      - .can_ip_forward: planned value cty.False for a non-computed attribute
      - .hostname: planned value cty.StringVal("") for a non-computed attribute
      - .key_revocation_action_type: planned value cty.StringVal("") for a non-computed attribute
      - .resource_policies: planned value cty.ListValEmpty(cty.String) for a non-computed attribute
      - .description: planned value cty.StringVal("") for a non-computed attribute
      - .enable_display: planned value cty.False for a non-computed attribute
      - .deletion_protection: planned value cty.False for a non-computed attribute
      - .boot_disk[0].disk_encryption_service_account: planned value cty.StringVal("") for a non-computed attribute
      - .boot_disk[0].force_attach: planned value cty.False for a non-computed attribute
      - .boot_disk[0].disk_encryption_key_rsa: sensitive planned value for a non-computed attribute
      - .boot_disk[0].interface: planned value cty.StringVal("") for a non-computed attribute
      - .boot_disk[0].mode: planned value cty.StringVal("READ_WRITE") for a non-computed attribute
      - .boot_disk[0].auto_delete: planned value cty.True for a non-computed attribute
      - .boot_disk[0].disk_encryption_key_raw: sensitive planned value for a non-computed attribute
      - .boot_disk[0].initialize_params[0].storage_pool: planned value cty.StringVal("") for a non-computed attribute
      - .boot_disk[0].initialize_params[0].enable_confidential_compute: planned value cty.False for a non-computed attribute
      - .boot_disk[0].initialize_params[0].resource_manager_tags: planned value cty.MapValEmpty(cty.String) for a non-computed attribute
      - .boot_disk[0].initialize_params[0].replica_zones: planned value cty.ListValEmpty(cty.String) for a non-computed attribute
      - .scheduling: block count in plan (1) disagrees with count in config (0)
      - .network_interface[0].vlan: planned value cty.NumberIntVal(0) for a non-computed attribute
      - .network_interface[0].nic_type: planned value cty.StringVal("") for a non-computed attribute
      - .network_interface[0].queue_count: planned value cty.NumberIntVal(0) for a non-computed attribute
      - .shielded_instance_config: block count in plan (1) disagrees with count in config (0)
2026-09-03T00:52:36.749+0100 [DEBUG] provider.terraform-provider-google_v7.43.0_x5: 2026/09/03 00:52:36 [DEBUG] Waiting for state to become: [success]
2026-09-03T00:52:36.750+0100 [DEBUG] provider.terraform-provider-google_v7.43.0_x5: 2026/09/03 00:52:36 [DEBUG] Google API Request Details:
2026-09-03T00:52:36.750+0100 [DEBUG] provider.terraform-provider-google_v7.43.0_x5: ---[ REQUEST ]---------------------------------------
2026-09-03T00:52:36.750+0100 [DEBUG] provider.terraform-provider-google_v7.43.0_x5: GET /compute/v1/projects/nomad-platform-gcp/regions/europe-west1/instanceGroupManagers/nomad-dev-ondemand?alt=json HTTP/1.1
2026-09-03T00:52:36.750+0100 [DEBUG] provider.terraform-provider-google_v7.43.0_x5: Host: compute.googleapis.com
2026-09-03T00:52:36.750+0100 [DEBUG] provider.terraform-provider-google_v7.43.0_x5: User-Agent: Terraform/1.15.8 (+https://www.terraform.io) Terraform-Plugin-SDK/2.40.1 terraform-provider-google/7.43.0
2026-09-03T00:52:36.750+0100 [DEBUG] provider.terraform-provider-google_v7.43.0_x5: Content-Type: application/json
2026-09-03T00:52:36.750+0100 [DEBUG] provider.terraform-provider-google_v7.43.0_x5: Accept-Encoding: gzip
2026-09-03T00:52:36.750+0100 [DEBUG] provider.terraform-provider-google_v7.43.0_x5
2026-09-03T00:52:36.750+0100 [DEBUG] provider.terraform-provider-google_v7.43.0_x5
2026-09-03T00:52:36.750+0100 [DEBUG] provider.terraform-provider-google_v7.43.0_x5: -----------------------------------------------------
2026-09-03T00:52:36.757+0100 [DEBUG] provider.terraform-provider-google_v7.43.0_x5: 2026/09/03 00:52:36 [DEBUG] Waiting for state to become: [success]
2026-09-03T00:52:36.757+0100 [DEBUG] provider.terraform-provider-google_v7.43.0_x5: 2026/09/03 00:52:36 [DEBUG] Google API Request Details:
2026-09-03T00:52:36.758+0100 [DEBUG] provider.terraform-provider-google_v7.43.0_x5: ---[ REQUEST ]---------------------------------------
2026-09-03T00:52:36.758+0100 [DEBUG] provider.terraform-provider-google_v7.43.0_x5: GET /compute/v1/projects/nomad-platform-gcp/regions/europe-west1/instanceGroupManagers/nomad-dev-spot?alt=json HTTP/1.1
2026-09-03T00:52:36.758+0100 [DEBUG] provider.terraform-provider-google_v7.43.0_x5: Host: compute.googleapis.com
2026-09-03T00:52:36.758+0100 [DEBUG] provider.terraform-provider-google_v7.43.0_x5: User-Agent: Terraform/1.15.8 (+https://www.terraform.io) Terraform-Plugin-SDK/2.40.1 terraform-provider-google/7.43.0
2026-09-03T00:52:36.758+0100 [DEBUG] provider.terraform-provider-google_v7.43.0_x5: Content-Type: application/json
2026-09-03T00:52:36.758+0100 [DEBUG] provider.terraform-provider-google_v7.43.0_x5: Accept-Encoding: gzip
2026-09-03T00:52:36.758+0100 [DEBUG] provider.terraform-provider-google_v7.43.0_x5
2026-09-03T00:52:36.758+0100 [DEBUG] provider.terraform-provider-google_v7.43.0_x5
2026-09-03T00:52:36.758+0100 [DEBUG] provider.terraform-provider-google_v7.43.0_x5: -----------------------------------------------------
2026-09-03T00:52:36.776+0100 [DEBUG] provider.terraform-provider-google_v7.43.0_x5: 2026/09/03 00:52:36 [DEBUG] `deletion_policy` detected as not set within resource or provider configuration. Falling back to resource default, DELETE
2026-09-03T00:52:36.776+0100 [WARN]  provider.terraform-provider-google_v7.43.0_x5: unable to require attribute replacement: tf_attribute_path=metadata_startup_script tf_mux_provider="*schema.GRPCProviderServer" tf_provider_addr=registry.terraform.io/hashicorp/google tf_req_id=b258404a-6d02-bdf4-5b7f-c0c7f4970019 tf_resource_type=google_compute_instance @caller=github.com/hashicorp/terraform-plugin-sdk/v2@v2.40.1/helper/customdiff/force_new.go:32 @module=sdk.helper_schema error="ForceNew: No changes for metadata_startup_script" tf_rpc=PlanResourceChange timestamp="2026-09-03T00:52:36.776+0100"
2026-09-03T00:52:36.781+0100 [WARN]  Provider "registry.terraform.io/hashicorp/google" produced an invalid plan for module.instances.google_compute_instance.this["nomad-dev-server-0"], but we are tolerating it because it is using the legacy plugin SDK.
    The following problems may be the cause of any confusing errors from downstream operations:
      - .key_revocation_action_type: planned value cty.StringVal("") for a non-computed attribute
      - .resource_policies: planned value cty.ListValEmpty(cty.String) for a non-computed attribute
      - .description: planned value cty.StringVal("") for a non-computed attribute
      - .enable_display: planned value cty.False for a non-computed attribute
      - .deletion_protection: planned value cty.False for a non-computed attribute
      - .can_ip_forward: planned value cty.False for a non-computed attribute
      - .hostname: planned value cty.StringVal("") for a non-computed attribute
      - .network_interface[0].nic_type: planned value cty.StringVal("") for a non-computed attribute
      - .network_interface[0].queue_count: planned value cty.NumberIntVal(0) for a non-computed attribute
      - .network_interface[0].vlan: planned value cty.NumberIntVal(0) for a non-computed attribute
      - .shielded_instance_config: block count in plan (1) disagrees with count in config (0)
      - .attached_disk[0].disk_encryption_key_raw: sensitive planned value for a non-computed attribute
      - .attached_disk[0].disk_encryption_key_rsa: sensitive planned value for a non-computed attribute
      - .attached_disk[0].disk_encryption_service_account: planned value cty.StringVal("") for a non-computed attribute
      - .attached_disk[0].force_attach: planned value cty.False for a non-computed attribute
      - .attached_disk[1].disk_encryption_key_raw: sensitive planned value for a non-computed attribute
      - .attached_disk[1].disk_encryption_key_rsa: sensitive planned value for a non-computed attribute
      - .attached_disk[1].disk_encryption_service_account: planned value cty.StringVal("") for a non-computed attribute
      - .attached_disk[1].force_attach: planned value cty.False for a non-computed attribute
      - .boot_disk[0].mode: planned value cty.StringVal("READ_WRITE") for a non-computed attribute
      - .boot_disk[0].auto_delete: planned value cty.True for a non-computed attribute
      - .boot_disk[0].disk_encryption_key_raw: sensitive planned value for a non-computed attribute
      - .boot_disk[0].disk_encryption_service_account: planned value cty.StringVal("") for a non-computed attribute
      - .boot_disk[0].force_attach: planned value cty.False for a non-computed attribute
      - .boot_disk[0].disk_encryption_key_rsa: sensitive planned value for a non-computed attribute
      - .boot_disk[0].interface: planned value cty.StringVal("") for a non-computed attribute
      - .boot_disk[0].initialize_params[0].replica_zones: planned value cty.ListValEmpty(cty.String) for a non-computed attribute
      - .boot_disk[0].initialize_params[0].storage_pool: planned value cty.StringVal("") for a non-computed attribute
      - .boot_disk[0].initialize_params[0].enable_confidential_compute: planned value cty.False for a non-computed attribute
      - .boot_disk[0].initialize_params[0].resource_manager_tags: planned value cty.MapValEmpty(cty.String) for a non-computed attribute
      - .scheduling: block count in plan (1) disagrees with count in config (0)
2026-09-03T00:52:36.838+0100 [DEBUG] provider.terraform-provider-google_v7.43.0_x5: 2026/09/03 00:52:36 [DEBUG] Google API Response Details:
2026-09-03T00:52:36.838+0100 [DEBUG] provider.terraform-provider-google_v7.43.0_x5: ---[ RESPONSE ]--------------------------------------
2026-09-03T00:52:36.838+0100 [DEBUG] provider.terraform-provider-google_v7.43.0_x5: HTTP/2.0 200 OK
2026-09-03T00:52:36.839+0100 [DEBUG] provider.terraform-provider-google_v7.43.0_x5: Alt-Svc: h3=":443"; ma=2592000,h3-29=":443"; ma=2592000
2026-09-03T00:52:36.839+0100 [DEBUG] provider.terraform-provider-google_v7.43.0_x5: Content-Type: application/json; charset=UTF-8
2026-09-03T00:52:36.839+0100 [DEBUG] provider.terraform-provider-google_v7.43.0_x5: Date: Wed, 02 Sep 2026 23:52:37 GMT
2026-09-03T00:52:36.839+0100 [DEBUG] provider.terraform-provider-google_v7.43.0_x5: Server: ESF
2026-09-03T00:52:36.839+0100 [DEBUG] provider.terraform-provider-google_v7.43.0_x5: Vary: Origin
2026-09-03T00:52:36.839+0100 [DEBUG] provider.terraform-provider-google_v7.43.0_x5: Vary: X-Origin
2026-09-03T00:52:36.839+0100 [DEBUG] provider.terraform-provider-google_v7.43.0_x5: Vary: Referer
2026-09-03T00:52:36.839+0100 [DEBUG] provider.terraform-provider-google_v7.43.0_x5: X-Content-Type-Options: nosniff
2026-09-03T00:52:36.839+0100 [DEBUG] provider.terraform-provider-google_v7.43.0_x5: X-Frame-Options: SAMEORIGIN
2026-09-03T00:52:36.839+0100 [DEBUG] provider.terraform-provider-google_v7.43.0_x5: X-Xss-Protection: 0
2026-09-03T00:52:36.839+0100 [DEBUG] provider.terraform-provider-google_v7.43.0_x5
2026-09-03T00:52:36.839+0100 [DEBUG] provider.terraform-provider-google_v7.43.0_x5: {
2026-09-03T00:52:36.839+0100 [DEBUG] provider.terraform-provider-google_v7.43.0_x5:   "kind": "compute#disk",
2026-09-03T00:52:36.839+0100 [DEBUG] provider.terraform-provider-google_v7.43.0_x5:   "id": "273515249987368818",
2026-09-03T00:52:36.840+0100 [DEBUG] provider.terraform-provider-google_v7.43.0_x5:   "creationTimestamp": "2026-08-23T17:00:29.749-07:00",
2026-09-03T00:52:36.840+0100 [DEBUG] provider.terraform-provider-google_v7.43.0_x5:   "name": "traefik-dev",
2026-09-03T00:52:36.840+0100 [DEBUG] provider.terraform-provider-google_v7.43.0_x5:   "sizeGb": "20",
2026-09-03T00:52:36.840+0100 [DEBUG] provider.terraform-provider-google_v7.43.0_x5:   "zone": "https://www.googleapis.com/compute/v1/projects/nomad-platform-gcp/zones/europe-west1-b",
2026-09-03T00:52:36.840+0100 [DEBUG] provider.terraform-provider-google_v7.43.0_x5:   "status": "READY",
2026-09-03T00:52:36.840+0100 [DEBUG] provider.terraform-provider-google_v7.43.0_x5:   "selfLink": "https://www.googleapis.com/compute/v1/projects/nomad-platform-gcp/zones/europe-west1-b/disks/traefik-dev",
2026-09-03T00:52:36.840+0100 [DEBUG] provider.terraform-provider-google_v7.43.0_x5:   "sourceImage": "https://www.googleapis.com/compute/v1/projects/debian-cloud/global/images/debian-12-bookworm-v20260817",
2026-09-03T00:52:36.840+0100 [DEBUG] provider.terraform-provider-google_v7.43.0_x5:   "sourceImageId": "7275722572936694403",
2026-09-03T00:52:36.840+0100 [DEBUG] provider.terraform-provider-google_v7.43.0_x5:   "type": "https://www.googleapis.com/compute/v1/projects/nomad-platform-gcp/zones/europe-west1-b/diskTypes/pd-balanced",
2026-09-03T00:52:36.840+0100 [DEBUG] provider.terraform-provider-google_v7.43.0_x5:   "licenses": [
2026-09-03T00:52:36.840+0100 [DEBUG] provider.terraform-provider-google_v7.43.0_x5: "https://www.googleapis.com/compute/v1/projects/debian-cloud/global/licenses/debian-12-bookworm"
2026-09-03T00:52:36.840+0100 [DEBUG] provider.terraform-provider-google_v7.43.0_x5:   ],
2026-09-03T00:52:36.840+0100 [DEBUG] provider.terraform-provider-google_v7.43.0_x5:   "guestOsFeatures": [
2026-09-03T00:52:36.840+0100 [DEBUG] provider.terraform-provider-google_v7.43.0_x5:     {
2026-09-03T00:52:36.840+0100 [DEBUG] provider.terraform-provider-google_v7.43.0_x5:       "type": "UEFI_COMPATIBLE"
2026-09-03T00:52:36.840+0100 [DEBUG] provider.terraform-provider-google_v7.43.0_x5:     },
2026-09-03T00:52:36.840+0100 [DEBUG] provider.terraform-provider-google_v7.43.0_x5:     {
2026-09-03T00:52:36.840+0100 [DEBUG] provider.terraform-provider-google_v7.43.0_x5:       "type": "VIRTIO_SCSI_MULTIQUEUE"
2026-09-03T00:52:36.840+0100 [DEBUG] provider.terraform-provider-google_v7.43.0_x5:     },
2026-09-03T00:52:36.840+0100 [DEBUG] provider.terraform-provider-google_v7.43.0_x5:     {
2026-09-03T00:52:36.840+0100 [DEBUG] provider.terraform-provider-google_v7.43.0_x5:       "type": "GVNIC"
2026-09-03T00:52:36.840+0100 [DEBUG] provider.terraform-provider-google_v7.43.0_x5:     },
2026-09-03T00:52:36.840+0100 [DEBUG] provider.terraform-provider-google_v7.43.0_x5:     {
2026-09-03T00:52:36.840+0100 [DEBUG] provider.terraform-provider-google_v7.43.0_x5:       "type": "SEV_CAPABLE"
2026-09-03T00:52:36.840+0100 [DEBUG] provider.terraform-provider-google_v7.43.0_x5:     },
2026-09-03T00:52:36.840+0100 [DEBUG] provider.terraform-provider-google_v7.43.0_x5:     {
2026-09-03T00:52:36.840+0100 [DEBUG] provider.terraform-provider-google_v7.43.0_x5:       "type": "SEV_LIVE_MIGRATABLE_V2"
2026-09-03T00:52:36.840+0100 [DEBUG] provider.terraform-provider-google_v7.43.0_x5:     }
2026-09-03T00:52:36.840+0100 [DEBUG] provider.terraform-provider-google_v7.43.0_x5:   ],
2026-09-03T00:52:36.840+0100 [DEBUG] provider.terraform-provider-google_v7.43.0_x5:   "lastAttachTimestamp": "2026-08-23T17:00:30.265-07:00",
2026-09-03T00:52:36.840+0100 [DEBUG] provider.terraform-provider-google_v7.43.0_x5:   "users": [
2026-09-03T00:52:36.840+0100 [DEBUG] provider.terraform-provider-google_v7.43.0_x5: "https://www.googleapis.com/compute/v1/projects/nomad-platform-gcp/zones/europe-west1-b/instances/traefik-dev"
2026-09-03T00:52:36.840+0100 [DEBUG] provider.terraform-provider-google_v7.43.0_x5:   ],
2026-09-03T00:52:36.840+0100 [DEBUG] provider.terraform-provider-google_v7.43.0_x5:   "diskEncryptionKey": {
2026-09-03T00:52:36.840+0100 [DEBUG] provider.terraform-provider-google_v7.43.0_x5:     "kmsKeyName": "projects/nomad-platform-gcp/locations/europe-west1/keyRings/platform/cryptoKeys/disk-cmek/cryptoKeyVersions/1"
2026-09-03T00:52:36.840+0100 [DEBUG] provider.terraform-provider-google_v7.43.0_x5:   },
2026-09-03T00:52:36.840+0100 [DEBUG] provider.terraform-provider-google_v7.43.0_x5:   "labelFingerprint": "42WmSpB8rSM=",
2026-09-03T00:52:36.840+0100 [DEBUG] provider.terraform-provider-google_v7.43.0_x5:   "licenseCodes": [
2026-09-03T00:52:36.840+0100 [DEBUG] provider.terraform-provider-google_v7.43.0_x5: "2147286739765738111"
2026-09-03T00:52:36.840+0100 [DEBUG] provider.terraform-provider-google_v7.43.0_x5:   ],
2026-09-03T00:52:36.840+0100 [DEBUG] provider.terraform-provider-google_v7.43.0_x5:   "physicalBlockSizeBytes": "4096",
2026-09-03T00:52:36.840+0100 [DEBUG] provider.terraform-provider-google_v7.43.0_x5:   "enableConfidentialCompute": false,
2026-09-03T00:52:36.840+0100 [DEBUG] provider.terraform-provider-google_v7.43.0_x5:   "satisfiesPzi": true,
2026-09-03T00:52:36.840+0100 [DEBUG] provider.terraform-provider-google_v7.43.0_x5:   "architecture": "X86_64"
2026-09-03T00:52:36.840+0100 [DEBUG] provider.terraform-provider-google_v7.43.0_x5: }
2026-09-03T00:52:36.840+0100 [DEBUG] provider.terraform-provider-google_v7.43.0_x5
2026-09-03T00:52:36.840+0100 [DEBUG] provider.terraform-provider-google_v7.43.0_x5: -----------------------------------------------------
2026-09-03T00:52:36.891+0100 [DEBUG] provider.terraform-provider-google_v7.43.0_x5: 2026/09/03 00:52:36 [DEBUG] `deletion_policy` detected as not set within resource or provider configuration. Falling back to resource default, DELETE
2026-09-03T00:52:36.892+0100 [WARN]  provider.terraform-provider-google_v7.43.0_x5: unable to require attribute replacement: error="ForceNew: No changes for metadata_startup_script" @caller=github.com/hashicorp/terraform-plugin-sdk/v2@v2.40.1/helper/customdiff/force_new.go:32 tf_attribute_path=metadata_startup_script tf_mux_provider="*schema.GRPCProviderServer" tf_provider_addr=registry.terraform.io/hashicorp/google tf_req_id=a766c78d-394b-ced1-fb61-624b9a68d4e6 tf_resource_type=google_compute_instance tf_rpc=PlanResourceChange @module=sdk.helper_schema timestamp="2026-09-03T00:52:36.891+0100"
2026-09-03T00:52:36.893+0100 [WARN]  Provider "registry.terraform.io/hashicorp/google" produced an invalid plan for module.instances.google_compute_instance.this["traefik-dev"], but we are tolerating it because it is using the legacy plugin SDK.
    The following problems may be the cause of any confusing errors from downstream operations:
      - .deletion_protection: planned value cty.False for a non-computed attribute
      - .can_ip_forward: planned value cty.False for a non-computed attribute
      - .hostname: planned value cty.StringVal("") for a non-computed attribute
      - .key_revocation_action_type: planned value cty.StringVal("") for a non-computed attribute
      - .resource_policies: planned value cty.ListValEmpty(cty.String) for a non-computed attribute
      - .description: planned value cty.StringVal("") for a non-computed attribute
      - .enable_display: planned value cty.False for a non-computed attribute
      - .boot_disk[0].disk_encryption_service_account: planned value cty.StringVal("") for a non-computed attribute
      - .boot_disk[0].force_attach: planned value cty.False for a non-computed attribute
      - .boot_disk[0].disk_encryption_key_rsa: sensitive planned value for a non-computed attribute
      - .boot_disk[0].interface: planned value cty.StringVal("") for a non-computed attribute
      - .boot_disk[0].mode: planned value cty.StringVal("READ_WRITE") for a non-computed attribute
      - .boot_disk[0].auto_delete: planned value cty.True for a non-computed attribute
      - .boot_disk[0].disk_encryption_key_raw: sensitive planned value for a non-computed attribute
      - .boot_disk[0].initialize_params[0].enable_confidential_compute: planned value cty.False for a non-computed attribute
      - .boot_disk[0].initialize_params[0].resource_manager_tags: planned value cty.MapValEmpty(cty.String) for a non-computed attribute
      - .boot_disk[0].initialize_params[0].replica_zones: planned value cty.ListValEmpty(cty.String) for a non-computed attribute
      - .boot_disk[0].initialize_params[0].storage_pool: planned value cty.StringVal("") for a non-computed attribute
      - .scheduling: block count in plan (1) disagrees with count in config (0)
      - .network_interface[0].queue_count: planned value cty.NumberIntVal(0) for a non-computed attribute
      - .network_interface[0].vlan: planned value cty.NumberIntVal(0) for a non-computed attribute
      - .network_interface[0].nic_type: planned value cty.StringVal("") for a non-computed attribute
      - .network_interface[0].access_config[0].public_ptr_domain_name: planned value cty.StringVal("") for a non-computed attribute
      - .shielded_instance_config: block count in plan (1) disagrees with count in config (0)
2026-09-03T00:52:36.899+0100 [DEBUG] ReferenceTransformer: "google_dns_record_set.this[\"metrics-api-prod\"]" references: []
2026-09-03T00:52:36.900+0100 [DEBUG] ReferenceTransformer: "google_dns_record_set.this[\"nomad-prod\"]" references: []
2026-09-03T00:52:36.900+0100 [DEBUG] ReferenceTransformer: "google_dns_record_set.this[\"postgres-dev\"]" references: []
2026-09-03T00:52:36.900+0100 [DEBUG] ReferenceTransformer: "google_dns_record_set.this[\"falco-webhook-dev\"]" references: []
2026-09-03T00:52:36.900+0100 [DEBUG] ReferenceTransformer: "google_dns_record_set.this[\"falco-webhook-prod\"]" references: []
2026-09-03T00:52:36.900+0100 [DEBUG] ReferenceTransformer: "google_dns_record_set.this[\"grafana\"]" references: []
2026-09-03T00:52:36.900+0100 [DEBUG] ReferenceTransformer: "google_dns_record_set.this[\"nomad-sentinel-prod\"]" references: []
2026-09-03T00:52:36.900+0100 [DEBUG] ReferenceTransformer: "google_dns_record_set.this[\"postgres-prod\"]" references: []
2026-09-03T00:52:36.900+0100 [DEBUG] ReferenceTransformer: "google_dns_record_set.this[\"vault\"]" references: []
2026-09-03T00:52:36.900+0100 [DEBUG] ReferenceTransformer: "google_dns_record_set.this[\"loki-dev\"]" references: []
2026-09-03T00:52:36.900+0100 [DEBUG] ReferenceTransformer: "google_dns_record_set.this[\"loki-prod\"]" references: []
2026-09-03T00:52:36.900+0100 [DEBUG] ReferenceTransformer: "google_dns_record_set.this[\"nomad-sentinel-dev\"]" references: []
2026-09-03T00:52:36.900+0100 [DEBUG] ReferenceTransformer: "google_dns_record_set.this[\"consul-dev\"]" references: []
2026-09-03T00:52:36.900+0100 [DEBUG] ReferenceTransformer: "google_dns_record_set.this[\"metrics-api-dev\"]" references: []
2026-09-03T00:52:36.900+0100 [DEBUG] ReferenceTransformer: "google_dns_record_set.this[\"nomad-dev\"]" references: []
2026-09-03T00:52:36.900+0100 [DEBUG] ReferenceTransformer: "google_dns_record_set.this[\"octopus\"]" references: []
2026-09-03T00:52:36.900+0100 [DEBUG] ReferenceTransformer: "google_dns_record_set.this[\"prometheus-dev\"]" references: []
2026-09-03T00:52:36.901+0100 [DEBUG] ReferenceTransformer: "google_dns_record_set.this[\"prometheus-prod\"]" references: []
2026-09-03T00:52:36.901+0100 [DEBUG] ReferenceTransformer: "google_dns_record_set.this[\"consul-prod\"]" references: []
2026-09-03T00:52:36.923+0100 [DEBUG] provider.terraform-provider-google_v7.43.0_x5: 2026/09/03 00:52:36 [DEBUG] Waiting for state to become: [success]
2026-09-03T00:52:36.923+0100 [DEBUG] provider.terraform-provider-google_v7.43.0_x5: 2026/09/03 00:52:36 [INFO] Instantiating Google Cloud DNS client for path https://dns.googleapis.com
2026-09-03T00:52:36.923+0100 [DEBUG] provider.terraform-provider-google_v7.43.0_x5: 2026/09/03 00:52:36 [DEBUG] Waiting for state to become: [success]
2026-09-03T00:52:36.923+0100 [DEBUG] provider.terraform-provider-google_v7.43.0_x5: 2026/09/03 00:52:36 [INFO] Instantiating Google Cloud DNS client for path https://dns.googleapis.com
2026-09-03T00:52:36.924+0100 [DEBUG] provider.terraform-provider-google_v7.43.0_x5: 2026/09/03 00:52:36 [DEBUG] Google API Request Details:
2026-09-03T00:52:36.924+0100 [DEBUG] provider.terraform-provider-google_v7.43.0_x5: ---[ REQUEST ]---------------------------------------
2026-09-03T00:52:36.924+0100 [DEBUG] provider.terraform-provider-google_v7.43.0_x5: GET /dns/v1/projects/nomad-platform-gcp/managedZones/platform-lefrancis-org/rrsets?alt=json&name=metrics-api-dev.platform.lefrancis.org.&prettyPrint=false&type=A HTTP/1.1
2026-09-03T00:52:36.924+0100 [DEBUG] provider.terraform-provider-google_v7.43.0_x5: Host: dns.googleapis.com
2026-09-03T00:52:36.924+0100 [DEBUG] provider.terraform-provider-google_v7.43.0_x5: User-Agent: google-api-go-client/0.5 Terraform/1.15.8 (+https://www.terraform.io) Terraform-Plugin-SDK/2.40.1 terraform-provider-google/7.43.0
2026-09-03T00:52:36.924+0100 [DEBUG] provider.terraform-provider-google_v7.43.0_x5: X-Goog-Api-Client: gl-go/1.26.5 gdcl/0.288.0
2026-09-03T00:52:36.924+0100 [DEBUG] provider.terraform-provider-google_v7.43.0_x5: Accept-Encoding: gzip
2026-09-03T00:52:36.924+0100 [DEBUG] provider.terraform-provider-google_v7.43.0_x5
2026-09-03T00:52:36.924+0100 [DEBUG] provider.terraform-provider-google_v7.43.0_x5
2026-09-03T00:52:36.924+0100 [DEBUG] provider.terraform-provider-google_v7.43.0_x5: -----------------------------------------------------
2026-09-03T00:52:36.934+0100 [DEBUG] provider.terraform-provider-google_v7.43.0_x5: 2026/09/03 00:52:36 [DEBUG] Google API Request Details:
2026-09-03T00:52:36.935+0100 [DEBUG] provider.terraform-provider-google_v7.43.0_x5: ---[ REQUEST ]---------------------------------------
2026-09-03T00:52:36.935+0100 [DEBUG] provider.terraform-provider-google_v7.43.0_x5: GET /dns/v1/projects/nomad-platform-gcp/managedZones/platform-lefrancis-org/rrsets?alt=json&name=nomad-dev.platform.lefrancis.org.&prettyPrint=false&type=A HTTP/1.1
2026-09-03T00:52:36.935+0100 [DEBUG] provider.terraform-provider-google_v7.43.0_x5: Host: dns.googleapis.com
2026-09-03T00:52:36.935+0100 [DEBUG] provider.terraform-provider-google_v7.43.0_x5: User-Agent: google-api-go-client/0.5 Terraform/1.15.8 (+https://www.terraform.io) Terraform-Plugin-SDK/2.40.1 terraform-provider-google/7.43.0
2026-09-03T00:52:36.935+0100 [DEBUG] provider.terraform-provider-google_v7.43.0_x5: X-Goog-Api-Client: gl-go/1.26.5 gdcl/0.288.0
2026-09-03T00:52:36.935+0100 [DEBUG] provider.terraform-provider-google_v7.43.0_x5: Accept-Encoding: gzip
2026-09-03T00:52:36.935+0100 [DEBUG] provider.terraform-provider-google_v7.43.0_x5
2026-09-03T00:52:36.935+0100 [DEBUG] provider.terraform-provider-google_v7.43.0_x5
2026-09-03T00:52:36.935+0100 [DEBUG] provider.terraform-provider-google_v7.43.0_x5: -----------------------------------------------------
2026-09-03T00:52:36.935+0100 [DEBUG] provider.terraform-provider-google_v7.43.0_x5: 2026/09/03 00:52:36 [DEBUG] Waiting for state to become: [success]
2026-09-03T00:52:36.935+0100 [DEBUG] provider.terraform-provider-google_v7.43.0_x5: 2026/09/03 00:52:36 [INFO] Instantiating Google Cloud DNS client for path https://dns.googleapis.com
2026-09-03T00:52:36.935+0100 [DEBUG] provider.terraform-provider-google_v7.43.0_x5: 2026/09/03 00:52:36 [DEBUG] Waiting for state to become: [success]
2026-09-03T00:52:36.935+0100 [DEBUG] provider.terraform-provider-google_v7.43.0_x5: 2026/09/03 00:52:36 [INFO] Instantiating Google Cloud DNS client for path https://dns.googleapis.com
2026-09-03T00:52:36.939+0100 [DEBUG] provider.terraform-provider-google_v7.43.0_x5: 2026/09/03 00:52:36 [DEBUG] Waiting for state to become: [success]
2026-09-03T00:52:36.939+0100 [DEBUG] provider.terraform-provider-google_v7.43.0_x5: 2026/09/03 00:52:36 [INFO] Instantiating Google Cloud DNS client for path https://dns.googleapis.com
2026-09-03T00:52:36.940+0100 [DEBUG] provider.terraform-provider-google_v7.43.0_x5: 2026/09/03 00:52:36 [DEBUG] Google API Request Details:
2026-09-03T00:52:36.947+0100 [DEBUG] provider.terraform-provider-google_v7.43.0_x5: ---[ REQUEST ]---------------------------------------
2026-09-03T00:52:36.947+0100 [DEBUG] provider.terraform-provider-google_v7.43.0_x5: GET /dns/v1/projects/nomad-platform-gcp/managedZones/platform-lefrancis-org/rrsets?alt=json&name=falco-webhook-prod.platform.lefrancis.org.&prettyPrint=false&type=A HTTP/1.1
2026-09-03T00:52:36.947+0100 [DEBUG] provider.terraform-provider-google_v7.43.0_x5: Host: dns.googleapis.com
2026-09-03T00:52:36.947+0100 [DEBUG] provider.terraform-provider-google_v7.43.0_x5: User-Agent: google-api-go-client/0.5 Terraform/1.15.8 (+https://www.terraform.io) Terraform-Plugin-SDK/2.40.1 terraform-provider-google/7.43.0
2026-09-03T00:52:36.947+0100 [DEBUG] provider.terraform-provider-google_v7.43.0_x5: X-Goog-Api-Client: gl-go/1.26.5 gdcl/0.288.0
2026-09-03T00:52:36.947+0100 [DEBUG] provider.terraform-provider-google_v7.43.0_x5: Accept-Encoding: gzip
2026-09-03T00:52:36.947+0100 [DEBUG] provider.terraform-provider-google_v7.43.0_x5
2026-09-03T00:52:36.947+0100 [DEBUG] provider.terraform-provider-google_v7.43.0_x5
2026-09-03T00:52:36.947+0100 [DEBUG] provider.terraform-provider-google_v7.43.0_x5: -----------------------------------------------------
2026-09-03T00:52:36.948+0100 [DEBUG] provider.terraform-provider-google_v7.43.0_x5: 2026/09/03 00:52:36 [DEBUG] Waiting for state to become: [success]
2026-09-03T00:52:36.948+0100 [DEBUG] provider.terraform-provider-google_v7.43.0_x5: 2026/09/03 00:52:36 [INFO] Instantiating Google Cloud DNS client for path https://dns.googleapis.com
2026-09-03T00:52:36.948+0100 [DEBUG] provider.terraform-provider-google_v7.43.0_x5: 2026/09/03 00:52:36 [DEBUG] Google API Request Details:
2026-09-03T00:52:36.948+0100 [DEBUG] provider.terraform-provider-google_v7.43.0_x5: ---[ REQUEST ]---------------------------------------
2026-09-03T00:52:36.948+0100 [DEBUG] provider.terraform-provider-google_v7.43.0_x5: GET /dns/v1/projects/nomad-platform-gcp/managedZones/platform-lefrancis-org/rrsets?alt=json&name=consul-prod.platform.lefrancis.org.&prettyPrint=false&type=A HTTP/1.1
2026-09-03T00:52:36.948+0100 [DEBUG] provider.terraform-provider-google_v7.43.0_x5: Host: dns.googleapis.com
2026-09-03T00:52:36.948+0100 [DEBUG] provider.terraform-provider-google_v7.43.0_x5: User-Agent: google-api-go-client/0.5 Terraform/1.15.8 (+https://www.terraform.io) Terraform-Plugin-SDK/2.40.1 terraform-provider-google/7.43.0
2026-09-03T00:52:36.948+0100 [DEBUG] provider.terraform-provider-google_v7.43.0_x5: X-Goog-Api-Client: gl-go/1.26.5 gdcl/0.288.0
2026-09-03T00:52:36.948+0100 [DEBUG] provider.terraform-provider-google_v7.43.0_x5: Accept-Encoding: gzip
2026-09-03T00:52:36.948+0100 [DEBUG] provider.terraform-provider-google_v7.43.0_x5
2026-09-03T00:52:36.948+0100 [DEBUG] provider.terraform-provider-google_v7.43.0_x5
2026-09-03T00:52:36.948+0100 [DEBUG] provider.terraform-provider-google_v7.43.0_x5: -----------------------------------------------------
2026-09-03T00:52:36.948+0100 [DEBUG] provider.terraform-provider-google_v7.43.0_x5: 2026/09/03 00:52:36 [DEBUG] Google API Request Details:
2026-09-03T00:52:36.948+0100 [DEBUG] provider.terraform-provider-google_v7.43.0_x5: ---[ REQUEST ]---------------------------------------
2026-09-03T00:52:36.948+0100 [DEBUG] provider.terraform-provider-google_v7.43.0_x5: GET /dns/v1/projects/nomad-platform-gcp/managedZones/platform-lefrancis-org/rrsets?alt=json&name=prometheus-dev.platform.lefrancis.org.&prettyPrint=false&type=A HTTP/1.1
2026-09-03T00:52:36.948+0100 [DEBUG] provider.terraform-provider-google_v7.43.0_x5: Host: dns.googleapis.com
2026-09-03T00:52:36.948+0100 [DEBUG] provider.terraform-provider-google_v7.43.0_x5: User-Agent: google-api-go-client/0.5 Terraform/1.15.8 (+https://www.terraform.io) Terraform-Plugin-SDK/2.40.1 terraform-provider-google/7.43.0
2026-09-03T00:52:36.948+0100 [DEBUG] provider.terraform-provider-google_v7.43.0_x5: X-Goog-Api-Client: gl-go/1.26.5 gdcl/0.288.0
2026-09-03T00:52:36.948+0100 [DEBUG] provider.terraform-provider-google_v7.43.0_x5: Accept-Encoding: gzip
2026-09-03T00:52:36.948+0100 [DEBUG] provider.terraform-provider-google_v7.43.0_x5
2026-09-03T00:52:36.948+0100 [DEBUG] provider.terraform-provider-google_v7.43.0_x5
2026-09-03T00:52:36.948+0100 [DEBUG] provider.terraform-provider-google_v7.43.0_x5: -----------------------------------------------------
2026-09-03T00:52:36.949+0100 [DEBUG] provider.terraform-provider-google_v7.43.0_x5: 2026/09/03 00:52:36 [DEBUG] Waiting for state to become: [success]
2026-09-03T00:52:36.949+0100 [DEBUG] provider.terraform-provider-google_v7.43.0_x5: 2026/09/03 00:52:36 [INFO] Instantiating Google Cloud DNS client for path https://dns.googleapis.com
2026-09-03T00:52:36.949+0100 [DEBUG] provider.terraform-provider-google_v7.43.0_x5: 2026/09/03 00:52:36 [DEBUG] Google API Request Details:
2026-09-03T00:52:36.949+0100 [DEBUG] provider.terraform-provider-google_v7.43.0_x5: ---[ REQUEST ]---------------------------------------
2026-09-03T00:52:36.949+0100 [DEBUG] provider.terraform-provider-google_v7.43.0_x5: GET /dns/v1/projects/nomad-platform-gcp/managedZones/platform-lefrancis-org/rrsets?alt=json&name=consul-dev.platform.lefrancis.org.&prettyPrint=false&type=A HTTP/1.1
2026-09-03T00:52:36.949+0100 [DEBUG] provider.terraform-provider-google_v7.43.0_x5: Host: dns.googleapis.com
2026-09-03T00:52:36.950+0100 [DEBUG] provider.terraform-provider-google_v7.43.0_x5: User-Agent: google-api-go-client/0.5 Terraform/1.15.8 (+https://www.terraform.io) Terraform-Plugin-SDK/2.40.1 terraform-provider-google/7.43.0
2026-09-03T00:52:36.950+0100 [DEBUG] provider.terraform-provider-google_v7.43.0_x5: X-Goog-Api-Client: gl-go/1.26.5 gdcl/0.288.0
2026-09-03T00:52:36.950+0100 [DEBUG] provider.terraform-provider-google_v7.43.0_x5: Accept-Encoding: gzip
2026-09-03T00:52:36.950+0100 [DEBUG] provider.terraform-provider-google_v7.43.0_x5
2026-09-03T00:52:36.950+0100 [DEBUG] provider.terraform-provider-google_v7.43.0_x5
2026-09-03T00:52:36.950+0100 [DEBUG] provider.terraform-provider-google_v7.43.0_x5: -----------------------------------------------------
2026-09-03T00:52:36.951+0100 [DEBUG] provider.terraform-provider-google_v7.43.0_x5: 2026/09/03 00:52:36 [DEBUG] Waiting for state to become: [success]
2026-09-03T00:52:36.951+0100 [DEBUG] provider.terraform-provider-google_v7.43.0_x5: 2026/09/03 00:52:36 [INFO] Instantiating Google Cloud DNS client for path https://dns.googleapis.com
2026-09-03T00:52:36.953+0100 [DEBUG] provider.terraform-provider-google_v7.43.0_x5: 2026/09/03 00:52:36 [DEBUG] Google API Request Details:
2026-09-03T00:52:36.953+0100 [DEBUG] provider.terraform-provider-google_v7.43.0_x5: ---[ REQUEST ]---------------------------------------
2026-09-03T00:52:36.953+0100 [DEBUG] provider.terraform-provider-google_v7.43.0_x5: GET /dns/v1/projects/nomad-platform-gcp/managedZones/platform-lefrancis-org/rrsets?alt=json&name=metrics-api-prod.platform.lefrancis.org.&prettyPrint=false&type=A HTTP/1.1
2026-09-03T00:52:36.953+0100 [DEBUG] provider.terraform-provider-google_v7.43.0_x5: Host: dns.googleapis.com
2026-09-03T00:52:36.953+0100 [DEBUG] provider.terraform-provider-google_v7.43.0_x5: User-Agent: google-api-go-client/0.5 Terraform/1.15.8 (+https://www.terraform.io) Terraform-Plugin-SDK/2.40.1 terraform-provider-google/7.43.0
2026-09-03T00:52:36.953+0100 [DEBUG] provider.terraform-provider-google_v7.43.0_x5: X-Goog-Api-Client: gl-go/1.26.5 gdcl/0.288.0
2026-09-03T00:52:36.953+0100 [DEBUG] provider.terraform-provider-google_v7.43.0_x5: Accept-Encoding: gzip
2026-09-03T00:52:36.953+0100 [DEBUG] provider.terraform-provider-google_v7.43.0_x5
2026-09-03T00:52:36.953+0100 [DEBUG] provider.terraform-provider-google_v7.43.0_x5
2026-09-03T00:52:36.953+0100 [DEBUG] provider.terraform-provider-google_v7.43.0_x5: -----------------------------------------------------
2026-09-03T00:52:36.954+0100 [DEBUG] provider.terraform-provider-google_v7.43.0_x5: 2026/09/03 00:52:36 [DEBUG] Google API Request Details:
2026-09-03T00:52:36.954+0100 [DEBUG] provider.terraform-provider-google_v7.43.0_x5: ---[ REQUEST ]---------------------------------------
2026-09-03T00:52:36.954+0100 [DEBUG] provider.terraform-provider-google_v7.43.0_x5: GET /dns/v1/projects/nomad-platform-gcp/managedZones/platform-lefrancis-org/rrsets?alt=json&name=nomad-prod.platform.lefrancis.org.&prettyPrint=false&type=A HTTP/1.1
2026-09-03T00:52:36.954+0100 [DEBUG] provider.terraform-provider-google_v7.43.0_x5: Host: dns.googleapis.com
2026-09-03T00:52:36.954+0100 [DEBUG] provider.terraform-provider-google_v7.43.0_x5: User-Agent: google-api-go-client/0.5 Terraform/1.15.8 (+https://www.terraform.io) Terraform-Plugin-SDK/2.40.1 terraform-provider-google/7.43.0
2026-09-03T00:52:36.954+0100 [DEBUG] provider.terraform-provider-google_v7.43.0_x5: X-Goog-Api-Client: gl-go/1.26.5 gdcl/0.288.0
2026-09-03T00:52:36.954+0100 [DEBUG] provider.terraform-provider-google_v7.43.0_x5: Accept-Encoding: gzip
2026-09-03T00:52:36.954+0100 [DEBUG] provider.terraform-provider-google_v7.43.0_x5
2026-09-03T00:52:36.954+0100 [DEBUG] provider.terraform-provider-google_v7.43.0_x5
2026-09-03T00:52:36.954+0100 [DEBUG] provider.terraform-provider-google_v7.43.0_x5: -----------------------------------------------------
2026-09-03T00:52:36.994+0100 [DEBUG] provider.terraform-provider-google_v7.43.0_x5: 2026/09/03 00:52:36 [DEBUG] Google API Response Details:
2026-09-03T00:52:36.994+0100 [DEBUG] provider.terraform-provider-google_v7.43.0_x5: ---[ RESPONSE ]--------------------------------------
2026-09-03T00:52:36.994+0100 [DEBUG] provider.terraform-provider-google_v7.43.0_x5: HTTP/2.0 200 OK
2026-09-03T00:52:36.994+0100 [DEBUG] provider.terraform-provider-google_v7.43.0_x5: Alt-Svc: h3=":443"; ma=2592000,h3-29=":443"; ma=2592000
2026-09-03T00:52:36.994+0100 [DEBUG] provider.terraform-provider-google_v7.43.0_x5: Content-Type: application/json; charset=UTF-8
2026-09-03T00:52:36.994+0100 [DEBUG] provider.terraform-provider-google_v7.43.0_x5: Date: Wed, 02 Sep 2026 23:52:37 GMT
2026-09-03T00:52:36.994+0100 [DEBUG] provider.terraform-provider-google_v7.43.0_x5: Etag: gJUOQ3eIn7YJRqqfwcAE3cnEwBE=/iQlT2wO8jdqX8NOPp2nPOqewgx0=
2026-09-03T00:52:36.994+0100 [DEBUG] provider.terraform-provider-google_v7.43.0_x5: Server: ESF
2026-09-03T00:52:36.994+0100 [DEBUG] provider.terraform-provider-google_v7.43.0_x5: Vary: Origin
2026-09-03T00:52:36.994+0100 [DEBUG] provider.terraform-provider-google_v7.43.0_x5: Vary: X-Origin
2026-09-03T00:52:36.994+0100 [DEBUG] provider.terraform-provider-google_v7.43.0_x5: Vary: Referer
2026-09-03T00:52:36.995+0100 [DEBUG] provider.terraform-provider-google_v7.43.0_x5: X-Content-Type-Options: nosniff
2026-09-03T00:52:36.995+0100 [DEBUG] provider.terraform-provider-google_v7.43.0_x5: X-Frame-Options: SAMEORIGIN
2026-09-03T00:52:36.995+0100 [DEBUG] provider.terraform-provider-google_v7.43.0_x5: X-Xss-Protection: 0
2026-09-03T00:52:36.995+0100 [DEBUG] provider.terraform-provider-google_v7.43.0_x5
2026-09-03T00:52:36.995+0100 [DEBUG] provider.terraform-provider-google_v7.43.0_x5: {
2026-09-03T00:52:36.995+0100 [DEBUG] provider.terraform-provider-google_v7.43.0_x5:   "kind": "compute#instanceGroupManager",
2026-09-03T00:52:36.995+0100 [DEBUG] provider.terraform-provider-google_v7.43.0_x5:   "id": "6396251233656114839",
2026-09-03T00:52:36.995+0100 [DEBUG] provider.terraform-provider-google_v7.43.0_x5:   "creationTimestamp": "2026-09-01T22:13:28.373-07:00",
2026-09-03T00:52:36.995+0100 [DEBUG] provider.terraform-provider-google_v7.43.0_x5:   "name": "nomad-dev-spot",
2026-09-03T00:52:36.995+0100 [DEBUG] provider.terraform-provider-google_v7.43.0_x5:   "region": "https://www.googleapis.com/compute/v1/projects/nomad-platform-gcp/regions/europe-west1",
2026-09-03T00:52:36.995+0100 [DEBUG] provider.terraform-provider-google_v7.43.0_x5:   "distributionPolicy": {
2026-09-03T00:52:36.995+0100 [DEBUG] provider.terraform-provider-google_v7.43.0_x5:     "zones": [
2026-09-03T00:52:36.995+0100 [DEBUG] provider.terraform-provider-google_v7.43.0_x5:       {
2026-09-03T00:52:36.995+0100 [DEBUG] provider.terraform-provider-google_v7.43.0_x5:         "zone": "https://www.googleapis.com/compute/v1/projects/nomad-platform-gcp/zones/europe-west1-b"
2026-09-03T00:52:36.995+0100 [DEBUG] provider.terraform-provider-google_v7.43.0_x5:       },
2026-09-03T00:52:36.995+0100 [DEBUG] provider.terraform-provider-google_v7.43.0_x5:       {
2026-09-03T00:52:36.995+0100 [DEBUG] provider.terraform-provider-google_v7.43.0_x5:         "zone": "https://www.googleapis.com/compute/v1/projects/nomad-platform-gcp/zones/europe-west1-c"
2026-09-03T00:52:36.995+0100 [DEBUG] provider.terraform-provider-google_v7.43.0_x5:       },
2026-09-03T00:52:36.995+0100 [DEBUG] provider.terraform-provider-google_v7.43.0_x5:       {
2026-09-03T00:52:36.995+0100 [DEBUG] provider.terraform-provider-google_v7.43.0_x5:         "zone": "https://www.googleapis.com/compute/v1/projects/nomad-platform-gcp/zones/europe-west1-d"
2026-09-03T00:52:36.995+0100 [DEBUG] provider.terraform-provider-google_v7.43.0_x5:       }
2026-09-03T00:52:36.995+0100 [DEBUG] provider.terraform-provider-google_v7.43.0_x5:     ],
2026-09-03T00:52:36.995+0100 [DEBUG] provider.terraform-provider-google_v7.43.0_x5:     "targetShape": "EVEN"
2026-09-03T00:52:36.995+0100 [DEBUG] provider.terraform-provider-google_v7.43.0_x5:   },
2026-09-03T00:52:36.995+0100 [DEBUG] provider.terraform-provider-google_v7.43.0_x5:   "instanceTemplate": "https://www.googleapis.com/compute/v1/projects/nomad-platform-gcp/global/instanceTemplates/nomad-dev-spot-20260902070657678800000002",
2026-09-03T00:52:36.995+0100 [DEBUG] provider.terraform-provider-google_v7.43.0_x5:   "versions": [
2026-09-03T00:52:36.995+0100 [DEBUG] provider.terraform-provider-google_v7.43.0_x5:     {
2026-09-03T00:52:36.995+0100 [DEBUG] provider.terraform-provider-google_v7.43.0_x5:       "instanceTemplate": "https://www.googleapis.com/compute/v1/projects/nomad-platform-gcp/global/instanceTemplates/nomad-dev-spot-20260902070657678800000002",
2026-09-03T00:52:36.995+0100 [DEBUG] provider.terraform-provider-google_v7.43.0_x5:       "targetSize": {
2026-09-03T00:52:36.995+0100 [DEBUG] provider.terraform-provider-google_v7.43.0_x5:         "calculated": 0
2026-09-03T00:52:36.995+0100 [DEBUG] provider.terraform-provider-google_v7.43.0_x5:       }
2026-09-03T00:52:36.995+0100 [DEBUG] provider.terraform-provider-google_v7.43.0_x5:     }
2026-09-03T00:52:36.995+0100 [DEBUG] provider.terraform-provider-google_v7.43.0_x5:   ],
2026-09-03T00:52:36.995+0100 [DEBUG] provider.terraform-provider-google_v7.43.0_x5:   "instanceGroup": "https://www.googleapis.com/compute/v1/projects/nomad-platform-gcp/regions/europe-west1/instanceGroups/nomad-dev-spot",
2026-09-03T00:52:36.995+0100 [DEBUG] provider.terraform-provider-google_v7.43.0_x5:   "baseInstanceName": "nomad-dev-spot",
2026-09-03T00:52:36.995+0100 [DEBUG] provider.terraform-provider-google_v7.43.0_x5:   "fingerprint": "tl3NtHq6Uv8=",
2026-09-03T00:52:36.995+0100 [DEBUG] provider.terraform-provider-google_v7.43.0_x5:   "currentActions": {
2026-09-03T00:52:36.995+0100 [DEBUG] provider.terraform-provider-google_v7.43.0_x5:     "none": 0,
2026-09-03T00:52:36.995+0100 [DEBUG] provider.terraform-provider-google_v7.43.0_x5:     "creating": 0,
2026-09-03T00:52:36.995+0100 [DEBUG] provider.terraform-provider-google_v7.43.0_x5:     "creatingWithoutRetries": 0,
2026-09-03T00:52:36.995+0100 [DEBUG] provider.terraform-provider-google_v7.43.0_x5:     "verifying": 0,
2026-09-03T00:52:36.995+0100 [DEBUG] provider.terraform-provider-google_v7.43.0_x5:     "recreating": 0,
2026-09-03T00:52:36.995+0100 [DEBUG] provider.terraform-provider-google_v7.43.0_x5:     "deleting": 0,
2026-09-03T00:52:36.995+0100 [DEBUG] provider.terraform-provider-google_v7.43.0_x5:     "abandoning": 0,
2026-09-03T00:52:36.995+0100 [DEBUG] provider.terraform-provider-google_v7.43.0_x5:     "restarting": 0,
2026-09-03T00:52:36.995+0100 [DEBUG] provider.terraform-provider-google_v7.43.0_x5:     "refreshing": 0,
2026-09-03T00:52:36.995+0100 [DEBUG] provider.terraform-provider-google_v7.43.0_x5:     "suspending": 0,
2026-09-03T00:52:36.995+0100 [DEBUG] provider.terraform-provider-google_v7.43.0_x5:     "resuming": 0,
2026-09-03T00:52:36.995+0100 [DEBUG] provider.terraform-provider-google_v7.43.0_x5:     "stopping": 0,
2026-09-03T00:52:36.995+0100 [DEBUG] provider.terraform-provider-google_v7.43.0_x5:     "starting": 0
2026-09-03T00:52:36.995+0100 [DEBUG] provider.terraform-provider-google_v7.43.0_x5:   },
2026-09-03T00:52:36.995+0100 [DEBUG] provider.terraform-provider-google_v7.43.0_x5:   "status": {
2026-09-03T00:52:36.995+0100 [DEBUG] provider.terraform-provider-google_v7.43.0_x5:     "isStable": true,
2026-09-03T00:52:36.995+0100 [DEBUG] provider.terraform-provider-google_v7.43.0_x5:     "allInstancesConfig": {
2026-09-03T00:52:36.995+0100 [DEBUG] provider.terraform-provider-google_v7.43.0_x5:       "effective": true
2026-09-03T00:52:36.995+0100 [DEBUG] provider.terraform-provider-google_v7.43.0_x5:     },
2026-09-03T00:52:36.995+0100 [DEBUG] provider.terraform-provider-google_v7.43.0_x5:     "versionTarget": {
2026-09-03T00:52:36.995+0100 [DEBUG] provider.terraform-provider-google_v7.43.0_x5:       "isReached": true
2026-09-03T00:52:36.995+0100 [DEBUG] provider.terraform-provider-google_v7.43.0_x5:     },
2026-09-03T00:52:36.995+0100 [DEBUG] provider.terraform-provider-google_v7.43.0_x5:     "stateful": {
2026-09-03T00:52:36.995+0100 [DEBUG] provider.terraform-provider-google_v7.43.0_x5:       "hasStatefulConfig": false,
2026-09-03T00:52:36.995+0100 [DEBUG] provider.terraform-provider-google_v7.43.0_x5:       "perInstanceConfigs": {
2026-09-03T00:52:36.995+0100 [DEBUG] provider.terraform-provider-google_v7.43.0_x5:         "allEffective": true
2026-09-03T00:52:36.995+0100 [DEBUG] provider.terraform-provider-google_v7.43.0_x5:       }
2026-09-03T00:52:36.995+0100 [DEBUG] provider.terraform-provider-google_v7.43.0_x5:     },
2026-09-03T00:52:36.995+0100 [DEBUG] provider.terraform-provider-google_v7.43.0_x5:     "autoscaler": "https://www.googleapis.com/compute/v1/projects/nomad-platform-gcp/regions/europe-west1/autoscalers/nomad-dev-spot-autoscaler"
2026-09-03T00:52:36.995+0100 [DEBUG] provider.terraform-provider-google_v7.43.0_x5:   },
2026-09-03T00:52:36.995+0100 [DEBUG] provider.terraform-provider-google_v7.43.0_x5:   "targetSize": 0,
2026-09-03T00:52:36.995+0100 [DEBUG] provider.terraform-provider-google_v7.43.0_x5:   "targetSizePolicy": {
2026-09-03T00:52:36.995+0100 [DEBUG] provider.terraform-provider-google_v7.43.0_x5:     "mode": "INDIVIDUAL"
2026-09-03T00:52:36.995+0100 [DEBUG] provider.terraform-provider-google_v7.43.0_x5:   },
2026-09-03T00:52:36.995+0100 [DEBUG] provider.terraform-provider-google_v7.43.0_x5:   "targetStoppedSize": 0,
2026-09-03T00:52:36.995+0100 [DEBUG] provider.terraform-provider-google_v7.43.0_x5:   "targetSuspendedSize": 0,
2026-09-03T00:52:36.995+0100 [DEBUG] provider.terraform-provider-google_v7.43.0_x5:   "listManagedInstancesResults": "PAGELESS",
2026-09-03T00:52:36.995+0100 [DEBUG] provider.terraform-provider-google_v7.43.0_x5:   "standbyPolicy": {
2026-09-03T00:52:36.995+0100 [DEBUG] provider.terraform-provider-google_v7.43.0_x5:     "mode": "MANUAL"
2026-09-03T00:52:36.995+0100 [DEBUG] provider.terraform-provider-google_v7.43.0_x5:   },
2026-09-03T00:52:36.995+0100 [DEBUG] provider.terraform-provider-google_v7.43.0_x5:   "selfLink": "https://www.googleapis.com/compute/v1/projects/nomad-platform-gcp/regions/europe-west1/instanceGroupManagers/nomad-dev-spot",
2026-09-03T00:52:36.995+0100 [DEBUG] provider.terraform-provider-google_v7.43.0_x5:   "autoHealingPolicies": [
2026-09-03T00:52:36.995+0100 [DEBUG] provider.terraform-provider-google_v7.43.0_x5:     {
2026-09-03T00:52:36.995+0100 [DEBUG] provider.terraform-provider-google_v7.43.0_x5:       "healthCheck": "https://www.googleapis.com/compute/v1/projects/nomad-platform-gcp/global/healthChecks/nomad-dev-spot-health-check",
2026-09-03T00:52:36.995+0100 [DEBUG] provider.terraform-provider-google_v7.43.0_x5:       "initialDelaySec": 300
2026-09-03T00:52:36.995+0100 [DEBUG] provider.terraform-provider-google_v7.43.0_x5:     }
2026-09-03T00:52:36.995+0100 [DEBUG] provider.terraform-provider-google_v7.43.0_x5:   ],
2026-09-03T00:52:36.995+0100 [DEBUG] provider.terraform-provider-google_v7.43.0_x5:   "updatePolicy": {
2026-09-03T00:52:36.995+0100 [DEBUG] provider.terraform-provider-google_v7.43.0_x5:     "type": "OPPORTUNISTIC",
2026-09-03T00:52:36.995+0100 [DEBUG] provider.terraform-provider-google_v7.43.0_x5:     "instanceRedistributionType": "PROACTIVE",
2026-09-03T00:52:36.995+0100 [DEBUG] provider.terraform-provider-google_v7.43.0_x5:     "minimalAction": "REPLACE",
2026-09-03T00:52:36.995+0100 [DEBUG] provider.terraform-provider-google_v7.43.0_x5:     "maxSurge": {
2026-09-03T00:52:36.995+0100 [DEBUG] provider.terraform-provider-google_v7.43.0_x5:       "fixed": 3,
2026-09-03T00:52:36.995+0100 [DEBUG] provider.terraform-provider-google_v7.43.0_x5:       "calculated": 3
2026-09-03T00:52:36.996+0100 [DEBUG] provider.terraform-provider-google_v7.43.0_x5:     },
2026-09-03T00:52:36.996+0100 [DEBUG] provider.terraform-provider-google_v7.43.0_x5:     "maxUnavailable": {
2026-09-03T00:52:36.996+0100 [DEBUG] provider.terraform-provider-google_v7.43.0_x5:       "fixed": 3,
2026-09-03T00:52:36.996+0100 [DEBUG] provider.terraform-provider-google_v7.43.0_x5:       "calculated": 3
2026-09-03T00:52:36.996+0100 [DEBUG] provider.terraform-provider-google_v7.43.0_x5:     },
2026-09-03T00:52:36.996+0100 [DEBUG] provider.terraform-provider-google_v7.43.0_x5:     "replacementMethod": "SUBSTITUTE"
2026-09-03T00:52:36.996+0100 [DEBUG] provider.terraform-provider-google_v7.43.0_x5:   },
2026-09-03T00:52:36.996+0100 [DEBUG] provider.terraform-provider-google_v7.43.0_x5:   "namedPorts": [
2026-09-03T00:52:36.996+0100 [DEBUG] provider.terraform-provider-google_v7.43.0_x5:     {
2026-09-03T00:52:36.996+0100 [DEBUG] provider.terraform-provider-google_v7.43.0_x5:       "name": "nomad-api",
2026-09-03T00:52:36.996+0100 [DEBUG] provider.terraform-provider-google_v7.43.0_x5:       "port": 4646
2026-09-03T00:52:36.996+0100 [DEBUG] provider.terraform-provider-google_v7.43.0_x5:     }
2026-09-03T00:52:36.996+0100 [DEBUG] provider.terraform-provider-google_v7.43.0_x5:   ],
2026-09-03T00:52:36.996+0100 [DEBUG] provider.terraform-provider-google_v7.43.0_x5:   "instanceLifecyclePolicy": {
2026-09-03T00:52:36.996+0100 [DEBUG] provider.terraform-provider-google_v7.43.0_x5:     "forceUpdateOnRepair": "NO",
2026-09-03T00:52:36.996+0100 [DEBUG] provider.terraform-provider-google_v7.43.0_x5:     "defaultActionOnFailure": "REPAIR",
2026-09-03T00:52:36.996+0100 [DEBUG] provider.terraform-provider-google_v7.43.0_x5:     "onFailedHealthCheck": "DEFAULT_ACTION"
2026-09-03T00:52:36.996+0100 [DEBUG] provider.terraform-provider-google_v7.43.0_x5:   },
2026-09-03T00:52:36.996+0100 [DEBUG] provider.terraform-provider-google_v7.43.0_x5:   "satisfiesPzi": true,
2026-09-03T00:52:36.996+0100 [DEBUG] provider.terraform-provider-google_v7.43.0_x5:   "satisfiesPzs": true
2026-09-03T00:52:36.996+0100 [DEBUG] provider.terraform-provider-google_v7.43.0_x5: }
2026-09-03T00:52:36.996+0100 [DEBUG] provider.terraform-provider-google_v7.43.0_x5
2026-09-03T00:52:36.996+0100 [DEBUG] provider.terraform-provider-google_v7.43.0_x5: -----------------------------------------------------
2026-09-03T00:52:36.997+0100 [DEBUG] provider.terraform-provider-google_v7.43.0_x5: 2026/09/03 00:52:36 [DEBUG] Google API Response Details:
2026-09-03T00:52:36.997+0100 [DEBUG] provider.terraform-provider-google_v7.43.0_x5: ---[ RESPONSE ]--------------------------------------
2026-09-03T00:52:36.997+0100 [DEBUG] provider.terraform-provider-google_v7.43.0_x5: HTTP/2.0 200 OK
2026-09-03T00:52:36.997+0100 [DEBUG] provider.terraform-provider-google_v7.43.0_x5: Alt-Svc: h3=":443"; ma=2592000,h3-29=":443"; ma=2592000
2026-09-03T00:52:36.997+0100 [DEBUG] provider.terraform-provider-google_v7.43.0_x5: Content-Type: application/json; charset=UTF-8
2026-09-03T00:52:36.997+0100 [DEBUG] provider.terraform-provider-google_v7.43.0_x5: Date: Wed, 02 Sep 2026 23:52:37 GMT
2026-09-03T00:52:36.997+0100 [DEBUG] provider.terraform-provider-google_v7.43.0_x5: Etag: knEgSTMtvs0JsAF0ptnuC9rqd04=/MG4iRwH4fdSx5w-301jTwDFYrWA=
2026-09-03T00:52:36.997+0100 [DEBUG] provider.terraform-provider-google_v7.43.0_x5: Server: ESF
2026-09-03T00:52:36.997+0100 [DEBUG] provider.terraform-provider-google_v7.43.0_x5: Vary: Origin
2026-09-03T00:52:36.997+0100 [DEBUG] provider.terraform-provider-google_v7.43.0_x5: Vary: X-Origin
2026-09-03T00:52:36.997+0100 [DEBUG] provider.terraform-provider-google_v7.43.0_x5: Vary: Referer
2026-09-03T00:52:36.997+0100 [DEBUG] provider.terraform-provider-google_v7.43.0_x5: X-Content-Type-Options: nosniff
2026-09-03T00:52:36.997+0100 [DEBUG] provider.terraform-provider-google_v7.43.0_x5: X-Frame-Options: SAMEORIGIN
2026-09-03T00:52:36.997+0100 [DEBUG] provider.terraform-provider-google_v7.43.0_x5: X-Xss-Protection: 0
2026-09-03T00:52:36.997+0100 [DEBUG] provider.terraform-provider-google_v7.43.0_x5
2026-09-03T00:52:36.997+0100 [DEBUG] provider.terraform-provider-google_v7.43.0_x5: {
2026-09-03T00:52:36.997+0100 [DEBUG] provider.terraform-provider-google_v7.43.0_x5:   "kind": "compute#instanceGroupManager",
2026-09-03T00:52:36.997+0100 [DEBUG] provider.terraform-provider-google_v7.43.0_x5:   "id": "3272214858610380439",
2026-09-03T00:52:36.997+0100 [DEBUG] provider.terraform-provider-google_v7.43.0_x5:   "creationTimestamp": "2026-09-01T22:13:28.449-07:00",
2026-09-03T00:52:36.997+0100 [DEBUG] provider.terraform-provider-google_v7.43.0_x5:   "name": "nomad-dev-ondemand",
2026-09-03T00:52:36.997+0100 [DEBUG] provider.terraform-provider-google_v7.43.0_x5:   "region": "https://www.googleapis.com/compute/v1/projects/nomad-platform-gcp/regions/europe-west1",
2026-09-03T00:52:36.997+0100 [DEBUG] provider.terraform-provider-google_v7.43.0_x5:   "distributionPolicy": {
2026-09-03T00:52:36.997+0100 [DEBUG] provider.terraform-provider-google_v7.43.0_x5:     "zones": [
2026-09-03T00:52:36.997+0100 [DEBUG] provider.terraform-provider-google_v7.43.0_x5:       {
2026-09-03T00:52:36.998+0100 [DEBUG] provider.terraform-provider-google_v7.43.0_x5:         "zone": "https://www.googleapis.com/compute/v1/projects/nomad-platform-gcp/zones/europe-west1-b"
2026-09-03T00:52:36.998+0100 [DEBUG] provider.terraform-provider-google_v7.43.0_x5:       },
2026-09-03T00:52:36.998+0100 [DEBUG] provider.terraform-provider-google_v7.43.0_x5:       {
2026-09-03T00:52:36.998+0100 [DEBUG] provider.terraform-provider-google_v7.43.0_x5:         "zone": "https://www.googleapis.com/compute/v1/projects/nomad-platform-gcp/zones/europe-west1-c"
2026-09-03T00:52:36.998+0100 [DEBUG] provider.terraform-provider-google_v7.43.0_x5:       },
2026-09-03T00:52:36.998+0100 [DEBUG] provider.terraform-provider-google_v7.43.0_x5:       {
2026-09-03T00:52:36.998+0100 [DEBUG] provider.terraform-provider-google_v7.43.0_x5:         "zone": "https://www.googleapis.com/compute/v1/projects/nomad-platform-gcp/zones/europe-west1-d"
2026-09-03T00:52:36.998+0100 [DEBUG] provider.terraform-provider-google_v7.43.0_x5:       }
2026-09-03T00:52:36.998+0100 [DEBUG] provider.terraform-provider-google_v7.43.0_x5:     ],
2026-09-03T00:52:36.998+0100 [DEBUG] provider.terraform-provider-google_v7.43.0_x5:     "targetShape": "EVEN"
2026-09-03T00:52:36.998+0100 [DEBUG] provider.terraform-provider-google_v7.43.0_x5:   },
2026-09-03T00:52:36.998+0100 [DEBUG] provider.terraform-provider-google_v7.43.0_x5:   "instanceTemplate": "https://www.googleapis.com/compute/v1/projects/nomad-platform-gcp/global/instanceTemplates/nomad-dev-ondemand-20260902070657615800000001",
2026-09-03T00:52:36.998+0100 [DEBUG] provider.terraform-provider-google_v7.43.0_x5:   "versions": [
2026-09-03T00:52:36.998+0100 [DEBUG] provider.terraform-provider-google_v7.43.0_x5:     {
2026-09-03T00:52:36.998+0100 [DEBUG] provider.terraform-provider-google_v7.43.0_x5:       "instanceTemplate": "https://www.googleapis.com/compute/v1/projects/nomad-platform-gcp/global/instanceTemplates/nomad-dev-ondemand-20260902070657615800000001",
2026-09-03T00:52:36.998+0100 [DEBUG] provider.terraform-provider-google_v7.43.0_x5:       "targetSize": {
2026-09-03T00:52:36.998+0100 [DEBUG] provider.terraform-provider-google_v7.43.0_x5:         "calculated": 1
2026-09-03T00:52:36.998+0100 [DEBUG] provider.terraform-provider-google_v7.43.0_x5:       }
2026-09-03T00:52:36.998+0100 [DEBUG] provider.terraform-provider-google_v7.43.0_x5:     }
2026-09-03T00:52:36.998+0100 [DEBUG] provider.terraform-provider-google_v7.43.0_x5:   ],
2026-09-03T00:52:36.998+0100 [DEBUG] provider.terraform-provider-google_v7.43.0_x5:   "instanceGroup": "https://www.googleapis.com/compute/v1/projects/nomad-platform-gcp/regions/europe-west1/instanceGroups/nomad-dev-ondemand",
2026-09-03T00:52:36.998+0100 [DEBUG] provider.terraform-provider-google_v7.43.0_x5:   "baseInstanceName": "nomad-dev-ondemand",
2026-09-03T00:52:36.998+0100 [DEBUG] provider.terraform-provider-google_v7.43.0_x5:   "fingerprint": "sgl3DGkqYrc=",
2026-09-03T00:52:36.998+0100 [DEBUG] provider.terraform-provider-google_v7.43.0_x5:   "currentActions": {
2026-09-03T00:52:36.998+0100 [DEBUG] provider.terraform-provider-google_v7.43.0_x5:     "none": 1,
2026-09-03T00:52:36.998+0100 [DEBUG] provider.terraform-provider-google_v7.43.0_x5:     "creating": 0,
2026-09-03T00:52:36.998+0100 [DEBUG] provider.terraform-provider-google_v7.43.0_x5:     "creatingWithoutRetries": 0,
2026-09-03T00:52:36.998+0100 [DEBUG] provider.terraform-provider-google_v7.43.0_x5:     "verifying": 0,
2026-09-03T00:52:36.998+0100 [DEBUG] provider.terraform-provider-google_v7.43.0_x5:     "recreating": 0,
2026-09-03T00:52:36.998+0100 [DEBUG] provider.terraform-provider-google_v7.43.0_x5:     "deleting": 0,
2026-09-03T00:52:36.998+0100 [DEBUG] provider.terraform-provider-google_v7.43.0_x5:     "abandoning": 0,
2026-09-03T00:52:36.998+0100 [DEBUG] provider.terraform-provider-google_v7.43.0_x5:     "restarting": 0,
2026-09-03T00:52:36.998+0100 [DEBUG] provider.terraform-provider-google_v7.43.0_x5:     "refreshing": 0,
2026-09-03T00:52:36.998+0100 [DEBUG] provider.terraform-provider-google_v7.43.0_x5:     "suspending": 0,
2026-09-03T00:52:36.998+0100 [DEBUG] provider.terraform-provider-google_v7.43.0_x5:     "resuming": 0,
2026-09-03T00:52:36.998+0100 [DEBUG] provider.terraform-provider-google_v7.43.0_x5:     "stopping": 0,
2026-09-03T00:52:36.998+0100 [DEBUG] provider.terraform-provider-google_v7.43.0_x5:     "starting": 0
2026-09-03T00:52:36.998+0100 [DEBUG] provider.terraform-provider-google_v7.43.0_x5:   },
2026-09-03T00:52:36.998+0100 [DEBUG] provider.terraform-provider-google_v7.43.0_x5:   "status": {
2026-09-03T00:52:36.998+0100 [DEBUG] provider.terraform-provider-google_v7.43.0_x5:     "isStable": true,
2026-09-03T00:52:36.998+0100 [DEBUG] provider.terraform-provider-google_v7.43.0_x5:     "allInstancesConfig": {
2026-09-03T00:52:36.998+0100 [DEBUG] provider.terraform-provider-google_v7.43.0_x5:       "effective": true
2026-09-03T00:52:36.998+0100 [DEBUG] provider.terraform-provider-google_v7.43.0_x5:     },
2026-09-03T00:52:36.998+0100 [DEBUG] provider.terraform-provider-google_v7.43.0_x5:     "versionTarget": {
2026-09-03T00:52:36.998+0100 [DEBUG] provider.terraform-provider-google_v7.43.0_x5:       "isReached": true
2026-09-03T00:52:36.998+0100 [DEBUG] provider.terraform-provider-google_v7.43.0_x5:     },
2026-09-03T00:52:36.998+0100 [DEBUG] provider.terraform-provider-google_v7.43.0_x5:     "stateful": {
2026-09-03T00:52:36.998+0100 [DEBUG] provider.terraform-provider-google_v7.43.0_x5:       "hasStatefulConfig": false,
2026-09-03T00:52:36.998+0100 [DEBUG] provider.terraform-provider-google_v7.43.0_x5:       "perInstanceConfigs": {
2026-09-03T00:52:36.998+0100 [DEBUG] provider.terraform-provider-google_v7.43.0_x5:         "allEffective": true
2026-09-03T00:52:36.998+0100 [DEBUG] provider.terraform-provider-google_v7.43.0_x5:       }
2026-09-03T00:52:36.998+0100 [DEBUG] provider.terraform-provider-google_v7.43.0_x5:     },
2026-09-03T00:52:36.998+0100 [DEBUG] provider.terraform-provider-google_v7.43.0_x5:     "autoscaler": "https://www.googleapis.com/compute/v1/projects/nomad-platform-gcp/regions/europe-west1/autoscalers/nomad-dev-ondemand-autoscaler"
2026-09-03T00:52:36.998+0100 [DEBUG] provider.terraform-provider-google_v7.43.0_x5:   },
2026-09-03T00:52:36.998+0100 [DEBUG] provider.terraform-provider-google_v7.43.0_x5:   "targetSize": 1,
2026-09-03T00:52:36.998+0100 [DEBUG] provider.terraform-provider-google_v7.43.0_x5:   "targetSizePolicy": {
2026-09-03T00:52:36.998+0100 [DEBUG] provider.terraform-provider-google_v7.43.0_x5:     "mode": "INDIVIDUAL"
2026-09-03T00:52:36.998+0100 [DEBUG] provider.terraform-provider-google_v7.43.0_x5:   },
2026-09-03T00:52:36.998+0100 [DEBUG] provider.terraform-provider-google_v7.43.0_x5:   "targetStoppedSize": 0,
2026-09-03T00:52:36.998+0100 [DEBUG] provider.terraform-provider-google_v7.43.0_x5:   "targetSuspendedSize": 0,
2026-09-03T00:52:36.998+0100 [DEBUG] provider.terraform-provider-google_v7.43.0_x5:   "listManagedInstancesResults": "PAGELESS",
2026-09-03T00:52:36.998+0100 [DEBUG] provider.terraform-provider-google_v7.43.0_x5:   "standbyPolicy": {
2026-09-03T00:52:36.998+0100 [DEBUG] provider.terraform-provider-google_v7.43.0_x5:     "mode": "MANUAL"
2026-09-03T00:52:36.998+0100 [DEBUG] provider.terraform-provider-google_v7.43.0_x5:   },
2026-09-03T00:52:36.998+0100 [DEBUG] provider.terraform-provider-google_v7.43.0_x5:   "selfLink": "https://www.googleapis.com/compute/v1/projects/nomad-platform-gcp/regions/europe-west1/instanceGroupManagers/nomad-dev-ondemand",
2026-09-03T00:52:36.998+0100 [DEBUG] provider.terraform-provider-google_v7.43.0_x5:   "autoHealingPolicies": [
2026-09-03T00:52:36.998+0100 [DEBUG] provider.terraform-provider-google_v7.43.0_x5:     {
2026-09-03T00:52:36.998+0100 [DEBUG] provider.terraform-provider-google_v7.43.0_x5:       "healthCheck": "https://www.googleapis.com/compute/v1/projects/nomad-platform-gcp/global/healthChecks/nomad-dev-ondemand-health-check",
2026-09-03T00:52:36.998+0100 [DEBUG] provider.terraform-provider-google_v7.43.0_x5:       "initialDelaySec": 300
2026-09-03T00:52:36.998+0100 [DEBUG] provider.terraform-provider-google_v7.43.0_x5:     }
2026-09-03T00:52:36.998+0100 [DEBUG] provider.terraform-provider-google_v7.43.0_x5:   ],
2026-09-03T00:52:36.998+0100 [DEBUG] provider.terraform-provider-google_v7.43.0_x5:   "updatePolicy": {
2026-09-03T00:52:36.998+0100 [DEBUG] provider.terraform-provider-google_v7.43.0_x5:     "type": "OPPORTUNISTIC",
2026-09-03T00:52:36.998+0100 [DEBUG] provider.terraform-provider-google_v7.43.0_x5:     "instanceRedistributionType": "PROACTIVE",
2026-09-03T00:52:36.998+0100 [DEBUG] provider.terraform-provider-google_v7.43.0_x5:     "minimalAction": "REPLACE",
2026-09-03T00:52:36.998+0100 [DEBUG] provider.terraform-provider-google_v7.43.0_x5:     "maxSurge": {
2026-09-03T00:52:36.998+0100 [DEBUG] provider.terraform-provider-google_v7.43.0_x5:       "fixed": 3,
2026-09-03T00:52:36.998+0100 [DEBUG] provider.terraform-provider-google_v7.43.0_x5:       "calculated": 3
2026-09-03T00:52:36.998+0100 [DEBUG] provider.terraform-provider-google_v7.43.0_x5:     },
2026-09-03T00:52:36.998+0100 [DEBUG] provider.terraform-provider-google_v7.43.0_x5:     "maxUnavailable": {
2026-09-03T00:52:36.998+0100 [DEBUG] provider.terraform-provider-google_v7.43.0_x5:       "fixed": 3,
2026-09-03T00:52:36.998+0100 [DEBUG] provider.terraform-provider-google_v7.43.0_x5:       "calculated": 3
2026-09-03T00:52:36.998+0100 [DEBUG] provider.terraform-provider-google_v7.43.0_x5:     },
2026-09-03T00:52:36.998+0100 [DEBUG] provider.terraform-provider-google_v7.43.0_x5:     "replacementMethod": "SUBSTITUTE"
2026-09-03T00:52:36.998+0100 [DEBUG] provider.terraform-provider-google_v7.43.0_x5:   },
2026-09-03T00:52:36.998+0100 [DEBUG] provider.terraform-provider-google_v7.43.0_x5:   "namedPorts": [
2026-09-03T00:52:36.998+0100 [DEBUG] provider.terraform-provider-google_v7.43.0_x5:     {
2026-09-03T00:52:36.998+0100 [DEBUG] provider.terraform-provider-google_v7.43.0_x5:       "name": "nomad-api",
2026-09-03T00:52:36.998+0100 [DEBUG] provider.terraform-provider-google_v7.43.0_x5:       "port": 4646
2026-09-03T00:52:36.998+0100 [DEBUG] provider.terraform-provider-google_v7.43.0_x5:     }
2026-09-03T00:52:36.998+0100 [DEBUG] provider.terraform-provider-google_v7.43.0_x5:   ],
2026-09-03T00:52:36.998+0100 [DEBUG] provider.terraform-provider-google_v7.43.0_x5:   "instanceLifecyclePolicy": {
2026-09-03T00:52:36.998+0100 [DEBUG] provider.terraform-provider-google_v7.43.0_x5:     "forceUpdateOnRepair": "NO",
2026-09-03T00:52:36.998+0100 [DEBUG] provider.terraform-provider-google_v7.43.0_x5:     "defaultActionOnFailure": "REPAIR",
2026-09-03T00:52:36.998+0100 [DEBUG] provider.terraform-provider-google_v7.43.0_x5:     "onFailedHealthCheck": "DEFAULT_ACTION"
2026-09-03T00:52:36.998+0100 [DEBUG] provider.terraform-provider-google_v7.43.0_x5:   },
2026-09-03T00:52:36.998+0100 [DEBUG] provider.terraform-provider-google_v7.43.0_x5:   "satisfiesPzi": true,
2026-09-03T00:52:36.998+0100 [DEBUG] provider.terraform-provider-google_v7.43.0_x5:   "satisfiesPzs": true
2026-09-03T00:52:36.998+0100 [DEBUG] provider.terraform-provider-google_v7.43.0_x5: }
2026-09-03T00:52:36.998+0100 [DEBUG] provider.terraform-provider-google_v7.43.0_x5
2026-09-03T00:52:36.998+0100 [DEBUG] provider.terraform-provider-google_v7.43.0_x5: -----------------------------------------------------
2026-09-03T00:52:37.029+0100 [DEBUG] provider.terraform-provider-google_v7.43.0_x5: 2026/09/03 00:52:37 [DEBUG] `deletion_policy` detected as not set within resource or provider configuration. Falling back to resource default, DELETE
2026-09-03T00:52:37.031+0100 [WARN]  Provider "registry.terraform.io/hashicorp/google" produced an invalid plan for module.mig.google_compute_region_instance_group_manager.this["nomad-dev-ondemand"], but we are tolerating it because it is using the legacy plugin SDK.
    The following problems may be the cause of any confusing errors from downstream operations:
      - .description: planned value cty.StringVal("") for a non-computed attribute
      - .wait_for_instances_status: planned value cty.StringVal("STABLE") for a non-computed attribute
      - .list_managed_instances_results: planned value cty.StringVal("PAGELESS") for a non-computed attribute
      - .wait_for_instances: planned value cty.False for a non-computed attribute
      - .standby_policy: block count in plan (1) disagrees with count in config (0)
      - .target_size_policy: block count in plan (1) disagrees with count in config (0)
      - .update_policy: block count in plan (1) disagrees with count in config (0)
      - .version[0].name: planned value cty.StringVal("") for a non-computed attribute
      - .instance_lifecycle_policy: block count in plan (1) disagrees with count in config (0)
2026-09-03T00:52:37.039+0100 [DEBUG] provider.terraform-provider-google_v7.43.0_x5: 2026/09/03 00:52:37 [DEBUG] Waiting for state to become: [success]
2026-09-03T00:52:37.039+0100 [DEBUG] provider.terraform-provider-google_v7.43.0_x5: 2026/09/03 00:52:37 [INFO] Instantiating Google Cloud DNS client for path https://dns.googleapis.com
2026-09-03T00:52:37.039+0100 [DEBUG] provider.terraform-provider-google_v7.43.0_x5: 2026/09/03 00:52:37 [DEBUG] Google API Request Details:
2026-09-03T00:52:37.039+0100 [DEBUG] provider.terraform-provider-google_v7.43.0_x5: ---[ REQUEST ]---------------------------------------
2026-09-03T00:52:37.039+0100 [DEBUG] provider.terraform-provider-google_v7.43.0_x5: GET /dns/v1/projects/nomad-platform-gcp/managedZones/platform-lefrancis-org/rrsets?alt=json&name=nomad-sentinel-prod.platform.lefrancis.org.&prettyPrint=false&type=A HTTP/1.1
2026-09-03T00:52:37.039+0100 [DEBUG] provider.terraform-provider-google_v7.43.0_x5: Host: dns.googleapis.com
2026-09-03T00:52:37.039+0100 [DEBUG] provider.terraform-provider-google_v7.43.0_x5: User-Agent: google-api-go-client/0.5 Terraform/1.15.8 (+https://www.terraform.io) Terraform-Plugin-SDK/2.40.1 terraform-provider-google/7.43.0
2026-09-03T00:52:37.039+0100 [DEBUG] provider.terraform-provider-google_v7.43.0_x5: X-Goog-Api-Client: gl-go/1.26.5 gdcl/0.288.0
2026-09-03T00:52:37.039+0100 [DEBUG] provider.terraform-provider-google_v7.43.0_x5: Accept-Encoding: gzip
2026-09-03T00:52:37.039+0100 [DEBUG] provider.terraform-provider-google_v7.43.0_x5
2026-09-03T00:52:37.039+0100 [DEBUG] provider.terraform-provider-google_v7.43.0_x5
2026-09-03T00:52:37.039+0100 [DEBUG] provider.terraform-provider-google_v7.43.0_x5: -----------------------------------------------------
2026-09-03T00:52:37.044+0100 [DEBUG] provider.terraform-provider-google_v7.43.0_x5: 2026/09/03 00:52:37 [DEBUG] `deletion_policy` detected as not set within resource or provider configuration. Falling back to resource default, DELETE
2026-09-03T00:52:37.048+0100 [WARN]  Provider "registry.terraform.io/hashicorp/google" produced an invalid plan for module.mig.google_compute_region_instance_group_manager.this["nomad-dev-spot"], but we are tolerating it because it is using the legacy plugin SDK.
    The following problems may be the cause of any confusing errors from downstream operations:
      - .wait_for_instances_status: planned value cty.StringVal("STABLE") for a non-computed attribute
      - .list_managed_instances_results: planned value cty.StringVal("PAGELESS") for a non-computed attribute
      - .wait_for_instances: planned value cty.False for a non-computed attribute
      - .description: planned value cty.StringVal("") for a non-computed attribute
      - .instance_lifecycle_policy: block count in plan (1) disagrees with count in config (0)
      - .standby_policy: block count in plan (1) disagrees with count in config (0)
      - .target_size_policy: block count in plan (1) disagrees with count in config (0)
      - .update_policy: block count in plan (1) disagrees with count in config (0)
      - .version[0].name: planned value cty.StringVal("") for a non-computed attribute
2026-09-03T00:52:37.051+0100 [DEBUG] ReferenceTransformer: "module.mig.google_compute_region_autoscaler.this[\"nomad-dev-ondemand\"]" references: []
2026-09-03T00:52:37.051+0100 [DEBUG] ReferenceTransformer: "module.mig.google_compute_region_autoscaler.this[\"nomad-dev-spot\"]" references: []
2026-09-03T00:52:37.059+0100 [DEBUG] provider.terraform-provider-google_v7.43.0_x5: 2026/09/03 00:52:37 [DEBUG] Waiting for state to become: [success]
2026-09-03T00:52:37.059+0100 [DEBUG] provider.terraform-provider-google_v7.43.0_x5: 2026/09/03 00:52:37 [INFO] Instantiating Google Cloud DNS client for path https://dns.googleapis.com
2026-09-03T00:52:37.059+0100 [DEBUG] provider.terraform-provider-google_v7.43.0_x5: 2026/09/03 00:52:37 [DEBUG] Google API Request Details:
2026-09-03T00:52:37.059+0100 [DEBUG] provider.terraform-provider-google_v7.43.0_x5: ---[ REQUEST ]---------------------------------------
2026-09-03T00:52:37.059+0100 [DEBUG] provider.terraform-provider-google_v7.43.0_x5: GET /dns/v1/projects/nomad-platform-gcp/managedZones/platform-lefrancis-org/rrsets?alt=json&name=nomad-sentinel-dev.platform.lefrancis.org.&prettyPrint=false&type=A HTTP/1.1
2026-09-03T00:52:37.059+0100 [DEBUG] provider.terraform-provider-google_v7.43.0_x5: Host: dns.googleapis.com
2026-09-03T00:52:37.059+0100 [DEBUG] provider.terraform-provider-google_v7.43.0_x5: User-Agent: google-api-go-client/0.5 Terraform/1.15.8 (+https://www.terraform.io) Terraform-Plugin-SDK/2.40.1 terraform-provider-google/7.43.0
2026-09-03T00:52:37.059+0100 [DEBUG] provider.terraform-provider-google_v7.43.0_x5: X-Goog-Api-Client: gl-go/1.26.5 gdcl/0.288.0
2026-09-03T00:52:37.059+0100 [DEBUG] provider.terraform-provider-google_v7.43.0_x5: Accept-Encoding: gzip
2026-09-03T00:52:37.059+0100 [DEBUG] provider.terraform-provider-google_v7.43.0_x5
2026-09-03T00:52:37.059+0100 [DEBUG] provider.terraform-provider-google_v7.43.0_x5
2026-09-03T00:52:37.059+0100 [DEBUG] provider.terraform-provider-google_v7.43.0_x5: -----------------------------------------------------
2026-09-03T00:52:38.549+0100 [DEBUG] provider.terraform-provider-google_v7.43.0_x5: 2026/09/03 00:52:38 [DEBUG] Google API Response Details:
2026-09-03T00:52:38.549+0100 [DEBUG] provider.terraform-provider-google_v7.43.0_x5: ---[ RESPONSE ]--------------------------------------
2026-09-03T00:52:38.549+0100 [DEBUG] provider.terraform-provider-google_v7.43.0_x5: HTTP/2.0 200 OK
2026-09-03T00:52:38.549+0100 [DEBUG] provider.terraform-provider-google_v7.43.0_x5: Alt-Svc: h3=":443"; ma=2592000,h3-29=":443"; ma=2592000
2026-09-03T00:52:38.549+0100 [DEBUG] provider.terraform-provider-google_v7.43.0_x5: Content-Type: application/json; charset=UTF-8
2026-09-03T00:52:38.549+0100 [DEBUG] provider.terraform-provider-google_v7.43.0_x5: Date: Wed, 02 Sep 2026 23:52:39 GMT
2026-09-03T00:52:38.549+0100 [DEBUG] provider.terraform-provider-google_v7.43.0_x5: Server: ESF
2026-09-03T00:52:38.549+0100 [DEBUG] provider.terraform-provider-google_v7.43.0_x5: Vary: Origin
2026-09-03T00:52:38.549+0100 [DEBUG] provider.terraform-provider-google_v7.43.0_x5: Vary: X-Origin
2026-09-03T00:52:38.549+0100 [DEBUG] provider.terraform-provider-google_v7.43.0_x5: Vary: Referer
2026-09-03T00:52:38.549+0100 [DEBUG] provider.terraform-provider-google_v7.43.0_x5: X-Content-Type-Options: nosniff
2026-09-03T00:52:38.549+0100 [DEBUG] provider.terraform-provider-google_v7.43.0_x5: X-Frame-Options: SAMEORIGIN
2026-09-03T00:52:38.549+0100 [DEBUG] provider.terraform-provider-google_v7.43.0_x5: X-Xss-Protection: 0
2026-09-03T00:52:38.549+0100 [DEBUG] provider.terraform-provider-google_v7.43.0_x5
2026-09-03T00:52:38.549+0100 [DEBUG] provider.terraform-provider-google_v7.43.0_x5: {
2026-09-03T00:52:38.549+0100 [DEBUG] provider.terraform-provider-google_v7.43.0_x5:  "rrsets": [
2026-09-03T00:52:38.549+0100 [DEBUG] provider.terraform-provider-google_v7.43.0_x5:   {
2026-09-03T00:52:38.549+0100 [DEBUG] provider.terraform-provider-google_v7.43.0_x5:    "name": "falco-webhook-prod.platform.lefrancis.org.",
2026-09-03T00:52:38.549+0100 [DEBUG] provider.terraform-provider-google_v7.43.0_x5:    "type": "A",
2026-09-03T00:52:38.549+0100 [DEBUG] provider.terraform-provider-google_v7.43.0_x5:    "ttl": 300,
2026-09-03T00:52:38.549+0100 [DEBUG] provider.terraform-provider-google_v7.43.0_x5:    "rrdatas": [
2026-09-03T00:52:38.549+0100 [DEBUG] provider.terraform-provider-google_v7.43.0_x5:     "10.2.1.54"
2026-09-03T00:52:38.549+0100 [DEBUG] provider.terraform-provider-google_v7.43.0_x5:    ],
2026-09-03T00:52:38.549+0100 [DEBUG] provider.terraform-provider-google_v7.43.0_x5:    "signatureRrdatas": [],
2026-09-03T00:52:38.549+0100 [DEBUG] provider.terraform-provider-google_v7.43.0_x5:    "kind": "dns#resourceRecordSet"
2026-09-03T00:52:38.549+0100 [DEBUG] provider.terraform-provider-google_v7.43.0_x5:   }
2026-09-03T00:52:38.549+0100 [DEBUG] provider.terraform-provider-google_v7.43.0_x5:  ],
2026-09-03T00:52:38.549+0100 [DEBUG] provider.terraform-provider-google_v7.43.0_x5:  "kind": "dns#resourceRecordSetsListResponse"
2026-09-03T00:52:38.549+0100 [DEBUG] provider.terraform-provider-google_v7.43.0_x5: }
2026-09-03T00:52:38.549+0100 [DEBUG] provider.terraform-provider-google_v7.43.0_x5: -----------------------------------------------------
2026-09-03T00:52:38.549+0100 [DEBUG] provider.terraform-provider-google_v7.43.0_x5: 2026/09/03 00:52:38 [DEBUG] Google API Response Details:
2026-09-03T00:52:38.549+0100 [DEBUG] provider.terraform-provider-google_v7.43.0_x5: ---[ RESPONSE ]--------------------------------------
2026-09-03T00:52:38.549+0100 [DEBUG] provider.terraform-provider-google_v7.43.0_x5: HTTP/2.0 200 OK
2026-09-03T00:52:38.549+0100 [DEBUG] provider.terraform-provider-google_v7.43.0_x5: Alt-Svc: h3=":443"; ma=2592000,h3-29=":443"; ma=2592000
2026-09-03T00:52:38.549+0100 [DEBUG] provider.terraform-provider-google_v7.43.0_x5: Content-Type: application/json; charset=UTF-8
2026-09-03T00:52:38.549+0100 [DEBUG] provider.terraform-provider-google_v7.43.0_x5: Date: Wed, 02 Sep 2026 23:52:39 GMT
2026-09-03T00:52:38.549+0100 [DEBUG] provider.terraform-provider-google_v7.43.0_x5: Server: ESF
2026-09-03T00:52:38.549+0100 [DEBUG] provider.terraform-provider-google_v7.43.0_x5: Vary: Origin
2026-09-03T00:52:38.549+0100 [DEBUG] provider.terraform-provider-google_v7.43.0_x5: Vary: X-Origin
2026-09-03T00:52:38.549+0100 [DEBUG] provider.terraform-provider-google_v7.43.0_x5: Vary: Referer
2026-09-03T00:52:38.549+0100 [DEBUG] provider.terraform-provider-google_v7.43.0_x5: X-Content-Type-Options: nosniff
2026-09-03T00:52:38.549+0100 [DEBUG] provider.terraform-provider-google_v7.43.0_x5: X-Frame-Options: SAMEORIGIN
2026-09-03T00:52:38.549+0100 [DEBUG] provider.terraform-provider-google_v7.43.0_x5: X-Xss-Protection: 0
2026-09-03T00:52:38.549+0100 [DEBUG] provider.terraform-provider-google_v7.43.0_x5
2026-09-03T00:52:38.549+0100 [DEBUG] provider.terraform-provider-google_v7.43.0_x5: {
2026-09-03T00:52:38.549+0100 [DEBUG] provider.terraform-provider-google_v7.43.0_x5:  "rrsets": [
2026-09-03T00:52:38.549+0100 [DEBUG] provider.terraform-provider-google_v7.43.0_x5:   {
2026-09-03T00:52:38.549+0100 [DEBUG] provider.terraform-provider-google_v7.43.0_x5:    "name": "nomad-sentinel-dev.platform.lefrancis.org.",
2026-09-03T00:52:38.549+0100 [DEBUG] provider.terraform-provider-google_v7.43.0_x5:    "type": "A",
2026-09-03T00:52:38.549+0100 [DEBUG] provider.terraform-provider-google_v7.43.0_x5:    "ttl": 300,
2026-09-03T00:52:38.549+0100 [DEBUG] provider.terraform-provider-google_v7.43.0_x5:    "rrdatas": [
2026-09-03T00:52:38.549+0100 [DEBUG] provider.terraform-provider-google_v7.43.0_x5:     "10.2.1.54"
2026-09-03T00:52:38.549+0100 [DEBUG] provider.terraform-provider-google_v7.43.0_x5:    ],
2026-09-03T00:52:38.549+0100 [DEBUG] provider.terraform-provider-google_v7.43.0_x5:    "signatureRrdatas": [],
2026-09-03T00:52:38.549+0100 [DEBUG] provider.terraform-provider-google_v7.43.0_x5:    "kind": "dns#resourceRecordSet"
2026-09-03T00:52:38.549+0100 [DEBUG] provider.terraform-provider-google_v7.43.0_x5:   }
2026-09-03T00:52:38.549+0100 [DEBUG] provider.terraform-provider-google_v7.43.0_x5:  ],
2026-09-03T00:52:38.549+0100 [DEBUG] provider.terraform-provider-google_v7.43.0_x5:  "kind": "dns#resourceRecordSetsListResponse"
2026-09-03T00:52:38.549+0100 [DEBUG] provider.terraform-provider-google_v7.43.0_x5: }
2026-09-03T00:52:38.549+0100 [DEBUG] provider.terraform-provider-google_v7.43.0_x5: -----------------------------------------------------
2026-09-03T00:52:38.550+0100 [DEBUG] provider.terraform-provider-google_v7.43.0_x5: 2026/09/03 00:52:38 [DEBUG] Google API Response Details:
2026-09-03T00:52:38.550+0100 [DEBUG] provider.terraform-provider-google_v7.43.0_x5: ---[ RESPONSE ]--------------------------------------
2026-09-03T00:52:38.550+0100 [DEBUG] provider.terraform-provider-google_v7.43.0_x5: HTTP/2.0 200 OK
2026-09-03T00:52:38.550+0100 [DEBUG] provider.terraform-provider-google_v7.43.0_x5: Alt-Svc: h3=":443"; ma=2592000,h3-29=":443"; ma=2592000
2026-09-03T00:52:38.550+0100 [DEBUG] provider.terraform-provider-google_v7.43.0_x5: Content-Type: application/json; charset=UTF-8
2026-09-03T00:52:38.550+0100 [DEBUG] provider.terraform-provider-google_v7.43.0_x5: Date: Wed, 02 Sep 2026 23:52:39 GMT
2026-09-03T00:52:38.550+0100 [DEBUG] provider.terraform-provider-google_v7.43.0_x5: Server: ESF
2026-09-03T00:52:38.550+0100 [DEBUG] provider.terraform-provider-google_v7.43.0_x5: Vary: Origin
2026-09-03T00:52:38.550+0100 [DEBUG] provider.terraform-provider-google_v7.43.0_x5: Vary: X-Origin
2026-09-03T00:52:38.550+0100 [DEBUG] provider.terraform-provider-google_v7.43.0_x5: Vary: Referer
2026-09-03T00:52:38.550+0100 [DEBUG] provider.terraform-provider-google_v7.43.0_x5: X-Content-Type-Options: nosniff
2026-09-03T00:52:38.550+0100 [DEBUG] provider.terraform-provider-google_v7.43.0_x5: X-Frame-Options: SAMEORIGIN
2026-09-03T00:52:38.550+0100 [DEBUG] provider.terraform-provider-google_v7.43.0_x5: X-Xss-Protection: 0
2026-09-03T00:52:38.550+0100 [DEBUG] provider.terraform-provider-google_v7.43.0_x5
2026-09-03T00:52:38.550+0100 [DEBUG] provider.terraform-provider-google_v7.43.0_x5: {
2026-09-03T00:52:38.550+0100 [DEBUG] provider.terraform-provider-google_v7.43.0_x5:  "rrsets": [
2026-09-03T00:52:38.550+0100 [DEBUG] provider.terraform-provider-google_v7.43.0_x5:   {
2026-09-03T00:52:38.550+0100 [DEBUG] provider.terraform-provider-google_v7.43.0_x5:    "name": "nomad-dev.platform.lefrancis.org.",
2026-09-03T00:52:38.550+0100 [DEBUG] provider.terraform-provider-google_v7.43.0_x5:    "type": "A",
2026-09-03T00:52:38.550+0100 [DEBUG] provider.terraform-provider-google_v7.43.0_x5:    "ttl": 300,
2026-09-03T00:52:38.550+0100 [DEBUG] provider.terraform-provider-google_v7.43.0_x5:    "rrdatas": [
2026-09-03T00:52:38.550+0100 [DEBUG] provider.terraform-provider-google_v7.43.0_x5:     "10.2.1.54"
2026-09-03T00:52:38.550+0100 [DEBUG] provider.terraform-provider-google_v7.43.0_x5:    ],
2026-09-03T00:52:38.550+0100 [DEBUG] provider.terraform-provider-google_v7.43.0_x5:    "signatureRrdatas": [],
2026-09-03T00:52:38.550+0100 [DEBUG] provider.terraform-provider-google_v7.43.0_x5:    "kind": "dns#resourceRecordSet"
2026-09-03T00:52:38.550+0100 [DEBUG] provider.terraform-provider-google_v7.43.0_x5:   }
2026-09-03T00:52:38.550+0100 [DEBUG] provider.terraform-provider-google_v7.43.0_x5:  ],
2026-09-03T00:52:38.550+0100 [DEBUG] provider.terraform-provider-google_v7.43.0_x5:  "kind": "dns#resourceRecordSetsListResponse"
2026-09-03T00:52:38.550+0100 [DEBUG] provider.terraform-provider-google_v7.43.0_x5: }
2026-09-03T00:52:38.550+0100 [DEBUG] provider.terraform-provider-google_v7.43.0_x5: -----------------------------------------------------
2026-09-03T00:52:38.550+0100 [DEBUG] provider.terraform-provider-google_v7.43.0_x5: 2026/09/03 00:52:38 [DEBUG] Google API Response Details:
2026-09-03T00:52:38.550+0100 [DEBUG] provider.terraform-provider-google_v7.43.0_x5: ---[ RESPONSE ]--------------------------------------
2026-09-03T00:52:38.550+0100 [DEBUG] provider.terraform-provider-google_v7.43.0_x5: HTTP/2.0 200 OK
2026-09-03T00:52:38.550+0100 [DEBUG] provider.terraform-provider-google_v7.43.0_x5: Alt-Svc: h3=":443"; ma=2592000,h3-29=":443"; ma=2592000
2026-09-03T00:52:38.550+0100 [DEBUG] provider.terraform-provider-google_v7.43.0_x5: Content-Type: application/json; charset=UTF-8
2026-09-03T00:52:38.550+0100 [DEBUG] provider.terraform-provider-google_v7.43.0_x5: Date: Wed, 02 Sep 2026 23:52:39 GMT
2026-09-03T00:52:38.550+0100 [DEBUG] provider.terraform-provider-google_v7.43.0_x5: Server: ESF
2026-09-03T00:52:38.550+0100 [DEBUG] provider.terraform-provider-google_v7.43.0_x5: Vary: Origin
2026-09-03T00:52:38.550+0100 [DEBUG] provider.terraform-provider-google_v7.43.0_x5: Vary: X-Origin
2026-09-03T00:52:38.550+0100 [DEBUG] provider.terraform-provider-google_v7.43.0_x5: Vary: Referer
2026-09-03T00:52:38.550+0100 [DEBUG] provider.terraform-provider-google_v7.43.0_x5: X-Content-Type-Options: nosniff
2026-09-03T00:52:38.550+0100 [DEBUG] provider.terraform-provider-google_v7.43.0_x5: X-Frame-Options: SAMEORIGIN
2026-09-03T00:52:38.550+0100 [DEBUG] provider.terraform-provider-google_v7.43.0_x5: X-Xss-Protection: 0
2026-09-03T00:52:38.550+0100 [DEBUG] provider.terraform-provider-google_v7.43.0_x5
2026-09-03T00:52:38.550+0100 [DEBUG] provider.terraform-provider-google_v7.43.0_x5: {
2026-09-03T00:52:38.550+0100 [DEBUG] provider.terraform-provider-google_v7.43.0_x5:  "rrsets": [
2026-09-03T00:52:38.550+0100 [DEBUG] provider.terraform-provider-google_v7.43.0_x5:   {
2026-09-03T00:52:38.550+0100 [DEBUG] provider.terraform-provider-google_v7.43.0_x5:    "name": "metrics-api-dev.platform.lefrancis.org.",
2026-09-03T00:52:38.550+0100 [DEBUG] provider.terraform-provider-google_v7.43.0_x5:    "type": "A",
2026-09-03T00:52:38.550+0100 [DEBUG] provider.terraform-provider-google_v7.43.0_x5:    "ttl": 300,
2026-09-03T00:52:38.550+0100 [DEBUG] provider.terraform-provider-google_v7.43.0_x5:    "rrdatas": [
2026-09-03T00:52:38.550+0100 [DEBUG] provider.terraform-provider-google_v7.43.0_x5:     "10.2.1.54"
2026-09-03T00:52:38.550+0100 [DEBUG] provider.terraform-provider-google_v7.43.0_x5:    ],
2026-09-03T00:52:38.550+0100 [DEBUG] provider.terraform-provider-google_v7.43.0_x5:    "signatureRrdatas": [],
2026-09-03T00:52:38.550+0100 [DEBUG] provider.terraform-provider-google_v7.43.0_x5:    "kind": "dns#resourceRecordSet"
2026-09-03T00:52:38.550+0100 [DEBUG] provider.terraform-provider-google_v7.43.0_x5:   }
2026-09-03T00:52:38.550+0100 [DEBUG] provider.terraform-provider-google_v7.43.0_x5:  ],
2026-09-03T00:52:38.550+0100 [DEBUG] provider.terraform-provider-google_v7.43.0_x5:  "kind": "dns#resourceRecordSetsListResponse"
2026-09-03T00:52:38.550+0100 [DEBUG] provider.terraform-provider-google_v7.43.0_x5: }
2026-09-03T00:52:38.550+0100 [DEBUG] provider.terraform-provider-google_v7.43.0_x5: -----------------------------------------------------
2026-09-03T00:52:38.553+0100 [DEBUG] provider.terraform-provider-google_v7.43.0_x5: 2026/09/03 00:52:38 [DEBUG] Google API Response Details:
2026-09-03T00:52:38.553+0100 [DEBUG] provider.terraform-provider-google_v7.43.0_x5: ---[ RESPONSE ]--------------------------------------
2026-09-03T00:52:38.553+0100 [DEBUG] provider.terraform-provider-google_v7.43.0_x5: HTTP/2.0 200 OK
2026-09-03T00:52:38.553+0100 [DEBUG] provider.terraform-provider-google_v7.43.0_x5: Alt-Svc: h3=":443"; ma=2592000,h3-29=":443"; ma=2592000
2026-09-03T00:52:38.553+0100 [DEBUG] provider.terraform-provider-google_v7.43.0_x5: Content-Type: application/json; charset=UTF-8
2026-09-03T00:52:38.553+0100 [DEBUG] provider.terraform-provider-google_v7.43.0_x5: Date: Wed, 02 Sep 2026 23:52:39 GMT
2026-09-03T00:52:38.553+0100 [DEBUG] provider.terraform-provider-google_v7.43.0_x5: Server: ESF
2026-09-03T00:52:38.553+0100 [DEBUG] provider.terraform-provider-google_v7.43.0_x5: Vary: Origin
2026-09-03T00:52:38.553+0100 [DEBUG] provider.terraform-provider-google_v7.43.0_x5: Vary: X-Origin
2026-09-03T00:52:38.553+0100 [DEBUG] provider.terraform-provider-google_v7.43.0_x5: Vary: Referer
2026-09-03T00:52:38.553+0100 [DEBUG] provider.terraform-provider-google_v7.43.0_x5: X-Content-Type-Options: nosniff
2026-09-03T00:52:38.553+0100 [DEBUG] provider.terraform-provider-google_v7.43.0_x5: X-Frame-Options: SAMEORIGIN
2026-09-03T00:52:38.553+0100 [DEBUG] provider.terraform-provider-google_v7.43.0_x5: X-Xss-Protection: 0
2026-09-03T00:52:38.553+0100 [DEBUG] provider.terraform-provider-google_v7.43.0_x5
2026-09-03T00:52:38.553+0100 [DEBUG] provider.terraform-provider-google_v7.43.0_x5: {
2026-09-03T00:52:38.553+0100 [DEBUG] provider.terraform-provider-google_v7.43.0_x5:  "rrsets": [
2026-09-03T00:52:38.553+0100 [DEBUG] provider.terraform-provider-google_v7.43.0_x5:   {
2026-09-03T00:52:38.553+0100 [DEBUG] provider.terraform-provider-google_v7.43.0_x5:    "name": "consul-prod.platform.lefrancis.org.",
2026-09-03T00:52:38.553+0100 [DEBUG] provider.terraform-provider-google_v7.43.0_x5:    "type": "A",
2026-09-03T00:52:38.553+0100 [DEBUG] provider.terraform-provider-google_v7.43.0_x5:    "ttl": 300,
2026-09-03T00:52:38.553+0100 [DEBUG] provider.terraform-provider-google_v7.43.0_x5:    "rrdatas": [
2026-09-03T00:52:38.553+0100 [DEBUG] provider.terraform-provider-google_v7.43.0_x5:     "10.2.1.54"
2026-09-03T00:52:38.553+0100 [DEBUG] provider.terraform-provider-google_v7.43.0_x5:    ],
2026-09-03T00:52:38.553+0100 [DEBUG] provider.terraform-provider-google_v7.43.0_x5:    "signatureRrdatas": [],
2026-09-03T00:52:38.553+0100 [DEBUG] provider.terraform-provider-google_v7.43.0_x5:    "kind": "dns#resourceRecordSet"
2026-09-03T00:52:38.553+0100 [DEBUG] provider.terraform-provider-google_v7.43.0_x5:   }
2026-09-03T00:52:38.553+0100 [DEBUG] provider.terraform-provider-google_v7.43.0_x5:  ],
2026-09-03T00:52:38.553+0100 [DEBUG] provider.terraform-provider-google_v7.43.0_x5:  "kind": "dns#resourceRecordSetsListResponse"
2026-09-03T00:52:38.553+0100 [DEBUG] provider.terraform-provider-google_v7.43.0_x5: }
2026-09-03T00:52:38.553+0100 [DEBUG] provider.terraform-provider-google_v7.43.0_x5: -----------------------------------------------------
2026-09-03T00:52:38.562+0100 [DEBUG] provider.terraform-provider-google_v7.43.0_x5: 2026/09/03 00:52:38 [DEBUG] `deletion_policy` detected as not set within resource or provider configuration. Falling back to resource default, DELETE
2026-09-03T00:52:38.562+0100 [DEBUG] provider.terraform-provider-google_v7.43.0_x5: 2026/09/03 00:52:38 [DEBUG] `deletion_policy` detected as not set within resource or provider configuration. Falling back to resource default, DELETE
2026-09-03T00:52:38.564+0100 [DEBUG] provider.terraform-provider-google_v7.43.0_x5: 2026/09/03 00:52:38 [DEBUG] `deletion_policy` detected as not set within resource or provider configuration. Falling back to resource default, DELETE
2026-09-03T00:52:38.564+0100 [DEBUG] provider.terraform-provider-google_v7.43.0_x5: 2026/09/03 00:52:38 [DEBUG] `deletion_policy` detected as not set within resource or provider configuration. Falling back to resource default, DELETE
2026-09-03T00:52:38.568+0100 [DEBUG] provider.terraform-provider-google_v7.43.0_x5: 2026/09/03 00:52:38 [DEBUG] Waiting for state to become: [success]
2026-09-03T00:52:38.568+0100 [DEBUG] provider.terraform-provider-google_v7.43.0_x5: 2026/09/03 00:52:38 [INFO] Instantiating Google Cloud DNS client for path https://dns.googleapis.com
2026-09-03T00:52:38.572+0100 [DEBUG] provider.terraform-provider-google_v7.43.0_x5: 2026/09/03 00:52:38 [DEBUG] Google API Request Details:
2026-09-03T00:52:38.572+0100 [DEBUG] provider.terraform-provider-google_v7.43.0_x5: ---[ REQUEST ]---------------------------------------
2026-09-03T00:52:38.572+0100 [DEBUG] provider.terraform-provider-google_v7.43.0_x5: GET /dns/v1/projects/nomad-platform-gcp/managedZones/platform-lefrancis-org/rrsets?alt=json&name=falco-webhook-dev.platform.lefrancis.org.&prettyPrint=false&type=A HTTP/1.1
2026-09-03T00:52:38.572+0100 [DEBUG] provider.terraform-provider-google_v7.43.0_x5: Host: dns.googleapis.com
2026-09-03T00:52:38.572+0100 [DEBUG] provider.terraform-provider-google_v7.43.0_x5: User-Agent: google-api-go-client/0.5 Terraform/1.15.8 (+https://www.terraform.io) Terraform-Plugin-SDK/2.40.1 terraform-provider-google/7.43.0
2026-09-03T00:52:38.572+0100 [DEBUG] provider.terraform-provider-google_v7.43.0_x5: X-Goog-Api-Client: gl-go/1.26.5 gdcl/0.288.0
2026-09-03T00:52:38.572+0100 [DEBUG] provider.terraform-provider-google_v7.43.0_x5: Accept-Encoding: gzip
2026-09-03T00:52:38.572+0100 [DEBUG] provider.terraform-provider-google_v7.43.0_x5
2026-09-03T00:52:38.572+0100 [DEBUG] provider.terraform-provider-google_v7.43.0_x5
2026-09-03T00:52:38.572+0100 [DEBUG] provider.terraform-provider-google_v7.43.0_x5: -----------------------------------------------------
2026-09-03T00:52:38.572+0100 [DEBUG] provider.terraform-provider-google_v7.43.0_x5: 2026/09/03 00:52:38 [DEBUG] Waiting for state to become: [success]
2026-09-03T00:52:38.572+0100 [DEBUG] provider.terraform-provider-google_v7.43.0_x5: 2026/09/03 00:52:38 [INFO] Instantiating Google Cloud DNS client for path https://dns.googleapis.com
2026-09-03T00:52:38.572+0100 [DEBUG] provider.terraform-provider-google_v7.43.0_x5: 2026/09/03 00:52:38 [DEBUG] Google API Request Details:
2026-09-03T00:52:38.572+0100 [DEBUG] provider.terraform-provider-google_v7.43.0_x5: ---[ REQUEST ]---------------------------------------
2026-09-03T00:52:38.572+0100 [DEBUG] provider.terraform-provider-google_v7.43.0_x5: GET /dns/v1/projects/nomad-platform-gcp/managedZones/platform-lefrancis-org/rrsets?alt=json&name=prometheus-prod.platform.lefrancis.org.&prettyPrint=false&type=A HTTP/1.1
2026-09-03T00:52:38.572+0100 [DEBUG] provider.terraform-provider-google_v7.43.0_x5: Host: dns.googleapis.com
2026-09-03T00:52:38.572+0100 [DEBUG] provider.terraform-provider-google_v7.43.0_x5: User-Agent: google-api-go-client/0.5 Terraform/1.15.8 (+https://www.terraform.io) Terraform-Plugin-SDK/2.40.1 terraform-provider-google/7.43.0
2026-09-03T00:52:38.572+0100 [DEBUG] provider.terraform-provider-google_v7.43.0_x5: X-Goog-Api-Client: gl-go/1.26.5 gdcl/0.288.0
2026-09-03T00:52:38.572+0100 [DEBUG] provider.terraform-provider-google_v7.43.0_x5: Accept-Encoding: gzip
2026-09-03T00:52:38.572+0100 [DEBUG] provider.terraform-provider-google_v7.43.0_x5
2026-09-03T00:52:38.572+0100 [DEBUG] provider.terraform-provider-google_v7.43.0_x5
2026-09-03T00:52:38.572+0100 [DEBUG] provider.terraform-provider-google_v7.43.0_x5: -----------------------------------------------------
2026-09-03T00:52:38.576+0100 [DEBUG] provider.terraform-provider-google_v7.43.0_x5: 2026/09/03 00:52:38 [DEBUG] Waiting for state to become: [success]
2026-09-03T00:52:38.576+0100 [DEBUG] provider.terraform-provider-google_v7.43.0_x5: 2026/09/03 00:52:38 [INFO] Instantiating Google Cloud DNS client for path https://dns.googleapis.com
2026-09-03T00:52:38.576+0100 [DEBUG] provider.terraform-provider-google_v7.43.0_x5: 2026/09/03 00:52:38 [DEBUG] `deletion_policy` detected as not set within resource or provider configuration. Falling back to resource default, DELETE
2026-09-03T00:52:38.576+0100 [DEBUG] provider.terraform-provider-google_v7.43.0_x5: 2026/09/03 00:52:38 [DEBUG] Google API Request Details:
2026-09-03T00:52:38.576+0100 [DEBUG] provider.terraform-provider-google_v7.43.0_x5: ---[ REQUEST ]---------------------------------------
2026-09-03T00:52:38.576+0100 [DEBUG] provider.terraform-provider-google_v7.43.0_x5: GET /dns/v1/projects/nomad-platform-gcp/managedZones/platform-lefrancis-org/rrsets?alt=json&name=postgres-dev.platform.lefrancis.org.&prettyPrint=false&type=A HTTP/1.1
2026-09-03T00:52:38.576+0100 [DEBUG] provider.terraform-provider-google_v7.43.0_x5: Host: dns.googleapis.com
2026-09-03T00:52:38.576+0100 [DEBUG] provider.terraform-provider-google_v7.43.0_x5: User-Agent: google-api-go-client/0.5 Terraform/1.15.8 (+https://www.terraform.io) Terraform-Plugin-SDK/2.40.1 terraform-provider-google/7.43.0
2026-09-03T00:52:38.577+0100 [DEBUG] provider.terraform-provider-google_v7.43.0_x5: X-Goog-Api-Client: gl-go/1.26.5 gdcl/0.288.0
2026-09-03T00:52:38.577+0100 [DEBUG] provider.terraform-provider-google_v7.43.0_x5: Accept-Encoding: gzip
2026-09-03T00:52:38.577+0100 [DEBUG] provider.terraform-provider-google_v7.43.0_x5
2026-09-03T00:52:38.577+0100 [DEBUG] provider.terraform-provider-google_v7.43.0_x5
2026-09-03T00:52:38.577+0100 [DEBUG] provider.terraform-provider-google_v7.43.0_x5: -----------------------------------------------------
2026-09-03T00:52:38.578+0100 [DEBUG] provider.terraform-provider-google_v7.43.0_x5: 2026/09/03 00:52:38 [DEBUG] Waiting for state to become: [success]
2026-09-03T00:52:38.578+0100 [DEBUG] provider.terraform-provider-google_v7.43.0_x5: 2026/09/03 00:52:38 [INFO] Instantiating Google Cloud DNS client for path https://dns.googleapis.com
2026-09-03T00:52:38.578+0100 [DEBUG] provider.terraform-provider-google_v7.43.0_x5: 2026/09/03 00:52:38 [DEBUG] Google API Request Details:
2026-09-03T00:52:38.578+0100 [DEBUG] provider.terraform-provider-google_v7.43.0_x5: ---[ REQUEST ]---------------------------------------
2026-09-03T00:52:38.578+0100 [DEBUG] provider.terraform-provider-google_v7.43.0_x5: GET /dns/v1/projects/nomad-platform-gcp/managedZones/platform-lefrancis-org/rrsets?alt=json&name=grafana.platform.lefrancis.org.&prettyPrint=false&type=A HTTP/1.1
2026-09-03T00:52:38.578+0100 [DEBUG] provider.terraform-provider-google_v7.43.0_x5: Host: dns.googleapis.com
2026-09-03T00:52:38.578+0100 [DEBUG] provider.terraform-provider-google_v7.43.0_x5: User-Agent: google-api-go-client/0.5 Terraform/1.15.8 (+https://www.terraform.io) Terraform-Plugin-SDK/2.40.1 terraform-provider-google/7.43.0
2026-09-03T00:52:38.578+0100 [DEBUG] provider.terraform-provider-google_v7.43.0_x5: X-Goog-Api-Client: gl-go/1.26.5 gdcl/0.288.0
2026-09-03T00:52:38.578+0100 [DEBUG] provider.terraform-provider-google_v7.43.0_x5: Accept-Encoding: gzip
2026-09-03T00:52:38.578+0100 [DEBUG] provider.terraform-provider-google_v7.43.0_x5
2026-09-03T00:52:38.578+0100 [DEBUG] provider.terraform-provider-google_v7.43.0_x5
2026-09-03T00:52:38.578+0100 [DEBUG] provider.terraform-provider-google_v7.43.0_x5: -----------------------------------------------------
2026-09-03T00:52:38.584+0100 [DEBUG] provider.terraform-provider-google_v7.43.0_x5: 2026/09/03 00:52:38 [DEBUG] Waiting for state to become: [success]
2026-09-03T00:52:38.584+0100 [DEBUG] provider.terraform-provider-google_v7.43.0_x5: 2026/09/03 00:52:38 [INFO] Instantiating Google Cloud DNS client for path https://dns.googleapis.com
2026-09-03T00:52:38.584+0100 [DEBUG] provider.terraform-provider-google_v7.43.0_x5: 2026/09/03 00:52:38 [DEBUG] Google API Request Details:
2026-09-03T00:52:38.584+0100 [DEBUG] provider.terraform-provider-google_v7.43.0_x5: ---[ REQUEST ]---------------------------------------
2026-09-03T00:52:38.584+0100 [DEBUG] provider.terraform-provider-google_v7.43.0_x5: GET /dns/v1/projects/nomad-platform-gcp/managedZones/platform-lefrancis-org/rrsets?alt=json&name=vault.platform.lefrancis.org.&prettyPrint=false&type=A HTTP/1.1
2026-09-03T00:52:38.584+0100 [DEBUG] provider.terraform-provider-google_v7.43.0_x5: Host: dns.googleapis.com
2026-09-03T00:52:38.584+0100 [DEBUG] provider.terraform-provider-google_v7.43.0_x5: User-Agent: google-api-go-client/0.5 Terraform/1.15.8 (+https://www.terraform.io) Terraform-Plugin-SDK/2.40.1 terraform-provider-google/7.43.0
2026-09-03T00:52:38.584+0100 [DEBUG] provider.terraform-provider-google_v7.43.0_x5: X-Goog-Api-Client: gl-go/1.26.5 gdcl/0.288.0
2026-09-03T00:52:38.584+0100 [DEBUG] provider.terraform-provider-google_v7.43.0_x5: Accept-Encoding: gzip
2026-09-03T00:52:38.584+0100 [DEBUG] provider.terraform-provider-google_v7.43.0_x5
2026-09-03T00:52:38.584+0100 [DEBUG] provider.terraform-provider-google_v7.43.0_x5
2026-09-03T00:52:38.584+0100 [DEBUG] provider.terraform-provider-google_v7.43.0_x5: -----------------------------------------------------
2026-09-03T00:52:38.605+0100 [DEBUG] provider.terraform-provider-google_v7.43.0_x5: 2026/09/03 00:52:38 [DEBUG] Google API Response Details:
2026-09-03T00:52:38.605+0100 [DEBUG] provider.terraform-provider-google_v7.43.0_x5: ---[ RESPONSE ]--------------------------------------
2026-09-03T00:52:38.605+0100 [DEBUG] provider.terraform-provider-google_v7.43.0_x5: HTTP/2.0 200 OK
2026-09-03T00:52:38.605+0100 [DEBUG] provider.terraform-provider-google_v7.43.0_x5: Alt-Svc: h3=":443"; ma=2592000,h3-29=":443"; ma=2592000
2026-09-03T00:52:38.606+0100 [DEBUG] provider.terraform-provider-google_v7.43.0_x5: Content-Type: application/json; charset=UTF-8
2026-09-03T00:52:38.606+0100 [DEBUG] provider.terraform-provider-google_v7.43.0_x5: Date: Wed, 02 Sep 2026 23:52:39 GMT
2026-09-03T00:52:38.606+0100 [DEBUG] provider.terraform-provider-google_v7.43.0_x5: Server: ESF
2026-09-03T00:52:38.606+0100 [DEBUG] provider.terraform-provider-google_v7.43.0_x5: Vary: Origin
2026-09-03T00:52:38.606+0100 [DEBUG] provider.terraform-provider-google_v7.43.0_x5: Vary: X-Origin
2026-09-03T00:52:38.606+0100 [DEBUG] provider.terraform-provider-google_v7.43.0_x5: Vary: Referer
2026-09-03T00:52:38.606+0100 [DEBUG] provider.terraform-provider-google_v7.43.0_x5: X-Content-Type-Options: nosniff
2026-09-03T00:52:38.606+0100 [DEBUG] provider.terraform-provider-google_v7.43.0_x5: X-Frame-Options: SAMEORIGIN
2026-09-03T00:52:38.606+0100 [DEBUG] provider.terraform-provider-google_v7.43.0_x5: X-Xss-Protection: 0
2026-09-03T00:52:38.606+0100 [DEBUG] provider.terraform-provider-google_v7.43.0_x5
2026-09-03T00:52:38.606+0100 [DEBUG] provider.terraform-provider-google_v7.43.0_x5: {
2026-09-03T00:52:38.606+0100 [DEBUG] provider.terraform-provider-google_v7.43.0_x5:  "rrsets": [
2026-09-03T00:52:38.606+0100 [DEBUG] provider.terraform-provider-google_v7.43.0_x5:   {
2026-09-03T00:52:38.606+0100 [DEBUG] provider.terraform-provider-google_v7.43.0_x5:    "name": "prometheus-dev.platform.lefrancis.org.",
2026-09-03T00:52:38.606+0100 [DEBUG] provider.terraform-provider-google_v7.43.0_x5:    "type": "A",
2026-09-03T00:52:38.606+0100 [DEBUG] provider.terraform-provider-google_v7.43.0_x5:    "ttl": 300,
2026-09-03T00:52:38.606+0100 [DEBUG] provider.terraform-provider-google_v7.43.0_x5:    "rrdatas": [
2026-09-03T00:52:38.606+0100 [DEBUG] provider.terraform-provider-google_v7.43.0_x5:     "10.2.1.54"
2026-09-03T00:52:38.606+0100 [DEBUG] provider.terraform-provider-google_v7.43.0_x5:    ],
2026-09-03T00:52:38.606+0100 [DEBUG] provider.terraform-provider-google_v7.43.0_x5:    "signatureRrdatas": [],
2026-09-03T00:52:38.606+0100 [DEBUG] provider.terraform-provider-google_v7.43.0_x5:    "kind": "dns#resourceRecordSet"
2026-09-03T00:52:38.606+0100 [DEBUG] provider.terraform-provider-google_v7.43.0_x5:   }
2026-09-03T00:52:38.606+0100 [DEBUG] provider.terraform-provider-google_v7.43.0_x5:  ],
2026-09-03T00:52:38.606+0100 [DEBUG] provider.terraform-provider-google_v7.43.0_x5:  "kind": "dns#resourceRecordSetsListResponse"
2026-09-03T00:52:38.606+0100 [DEBUG] provider.terraform-provider-google_v7.43.0_x5: }
2026-09-03T00:52:38.606+0100 [DEBUG] provider.terraform-provider-google_v7.43.0_x5: -----------------------------------------------------
2026-09-03T00:52:38.613+0100 [DEBUG] provider.terraform-provider-google_v7.43.0_x5: 2026/09/03 00:52:38 [DEBUG] `deletion_policy` detected as not set within resource or provider configuration. Falling back to resource default, DELETE
2026-09-03T00:52:38.621+0100 [DEBUG] provider.terraform-provider-google_v7.43.0_x5: 2026/09/03 00:52:38 [DEBUG] Waiting for state to become: [success]
2026-09-03T00:52:38.621+0100 [DEBUG] provider.terraform-provider-google_v7.43.0_x5: 2026/09/03 00:52:38 [INFO] Instantiating Google Cloud DNS client for path https://dns.googleapis.com
2026-09-03T00:52:38.621+0100 [DEBUG] provider.terraform-provider-google_v7.43.0_x5: 2026/09/03 00:52:38 [DEBUG] Google API Request Details:
2026-09-03T00:52:38.621+0100 [DEBUG] provider.terraform-provider-google_v7.43.0_x5: ---[ REQUEST ]---------------------------------------
2026-09-03T00:52:38.621+0100 [DEBUG] provider.terraform-provider-google_v7.43.0_x5: GET /dns/v1/projects/nomad-platform-gcp/managedZones/platform-lefrancis-org/rrsets?alt=json&name=octopus.platform.lefrancis.org.&prettyPrint=false&type=A HTTP/1.1
2026-09-03T00:52:38.621+0100 [DEBUG] provider.terraform-provider-google_v7.43.0_x5: Host: dns.googleapis.com
2026-09-03T00:52:38.621+0100 [DEBUG] provider.terraform-provider-google_v7.43.0_x5: User-Agent: google-api-go-client/0.5 Terraform/1.15.8 (+https://www.terraform.io) Terraform-Plugin-SDK/2.40.1 terraform-provider-google/7.43.0
2026-09-03T00:52:38.621+0100 [DEBUG] provider.terraform-provider-google_v7.43.0_x5: X-Goog-Api-Client: gl-go/1.26.5 gdcl/0.288.0
2026-09-03T00:52:38.621+0100 [DEBUG] provider.terraform-provider-google_v7.43.0_x5: Accept-Encoding: gzip
2026-09-03T00:52:38.621+0100 [DEBUG] provider.terraform-provider-google_v7.43.0_x5
2026-09-03T00:52:38.621+0100 [DEBUG] provider.terraform-provider-google_v7.43.0_x5
2026-09-03T00:52:38.621+0100 [DEBUG] provider.terraform-provider-google_v7.43.0_x5: -----------------------------------------------------
2026-09-03T00:52:38.660+0100 [DEBUG] provider.terraform-provider-google_v7.43.0_x5: 2026/09/03 00:52:38 [DEBUG] Google API Response Details:
2026-09-03T00:52:38.660+0100 [DEBUG] provider.terraform-provider-google_v7.43.0_x5: ---[ RESPONSE ]--------------------------------------
2026-09-03T00:52:38.660+0100 [DEBUG] provider.terraform-provider-google_v7.43.0_x5: HTTP/2.0 200 OK
2026-09-03T00:52:38.660+0100 [DEBUG] provider.terraform-provider-google_v7.43.0_x5: Alt-Svc: h3=":443"; ma=2592000,h3-29=":443"; ma=2592000
2026-09-03T00:52:38.660+0100 [DEBUG] provider.terraform-provider-google_v7.43.0_x5: Content-Type: application/json; charset=UTF-8
2026-09-03T00:52:38.660+0100 [DEBUG] provider.terraform-provider-google_v7.43.0_x5: Date: Wed, 02 Sep 2026 23:52:39 GMT
2026-09-03T00:52:38.660+0100 [DEBUG] provider.terraform-provider-google_v7.43.0_x5: Server: ESF
2026-09-03T00:52:38.660+0100 [DEBUG] provider.terraform-provider-google_v7.43.0_x5: Vary: Origin
2026-09-03T00:52:38.660+0100 [DEBUG] provider.terraform-provider-google_v7.43.0_x5: Vary: X-Origin
2026-09-03T00:52:38.660+0100 [DEBUG] provider.terraform-provider-google_v7.43.0_x5: Vary: Referer
2026-09-03T00:52:38.660+0100 [DEBUG] provider.terraform-provider-google_v7.43.0_x5: X-Content-Type-Options: nosniff
2026-09-03T00:52:38.660+0100 [DEBUG] provider.terraform-provider-google_v7.43.0_x5: X-Frame-Options: SAMEORIGIN
2026-09-03T00:52:38.660+0100 [DEBUG] provider.terraform-provider-google_v7.43.0_x5: X-Xss-Protection: 0
2026-09-03T00:52:38.660+0100 [DEBUG] provider.terraform-provider-google_v7.43.0_x5
2026-09-03T00:52:38.660+0100 [DEBUG] provider.terraform-provider-google_v7.43.0_x5: {
2026-09-03T00:52:38.660+0100 [DEBUG] provider.terraform-provider-google_v7.43.0_x5:  "rrsets": [
2026-09-03T00:52:38.660+0100 [DEBUG] provider.terraform-provider-google_v7.43.0_x5:   {
2026-09-03T00:52:38.660+0100 [DEBUG] provider.terraform-provider-google_v7.43.0_x5:    "name": "consul-dev.platform.lefrancis.org.",
2026-09-03T00:52:38.660+0100 [DEBUG] provider.terraform-provider-google_v7.43.0_x5:    "type": "A",
2026-09-03T00:52:38.660+0100 [DEBUG] provider.terraform-provider-google_v7.43.0_x5:    "ttl": 300,
2026-09-03T00:52:38.660+0100 [DEBUG] provider.terraform-provider-google_v7.43.0_x5:    "rrdatas": [
2026-09-03T00:52:38.660+0100 [DEBUG] provider.terraform-provider-google_v7.43.0_x5:     "10.2.1.54"
2026-09-03T00:52:38.660+0100 [DEBUG] provider.terraform-provider-google_v7.43.0_x5:    ],
2026-09-03T00:52:38.660+0100 [DEBUG] provider.terraform-provider-google_v7.43.0_x5:    "signatureRrdatas": [],
2026-09-03T00:52:38.660+0100 [DEBUG] provider.terraform-provider-google_v7.43.0_x5:    "kind": "dns#resourceRecordSet"
2026-09-03T00:52:38.660+0100 [DEBUG] provider.terraform-provider-google_v7.43.0_x5:   }
2026-09-03T00:52:38.660+0100 [DEBUG] provider.terraform-provider-google_v7.43.0_x5:  ],
2026-09-03T00:52:38.660+0100 [DEBUG] provider.terraform-provider-google_v7.43.0_x5:  "kind": "dns#resourceRecordSetsListResponse"
2026-09-03T00:52:38.660+0100 [DEBUG] provider.terraform-provider-google_v7.43.0_x5: }
2026-09-03T00:52:38.660+0100 [DEBUG] provider.terraform-provider-google_v7.43.0_x5: -----------------------------------------------------
2026-09-03T00:52:38.660+0100 [DEBUG] provider.terraform-provider-google_v7.43.0_x5: 2026/09/03 00:52:38 [DEBUG] Google API Response Details:
2026-09-03T00:52:38.660+0100 [DEBUG] provider.terraform-provider-google_v7.43.0_x5: ---[ RESPONSE ]--------------------------------------
2026-09-03T00:52:38.660+0100 [DEBUG] provider.terraform-provider-google_v7.43.0_x5: HTTP/2.0 200 OK
2026-09-03T00:52:38.660+0100 [DEBUG] provider.terraform-provider-google_v7.43.0_x5: Alt-Svc: h3=":443"; ma=2592000,h3-29=":443"; ma=2592000
2026-09-03T00:52:38.660+0100 [DEBUG] provider.terraform-provider-google_v7.43.0_x5: Content-Type: application/json; charset=UTF-8
2026-09-03T00:52:38.660+0100 [DEBUG] provider.terraform-provider-google_v7.43.0_x5: Date: Wed, 02 Sep 2026 23:52:39 GMT
2026-09-03T00:52:38.660+0100 [DEBUG] provider.terraform-provider-google_v7.43.0_x5: Server: ESF
2026-09-03T00:52:38.660+0100 [DEBUG] provider.terraform-provider-google_v7.43.0_x5: Vary: Origin
2026-09-03T00:52:38.660+0100 [DEBUG] provider.terraform-provider-google_v7.43.0_x5: Vary: X-Origin
2026-09-03T00:52:38.660+0100 [DEBUG] provider.terraform-provider-google_v7.43.0_x5: Vary: Referer
2026-09-03T00:52:38.660+0100 [DEBUG] provider.terraform-provider-google_v7.43.0_x5: X-Content-Type-Options: nosniff
2026-09-03T00:52:38.660+0100 [DEBUG] provider.terraform-provider-google_v7.43.0_x5: X-Frame-Options: SAMEORIGIN
2026-09-03T00:52:38.660+0100 [DEBUG] provider.terraform-provider-google_v7.43.0_x5: X-Xss-Protection: 0
2026-09-03T00:52:38.660+0100 [DEBUG] provider.terraform-provider-google_v7.43.0_x5
2026-09-03T00:52:38.660+0100 [DEBUG] provider.terraform-provider-google_v7.43.0_x5: {
2026-09-03T00:52:38.660+0100 [DEBUG] provider.terraform-provider-google_v7.43.0_x5:  "rrsets": [
2026-09-03T00:52:38.660+0100 [DEBUG] provider.terraform-provider-google_v7.43.0_x5:   {
2026-09-03T00:52:38.660+0100 [DEBUG] provider.terraform-provider-google_v7.43.0_x5:    "name": "nomad-sentinel-prod.platform.lefrancis.org.",
2026-09-03T00:52:38.660+0100 [DEBUG] provider.terraform-provider-google_v7.43.0_x5:    "type": "A",
2026-09-03T00:52:38.660+0100 [DEBUG] provider.terraform-provider-google_v7.43.0_x5:    "ttl": 300,
2026-09-03T00:52:38.660+0100 [DEBUG] provider.terraform-provider-google_v7.43.0_x5:    "rrdatas": [
2026-09-03T00:52:38.660+0100 [DEBUG] provider.terraform-provider-google_v7.43.0_x5:     "10.2.1.54"
2026-09-03T00:52:38.660+0100 [DEBUG] provider.terraform-provider-google_v7.43.0_x5:    ],
2026-09-03T00:52:38.660+0100 [DEBUG] provider.terraform-provider-google_v7.43.0_x5:    "signatureRrdatas": [],
2026-09-03T00:52:38.660+0100 [DEBUG] provider.terraform-provider-google_v7.43.0_x5:    "kind": "dns#resourceRecordSet"
2026-09-03T00:52:38.660+0100 [DEBUG] provider.terraform-provider-google_v7.43.0_x5:   }
2026-09-03T00:52:38.660+0100 [DEBUG] provider.terraform-provider-google_v7.43.0_x5:  ],
2026-09-03T00:52:38.660+0100 [DEBUG] provider.terraform-provider-google_v7.43.0_x5:  "kind": "dns#resourceRecordSetsListResponse"
2026-09-03T00:52:38.660+0100 [DEBUG] provider.terraform-provider-google_v7.43.0_x5: }
2026-09-03T00:52:38.661+0100 [DEBUG] provider.terraform-provider-google_v7.43.0_x5: -----------------------------------------------------
2026-09-03T00:52:38.661+0100 [DEBUG] provider.terraform-provider-google_v7.43.0_x5: 2026/09/03 00:52:38 [DEBUG] Google API Response Details:
2026-09-03T00:52:38.661+0100 [DEBUG] provider.terraform-provider-google_v7.43.0_x5: ---[ RESPONSE ]--------------------------------------
2026-09-03T00:52:38.661+0100 [DEBUG] provider.terraform-provider-google_v7.43.0_x5: HTTP/2.0 200 OK
2026-09-03T00:52:38.661+0100 [DEBUG] provider.terraform-provider-google_v7.43.0_x5: Alt-Svc: h3=":443"; ma=2592000,h3-29=":443"; ma=2592000
2026-09-03T00:52:38.661+0100 [DEBUG] provider.terraform-provider-google_v7.43.0_x5: Content-Type: application/json; charset=UTF-8
2026-09-03T00:52:38.661+0100 [DEBUG] provider.terraform-provider-google_v7.43.0_x5: Date: Wed, 02 Sep 2026 23:52:39 GMT
2026-09-03T00:52:38.661+0100 [DEBUG] provider.terraform-provider-google_v7.43.0_x5: Server: ESF
2026-09-03T00:52:38.661+0100 [DEBUG] provider.terraform-provider-google_v7.43.0_x5: Vary: Origin
2026-09-03T00:52:38.661+0100 [DEBUG] provider.terraform-provider-google_v7.43.0_x5: Vary: X-Origin
2026-09-03T00:52:38.661+0100 [DEBUG] provider.terraform-provider-google_v7.43.0_x5: Vary: Referer
2026-09-03T00:52:38.661+0100 [DEBUG] provider.terraform-provider-google_v7.43.0_x5: X-Content-Type-Options: nosniff
2026-09-03T00:52:38.661+0100 [DEBUG] provider.terraform-provider-google_v7.43.0_x5: X-Frame-Options: SAMEORIGIN
2026-09-03T00:52:38.661+0100 [DEBUG] provider.terraform-provider-google_v7.43.0_x5: X-Xss-Protection: 0
2026-09-03T00:52:38.661+0100 [DEBUG] provider.terraform-provider-google_v7.43.0_x5
2026-09-03T00:52:38.661+0100 [DEBUG] provider.terraform-provider-google_v7.43.0_x5: {
2026-09-03T00:52:38.661+0100 [DEBUG] provider.terraform-provider-google_v7.43.0_x5:  "rrsets": [
2026-09-03T00:52:38.661+0100 [DEBUG] provider.terraform-provider-google_v7.43.0_x5:   {
2026-09-03T00:52:38.661+0100 [DEBUG] provider.terraform-provider-google_v7.43.0_x5:    "name": "nomad-prod.platform.lefrancis.org.",
2026-09-03T00:52:38.661+0100 [DEBUG] provider.terraform-provider-google_v7.43.0_x5:    "type": "A",
2026-09-03T00:52:38.661+0100 [DEBUG] provider.terraform-provider-google_v7.43.0_x5:    "ttl": 300,
2026-09-03T00:52:38.661+0100 [DEBUG] provider.terraform-provider-google_v7.43.0_x5:    "rrdatas": [
2026-09-03T00:52:38.661+0100 [DEBUG] provider.terraform-provider-google_v7.43.0_x5:     "10.2.1.54"
2026-09-03T00:52:38.661+0100 [DEBUG] provider.terraform-provider-google_v7.43.0_x5:    ],
2026-09-03T00:52:38.661+0100 [DEBUG] provider.terraform-provider-google_v7.43.0_x5:    "signatureRrdatas": [],
2026-09-03T00:52:38.661+0100 [DEBUG] provider.terraform-provider-google_v7.43.0_x5:    "kind": "dns#resourceRecordSet"
2026-09-03T00:52:38.661+0100 [DEBUG] provider.terraform-provider-google_v7.43.0_x5:   }
2026-09-03T00:52:38.661+0100 [DEBUG] provider.terraform-provider-google_v7.43.0_x5:  ],
2026-09-03T00:52:38.661+0100 [DEBUG] provider.terraform-provider-google_v7.43.0_x5:  "kind": "dns#resourceRecordSetsListResponse"
2026-09-03T00:52:38.661+0100 [DEBUG] provider.terraform-provider-google_v7.43.0_x5: }
2026-09-03T00:52:38.661+0100 [DEBUG] provider.terraform-provider-google_v7.43.0_x5: -----------------------------------------------------
2026-09-03T00:52:38.663+0100 [DEBUG] provider.terraform-provider-google_v7.43.0_x5: 2026/09/03 00:52:38 [DEBUG] Google API Response Details:
2026-09-03T00:52:38.663+0100 [DEBUG] provider.terraform-provider-google_v7.43.0_x5: ---[ RESPONSE ]--------------------------------------
2026-09-03T00:52:38.663+0100 [DEBUG] provider.terraform-provider-google_v7.43.0_x5: HTTP/2.0 200 OK
2026-09-03T00:52:38.663+0100 [DEBUG] provider.terraform-provider-google_v7.43.0_x5: Alt-Svc: h3=":443"; ma=2592000,h3-29=":443"; ma=2592000
2026-09-03T00:52:38.663+0100 [DEBUG] provider.terraform-provider-google_v7.43.0_x5: Content-Type: application/json; charset=UTF-8
2026-09-03T00:52:38.663+0100 [DEBUG] provider.terraform-provider-google_v7.43.0_x5: Date: Wed, 02 Sep 2026 23:52:39 GMT
2026-09-03T00:52:38.663+0100 [DEBUG] provider.terraform-provider-google_v7.43.0_x5: Server: ESF
2026-09-03T00:52:38.663+0100 [DEBUG] provider.terraform-provider-google_v7.43.0_x5: Vary: Origin
2026-09-03T00:52:38.663+0100 [DEBUG] provider.terraform-provider-google_v7.43.0_x5: Vary: X-Origin
2026-09-03T00:52:38.663+0100 [DEBUG] provider.terraform-provider-google_v7.43.0_x5: Vary: Referer
2026-09-03T00:52:38.663+0100 [DEBUG] provider.terraform-provider-google_v7.43.0_x5: X-Content-Type-Options: nosniff
2026-09-03T00:52:38.663+0100 [DEBUG] provider.terraform-provider-google_v7.43.0_x5: X-Frame-Options: SAMEORIGIN
2026-09-03T00:52:38.663+0100 [DEBUG] provider.terraform-provider-google_v7.43.0_x5: X-Xss-Protection: 0
2026-09-03T00:52:38.663+0100 [DEBUG] provider.terraform-provider-google_v7.43.0_x5
2026-09-03T00:52:38.663+0100 [DEBUG] provider.terraform-provider-google_v7.43.0_x5: {
2026-09-03T00:52:38.663+0100 [DEBUG] provider.terraform-provider-google_v7.43.0_x5:  "rrsets": [
2026-09-03T00:52:38.663+0100 [DEBUG] provider.terraform-provider-google_v7.43.0_x5:   {
2026-09-03T00:52:38.663+0100 [DEBUG] provider.terraform-provider-google_v7.43.0_x5:    "name": "metrics-api-prod.platform.lefrancis.org.",
2026-09-03T00:52:38.663+0100 [DEBUG] provider.terraform-provider-google_v7.43.0_x5:    "type": "A",
2026-09-03T00:52:38.663+0100 [DEBUG] provider.terraform-provider-google_v7.43.0_x5:    "ttl": 300,
2026-09-03T00:52:38.663+0100 [DEBUG] provider.terraform-provider-google_v7.43.0_x5:    "rrdatas": [
2026-09-03T00:52:38.663+0100 [DEBUG] provider.terraform-provider-google_v7.43.0_x5:     "10.2.1.54"
2026-09-03T00:52:38.663+0100 [DEBUG] provider.terraform-provider-google_v7.43.0_x5:    ],
2026-09-03T00:52:38.663+0100 [DEBUG] provider.terraform-provider-google_v7.43.0_x5:    "signatureRrdatas": [],
2026-09-03T00:52:38.663+0100 [DEBUG] provider.terraform-provider-google_v7.43.0_x5:    "kind": "dns#resourceRecordSet"
2026-09-03T00:52:38.663+0100 [DEBUG] provider.terraform-provider-google_v7.43.0_x5:   }
2026-09-03T00:52:38.663+0100 [DEBUG] provider.terraform-provider-google_v7.43.0_x5:  ],
2026-09-03T00:52:38.663+0100 [DEBUG] provider.terraform-provider-google_v7.43.0_x5:  "kind": "dns#resourceRecordSetsListResponse"
2026-09-03T00:52:38.663+0100 [DEBUG] provider.terraform-provider-google_v7.43.0_x5: }
2026-09-03T00:52:38.663+0100 [DEBUG] provider.terraform-provider-google_v7.43.0_x5: -----------------------------------------------------
2026-09-03T00:52:38.679+0100 [DEBUG] provider.terraform-provider-google_v7.43.0_x5: 2026/09/03 00:52:38 [DEBUG] `deletion_policy` detected as not set within resource or provider configuration. Falling back to resource default, DELETE
2026-09-03T00:52:38.693+0100 [DEBUG] provider.terraform-provider-google_v7.43.0_x5: 2026/09/03 00:52:38 [DEBUG] `deletion_policy` detected as not set within resource or provider configuration. Falling back to resource default, DELETE
2026-09-03T00:52:38.739+0100 [DEBUG] provider.terraform-provider-google_v7.43.0_x5: 2026/09/03 00:52:38 [DEBUG] Waiting for state to become: [success]
2026-09-03T00:52:38.739+0100 [DEBUG] provider.terraform-provider-google_v7.43.0_x5: 2026/09/03 00:52:38 [INFO] Instantiating Google Cloud DNS client for path https://dns.googleapis.com
2026-09-03T00:52:38.739+0100 [DEBUG] provider.terraform-provider-google_v7.43.0_x5: 2026/09/03 00:52:38 [DEBUG] Google API Request Details:
2026-09-03T00:52:38.739+0100 [DEBUG] provider.terraform-provider-google_v7.43.0_x5: ---[ REQUEST ]---------------------------------------
2026-09-03T00:52:38.739+0100 [DEBUG] provider.terraform-provider-google_v7.43.0_x5: GET /dns/v1/projects/nomad-platform-gcp/managedZones/platform-lefrancis-org/rrsets?alt=json&name=postgres-prod.platform.lefrancis.org.&prettyPrint=false&type=A HTTP/1.1
2026-09-03T00:52:38.739+0100 [DEBUG] provider.terraform-provider-google_v7.43.0_x5: Host: dns.googleapis.com
2026-09-03T00:52:38.739+0100 [DEBUG] provider.terraform-provider-google_v7.43.0_x5: User-Agent: google-api-go-client/0.5 Terraform/1.15.8 (+https://www.terraform.io) Terraform-Plugin-SDK/2.40.1 terraform-provider-google/7.43.0
2026-09-03T00:52:38.739+0100 [DEBUG] provider.terraform-provider-google_v7.43.0_x5: X-Goog-Api-Client: gl-go/1.26.5 gdcl/0.288.0
2026-09-03T00:52:38.739+0100 [DEBUG] provider.terraform-provider-google_v7.43.0_x5: Accept-Encoding: gzip
2026-09-03T00:52:38.739+0100 [DEBUG] provider.terraform-provider-google_v7.43.0_x5
2026-09-03T00:52:38.739+0100 [DEBUG] provider.terraform-provider-google_v7.43.0_x5
2026-09-03T00:52:38.739+0100 [DEBUG] provider.terraform-provider-google_v7.43.0_x5: -----------------------------------------------------
2026-09-03T00:52:38.741+0100 [DEBUG] provider.terraform-provider-google_v7.43.0_x5: 2026/09/03 00:52:38 [DEBUG] `deletion_policy` detected as not set within resource or provider configuration. Falling back to resource default, DELETE
2026-09-03T00:52:38.745+0100 [DEBUG] provider.terraform-provider-google_v7.43.0_x5: 2026/09/03 00:52:38 [DEBUG] `deletion_policy` detected as not set within resource or provider configuration. Falling back to resource default, DELETE
2026-09-03T00:52:38.761+0100 [DEBUG] provider.terraform-provider-google_v7.43.0_x5: 2026/09/03 00:52:38 [DEBUG] Waiting for state to become: [success]
2026-09-03T00:52:38.761+0100 [DEBUG] provider.terraform-provider-google_v7.43.0_x5: 2026/09/03 00:52:38 [INFO] Instantiating Google Cloud DNS client for path https://dns.googleapis.com
2026-09-03T00:52:38.762+0100 [DEBUG] provider.terraform-provider-google_v7.43.0_x5: 2026/09/03 00:52:38 [DEBUG] Google API Request Details:
2026-09-03T00:52:38.762+0100 [DEBUG] provider.terraform-provider-google_v7.43.0_x5: ---[ REQUEST ]---------------------------------------
2026-09-03T00:52:38.762+0100 [DEBUG] provider.terraform-provider-google_v7.43.0_x5: GET /dns/v1/projects/nomad-platform-gcp/managedZones/platform-lefrancis-org/rrsets?alt=json&name=loki-dev.platform.lefrancis.org.&prettyPrint=false&type=A HTTP/1.1
2026-09-03T00:52:38.762+0100 [DEBUG] provider.terraform-provider-google_v7.43.0_x5: Host: dns.googleapis.com
2026-09-03T00:52:38.762+0100 [DEBUG] provider.terraform-provider-google_v7.43.0_x5: User-Agent: google-api-go-client/0.5 Terraform/1.15.8 (+https://www.terraform.io) Terraform-Plugin-SDK/2.40.1 terraform-provider-google/7.43.0
2026-09-03T00:52:38.762+0100 [DEBUG] provider.terraform-provider-google_v7.43.0_x5: X-Goog-Api-Client: gl-go/1.26.5 gdcl/0.288.0
2026-09-03T00:52:38.762+0100 [DEBUG] provider.terraform-provider-google_v7.43.0_x5: Accept-Encoding: gzip
2026-09-03T00:52:38.762+0100 [DEBUG] provider.terraform-provider-google_v7.43.0_x5
2026-09-03T00:52:38.762+0100 [DEBUG] provider.terraform-provider-google_v7.43.0_x5
2026-09-03T00:52:38.762+0100 [DEBUG] provider.terraform-provider-google_v7.43.0_x5: -----------------------------------------------------
2026-09-03T00:52:38.777+0100 [DEBUG] provider.terraform-provider-google_v7.43.0_x5: 2026/09/03 00:52:38 [DEBUG] Waiting for state to become: [success]
2026-09-03T00:52:38.777+0100 [DEBUG] provider.terraform-provider-google_v7.43.0_x5: 2026/09/03 00:52:38 [INFO] Instantiating Google Cloud DNS client for path https://dns.googleapis.com
2026-09-03T00:52:38.778+0100 [DEBUG] provider.terraform-provider-google_v7.43.0_x5: 2026/09/03 00:52:38 [DEBUG] Google API Request Details:
2026-09-03T00:52:38.779+0100 [DEBUG] provider.terraform-provider-google_v7.43.0_x5: ---[ REQUEST ]---------------------------------------
2026-09-03T00:52:38.779+0100 [DEBUG] provider.terraform-provider-google_v7.43.0_x5: GET /dns/v1/projects/nomad-platform-gcp/managedZones/platform-lefrancis-org/rrsets?alt=json&name=loki-prod.platform.lefrancis.org.&prettyPrint=false&type=A HTTP/1.1
2026-09-03T00:52:38.779+0100 [DEBUG] provider.terraform-provider-google_v7.43.0_x5: Host: dns.googleapis.com
2026-09-03T00:52:38.779+0100 [DEBUG] provider.terraform-provider-google_v7.43.0_x5: User-Agent: google-api-go-client/0.5 Terraform/1.15.8 (+https://www.terraform.io) Terraform-Plugin-SDK/2.40.1 terraform-provider-google/7.43.0
2026-09-03T00:52:38.779+0100 [DEBUG] provider.terraform-provider-google_v7.43.0_x5: X-Goog-Api-Client: gl-go/1.26.5 gdcl/0.288.0
2026-09-03T00:52:38.779+0100 [DEBUG] provider.terraform-provider-google_v7.43.0_x5: Accept-Encoding: gzip
2026-09-03T00:52:38.779+0100 [DEBUG] provider.terraform-provider-google_v7.43.0_x5
2026-09-03T00:52:38.779+0100 [DEBUG] provider.terraform-provider-google_v7.43.0_x5
2026-09-03T00:52:38.779+0100 [DEBUG] provider.terraform-provider-google_v7.43.0_x5: -----------------------------------------------------
2026-09-03T00:52:38.786+0100 [DEBUG] provider.terraform-provider-google_v7.43.0_x5: 2026/09/03 00:52:38 [DEBUG] Waiting for state to become: [success]
2026-09-03T00:52:38.787+0100 [DEBUG] provider.terraform-provider-google_v7.43.0_x5: 2026/09/03 00:52:38 [DEBUG] Google API Request Details:
2026-09-03T00:52:38.787+0100 [DEBUG] provider.terraform-provider-google_v7.43.0_x5: ---[ REQUEST ]---------------------------------------
2026-09-03T00:52:38.787+0100 [DEBUG] provider.terraform-provider-google_v7.43.0_x5: GET /compute/v1/projects/nomad-platform-gcp/regions/europe-west1/autoscalers/nomad-dev-ondemand-autoscaler?alt=json HTTP/1.1
2026-09-03T00:52:38.787+0100 [DEBUG] provider.terraform-provider-google_v7.43.0_x5: Host: compute.googleapis.com
2026-09-03T00:52:38.787+0100 [DEBUG] provider.terraform-provider-google_v7.43.0_x5: User-Agent: Terraform/1.15.8 (+https://www.terraform.io) Terraform-Plugin-SDK/2.40.1 terraform-provider-google/7.43.0
2026-09-03T00:52:38.787+0100 [DEBUG] provider.terraform-provider-google_v7.43.0_x5: Content-Type: application/json
2026-09-03T00:52:38.787+0100 [DEBUG] provider.terraform-provider-google_v7.43.0_x5: Accept-Encoding: gzip
2026-09-03T00:52:38.787+0100 [DEBUG] provider.terraform-provider-google_v7.43.0_x5
2026-09-03T00:52:38.787+0100 [DEBUG] provider.terraform-provider-google_v7.43.0_x5
2026-09-03T00:52:38.787+0100 [DEBUG] provider.terraform-provider-google_v7.43.0_x5: -----------------------------------------------------
2026-09-03T00:52:38.839+0100 [DEBUG] provider.terraform-provider-google_v7.43.0_x5: 2026/09/03 00:52:38 [DEBUG] Google API Response Details:
2026-09-03T00:52:38.839+0100 [DEBUG] provider.terraform-provider-google_v7.43.0_x5: ---[ RESPONSE ]--------------------------------------
2026-09-03T00:52:38.839+0100 [DEBUG] provider.terraform-provider-google_v7.43.0_x5: HTTP/2.0 200 OK
2026-09-03T00:52:38.839+0100 [DEBUG] provider.terraform-provider-google_v7.43.0_x5: Alt-Svc: h3=":443"; ma=2592000,h3-29=":443"; ma=2592000
2026-09-03T00:52:38.839+0100 [DEBUG] provider.terraform-provider-google_v7.43.0_x5: Content-Type: application/json; charset=UTF-8
2026-09-03T00:52:38.839+0100 [DEBUG] provider.terraform-provider-google_v7.43.0_x5: Date: Wed, 02 Sep 2026 23:52:39 GMT
2026-09-03T00:52:38.839+0100 [DEBUG] provider.terraform-provider-google_v7.43.0_x5: Server: ESF
2026-09-03T00:52:38.839+0100 [DEBUG] provider.terraform-provider-google_v7.43.0_x5: Vary: Origin
2026-09-03T00:52:38.839+0100 [DEBUG] provider.terraform-provider-google_v7.43.0_x5: Vary: X-Origin
2026-09-03T00:52:38.839+0100 [DEBUG] provider.terraform-provider-google_v7.43.0_x5: Vary: Referer
2026-09-03T00:52:38.839+0100 [DEBUG] provider.terraform-provider-google_v7.43.0_x5: X-Content-Type-Options: nosniff
2026-09-03T00:52:38.839+0100 [DEBUG] provider.terraform-provider-google_v7.43.0_x5: X-Frame-Options: SAMEORIGIN
2026-09-03T00:52:38.839+0100 [DEBUG] provider.terraform-provider-google_v7.43.0_x5: X-Xss-Protection: 0
2026-09-03T00:52:38.839+0100 [DEBUG] provider.terraform-provider-google_v7.43.0_x5
2026-09-03T00:52:38.839+0100 [DEBUG] provider.terraform-provider-google_v7.43.0_x5: {
2026-09-03T00:52:38.839+0100 [DEBUG] provider.terraform-provider-google_v7.43.0_x5:  "rrsets": [
2026-09-03T00:52:38.839+0100 [DEBUG] provider.terraform-provider-google_v7.43.0_x5:   {
2026-09-03T00:52:38.839+0100 [DEBUG] provider.terraform-provider-google_v7.43.0_x5:    "name": "falco-webhook-dev.platform.lefrancis.org.",
2026-09-03T00:52:38.839+0100 [DEBUG] provider.terraform-provider-google_v7.43.0_x5:    "type": "A",
2026-09-03T00:52:38.839+0100 [DEBUG] provider.terraform-provider-google_v7.43.0_x5:    "ttl": 300,
2026-09-03T00:52:38.839+0100 [DEBUG] provider.terraform-provider-google_v7.43.0_x5:    "rrdatas": [
2026-09-03T00:52:38.839+0100 [DEBUG] provider.terraform-provider-google_v7.43.0_x5:     "10.2.1.54"
2026-09-03T00:52:38.839+0100 [DEBUG] provider.terraform-provider-google_v7.43.0_x5:    ],
2026-09-03T00:52:38.839+0100 [DEBUG] provider.terraform-provider-google_v7.43.0_x5:    "signatureRrdatas": [],
2026-09-03T00:52:38.839+0100 [DEBUG] provider.terraform-provider-google_v7.43.0_x5:    "kind": "dns#resourceRecordSet"
2026-09-03T00:52:38.839+0100 [DEBUG] provider.terraform-provider-google_v7.43.0_x5:   }
2026-09-03T00:52:38.839+0100 [DEBUG] provider.terraform-provider-google_v7.43.0_x5:  ],
2026-09-03T00:52:38.839+0100 [DEBUG] provider.terraform-provider-google_v7.43.0_x5:  "kind": "dns#resourceRecordSetsListResponse"
2026-09-03T00:52:38.839+0100 [DEBUG] provider.terraform-provider-google_v7.43.0_x5: }
2026-09-03T00:52:38.839+0100 [DEBUG] provider.terraform-provider-google_v7.43.0_x5: -----------------------------------------------------
2026-09-03T00:52:38.839+0100 [DEBUG] provider.terraform-provider-google_v7.43.0_x5: 2026/09/03 00:52:38 [DEBUG] Google API Response Details:
2026-09-03T00:52:38.839+0100 [DEBUG] provider.terraform-provider-google_v7.43.0_x5: ---[ RESPONSE ]--------------------------------------
2026-09-03T00:52:38.839+0100 [DEBUG] provider.terraform-provider-google_v7.43.0_x5: HTTP/2.0 200 OK
2026-09-03T00:52:38.839+0100 [DEBUG] provider.terraform-provider-google_v7.43.0_x5: Alt-Svc: h3=":443"; ma=2592000,h3-29=":443"; ma=2592000
2026-09-03T00:52:38.839+0100 [DEBUG] provider.terraform-provider-google_v7.43.0_x5: Content-Type: application/json; charset=UTF-8
2026-09-03T00:52:38.839+0100 [DEBUG] provider.terraform-provider-google_v7.43.0_x5: Date: Wed, 02 Sep 2026 23:52:39 GMT
2026-09-03T00:52:38.839+0100 [DEBUG] provider.terraform-provider-google_v7.43.0_x5: Server: ESF
2026-09-03T00:52:38.839+0100 [DEBUG] provider.terraform-provider-google_v7.43.0_x5: Vary: Origin
2026-09-03T00:52:38.839+0100 [DEBUG] provider.terraform-provider-google_v7.43.0_x5: Vary: X-Origin
2026-09-03T00:52:38.839+0100 [DEBUG] provider.terraform-provider-google_v7.43.0_x5: Vary: Referer
2026-09-03T00:52:38.839+0100 [DEBUG] provider.terraform-provider-google_v7.43.0_x5: X-Content-Type-Options: nosniff
2026-09-03T00:52:38.839+0100 [DEBUG] provider.terraform-provider-google_v7.43.0_x5: X-Frame-Options: SAMEORIGIN
2026-09-03T00:52:38.839+0100 [DEBUG] provider.terraform-provider-google_v7.43.0_x5: X-Xss-Protection: 0
2026-09-03T00:52:38.839+0100 [DEBUG] provider.terraform-provider-google_v7.43.0_x5
2026-09-03T00:52:38.839+0100 [DEBUG] provider.terraform-provider-google_v7.43.0_x5: {
2026-09-03T00:52:38.839+0100 [DEBUG] provider.terraform-provider-google_v7.43.0_x5:  "rrsets": [
2026-09-03T00:52:38.839+0100 [DEBUG] provider.terraform-provider-google_v7.43.0_x5:   {
2026-09-03T00:52:38.839+0100 [DEBUG] provider.terraform-provider-google_v7.43.0_x5:    "name": "grafana.platform.lefrancis.org.",
2026-09-03T00:52:38.839+0100 [DEBUG] provider.terraform-provider-google_v7.43.0_x5:    "type": "A",
2026-09-03T00:52:38.839+0100 [DEBUG] provider.terraform-provider-google_v7.43.0_x5:    "ttl": 300,
2026-09-03T00:52:38.839+0100 [DEBUG] provider.terraform-provider-google_v7.43.0_x5:    "rrdatas": [
2026-09-03T00:52:38.839+0100 [DEBUG] provider.terraform-provider-google_v7.43.0_x5:     "10.2.1.54"
2026-09-03T00:52:38.839+0100 [DEBUG] provider.terraform-provider-google_v7.43.0_x5:    ],
2026-09-03T00:52:38.839+0100 [DEBUG] provider.terraform-provider-google_v7.43.0_x5:    "signatureRrdatas": [],
2026-09-03T00:52:38.839+0100 [DEBUG] provider.terraform-provider-google_v7.43.0_x5:    "kind": "dns#resourceRecordSet"
2026-09-03T00:52:38.839+0100 [DEBUG] provider.terraform-provider-google_v7.43.0_x5:   }
2026-09-03T00:52:38.839+0100 [DEBUG] provider.terraform-provider-google_v7.43.0_x5:  ],
2026-09-03T00:52:38.839+0100 [DEBUG] provider.terraform-provider-google_v7.43.0_x5:  "kind": "dns#resourceRecordSetsListResponse"
2026-09-03T00:52:38.839+0100 [DEBUG] provider.terraform-provider-google_v7.43.0_x5: }
2026-09-03T00:52:38.839+0100 [DEBUG] provider.terraform-provider-google_v7.43.0_x5: -----------------------------------------------------
2026-09-03T00:52:38.840+0100 [DEBUG] provider.terraform-provider-google_v7.43.0_x5: 2026/09/03 00:52:38 [DEBUG] Google API Response Details:
2026-09-03T00:52:38.840+0100 [DEBUG] provider.terraform-provider-google_v7.43.0_x5: ---[ RESPONSE ]--------------------------------------
2026-09-03T00:52:38.840+0100 [DEBUG] provider.terraform-provider-google_v7.43.0_x5: HTTP/2.0 200 OK
2026-09-03T00:52:38.840+0100 [DEBUG] provider.terraform-provider-google_v7.43.0_x5: Alt-Svc: h3=":443"; ma=2592000,h3-29=":443"; ma=2592000
2026-09-03T00:52:38.840+0100 [DEBUG] provider.terraform-provider-google_v7.43.0_x5: Content-Type: application/json; charset=UTF-8
2026-09-03T00:52:38.840+0100 [DEBUG] provider.terraform-provider-google_v7.43.0_x5: Date: Wed, 02 Sep 2026 23:52:39 GMT
2026-09-03T00:52:38.840+0100 [DEBUG] provider.terraform-provider-google_v7.43.0_x5: Server: ESF
2026-09-03T00:52:38.840+0100 [DEBUG] provider.terraform-provider-google_v7.43.0_x5: Vary: Origin
2026-09-03T00:52:38.840+0100 [DEBUG] provider.terraform-provider-google_v7.43.0_x5: Vary: X-Origin
2026-09-03T00:52:38.840+0100 [DEBUG] provider.terraform-provider-google_v7.43.0_x5: Vary: Referer
2026-09-03T00:52:38.840+0100 [DEBUG] provider.terraform-provider-google_v7.43.0_x5: X-Content-Type-Options: nosniff
2026-09-03T00:52:38.840+0100 [DEBUG] provider.terraform-provider-google_v7.43.0_x5: X-Frame-Options: SAMEORIGIN
2026-09-03T00:52:38.840+0100 [DEBUG] provider.terraform-provider-google_v7.43.0_x5: X-Xss-Protection: 0
2026-09-03T00:52:38.840+0100 [DEBUG] provider.terraform-provider-google_v7.43.0_x5
2026-09-03T00:52:38.840+0100 [DEBUG] provider.terraform-provider-google_v7.43.0_x5: {
2026-09-03T00:52:38.840+0100 [DEBUG] provider.terraform-provider-google_v7.43.0_x5:  "rrsets": [
2026-09-03T00:52:38.840+0100 [DEBUG] provider.terraform-provider-google_v7.43.0_x5:   {
2026-09-03T00:52:38.840+0100 [DEBUG] provider.terraform-provider-google_v7.43.0_x5:    "name": "postgres-dev.platform.lefrancis.org.",
2026-09-03T00:52:38.840+0100 [DEBUG] provider.terraform-provider-google_v7.43.0_x5:    "type": "A",
2026-09-03T00:52:38.840+0100 [DEBUG] provider.terraform-provider-google_v7.43.0_x5:    "ttl": 300,
2026-09-03T00:52:38.840+0100 [DEBUG] provider.terraform-provider-google_v7.43.0_x5:    "rrdatas": [
2026-09-03T00:52:38.840+0100 [DEBUG] provider.terraform-provider-google_v7.43.0_x5:     "10.2.1.54"
2026-09-03T00:52:38.840+0100 [DEBUG] provider.terraform-provider-google_v7.43.0_x5:    ],
2026-09-03T00:52:38.840+0100 [DEBUG] provider.terraform-provider-google_v7.43.0_x5:    "signatureRrdatas": [],
2026-09-03T00:52:38.840+0100 [DEBUG] provider.terraform-provider-google_v7.43.0_x5:    "kind": "dns#resourceRecordSet"
2026-09-03T00:52:38.840+0100 [DEBUG] provider.terraform-provider-google_v7.43.0_x5:   }
2026-09-03T00:52:38.840+0100 [DEBUG] provider.terraform-provider-google_v7.43.0_x5:  ],
2026-09-03T00:52:38.840+0100 [DEBUG] provider.terraform-provider-google_v7.43.0_x5:  "kind": "dns#resourceRecordSetsListResponse"
2026-09-03T00:52:38.840+0100 [DEBUG] provider.terraform-provider-google_v7.43.0_x5: }
2026-09-03T00:52:38.840+0100 [DEBUG] provider.terraform-provider-google_v7.43.0_x5: -----------------------------------------------------
2026-09-03T00:52:38.851+0100 [DEBUG] provider.terraform-provider-google_v7.43.0_x5: 2026/09/03 00:52:38 [DEBUG] `deletion_policy` detected as not set within resource or provider configuration. Falling back to resource default, DELETE
2026-09-03T00:52:38.853+0100 [DEBUG] provider.terraform-provider-google_v7.43.0_x5: 2026/09/03 00:52:38 [DEBUG] `deletion_policy` detected as not set within resource or provider configuration. Falling back to resource default, DELETE
2026-09-03T00:52:38.860+0100 [DEBUG] provider.terraform-provider-google_v7.43.0_x5: 2026/09/03 00:52:38 [DEBUG] `deletion_policy` detected as not set within resource or provider configuration. Falling back to resource default, DELETE
2026-09-03T00:52:38.862+0100 [DEBUG] provider.terraform-provider-google_v7.43.0_x5: 2026/09/03 00:52:38 [DEBUG] Waiting for state to become: [success]
2026-09-03T00:52:38.862+0100 [DEBUG] provider.terraform-provider-google_v7.43.0_x5: 2026/09/03 00:52:38 [DEBUG] Google API Request Details:
2026-09-03T00:52:38.862+0100 [DEBUG] provider.terraform-provider-google_v7.43.0_x5: ---[ REQUEST ]---------------------------------------
2026-09-03T00:52:38.862+0100 [DEBUG] provider.terraform-provider-google_v7.43.0_x5: GET /compute/v1/projects/nomad-platform-gcp/regions/europe-west1/autoscalers/nomad-dev-spot-autoscaler?alt=json HTTP/1.1
2026-09-03T00:52:38.862+0100 [DEBUG] provider.terraform-provider-google_v7.43.0_x5: Host: compute.googleapis.com
2026-09-03T00:52:38.862+0100 [DEBUG] provider.terraform-provider-google_v7.43.0_x5: User-Agent: Terraform/1.15.8 (+https://www.terraform.io) Terraform-Plugin-SDK/2.40.1 terraform-provider-google/7.43.0
2026-09-03T00:52:38.862+0100 [DEBUG] provider.terraform-provider-google_v7.43.0_x5: Content-Type: application/json
2026-09-03T00:52:38.862+0100 [DEBUG] provider.terraform-provider-google_v7.43.0_x5: Accept-Encoding: gzip
2026-09-03T00:52:38.862+0100 [DEBUG] provider.terraform-provider-google_v7.43.0_x5
2026-09-03T00:52:38.862+0100 [DEBUG] provider.terraform-provider-google_v7.43.0_x5
2026-09-03T00:52:38.862+0100 [DEBUG] provider.terraform-provider-google_v7.43.0_x5: -----------------------------------------------------
2026-09-03T00:52:38.886+0100 [DEBUG] provider.terraform-provider-google_v7.43.0_x5: 2026/09/03 00:52:38 [DEBUG] Google API Response Details:
2026-09-03T00:52:38.886+0100 [DEBUG] provider.terraform-provider-google_v7.43.0_x5: ---[ RESPONSE ]--------------------------------------
2026-09-03T00:52:38.886+0100 [DEBUG] provider.terraform-provider-google_v7.43.0_x5: HTTP/2.0 200 OK
2026-09-03T00:52:38.886+0100 [DEBUG] provider.terraform-provider-google_v7.43.0_x5: Alt-Svc: h3=":443"; ma=2592000,h3-29=":443"; ma=2592000
2026-09-03T00:52:38.886+0100 [DEBUG] provider.terraform-provider-google_v7.43.0_x5: Content-Type: application/json; charset=UTF-8
2026-09-03T00:52:38.886+0100 [DEBUG] provider.terraform-provider-google_v7.43.0_x5: Date: Wed, 02 Sep 2026 23:52:39 GMT
2026-09-03T00:52:38.886+0100 [DEBUG] provider.terraform-provider-google_v7.43.0_x5: Server: ESF
2026-09-03T00:52:38.886+0100 [DEBUG] provider.terraform-provider-google_v7.43.0_x5: Vary: Origin
2026-09-03T00:52:38.886+0100 [DEBUG] provider.terraform-provider-google_v7.43.0_x5: Vary: X-Origin
2026-09-03T00:52:38.886+0100 [DEBUG] provider.terraform-provider-google_v7.43.0_x5: Vary: Referer
2026-09-03T00:52:38.886+0100 [DEBUG] provider.terraform-provider-google_v7.43.0_x5: X-Content-Type-Options: nosniff
2026-09-03T00:52:38.886+0100 [DEBUG] provider.terraform-provider-google_v7.43.0_x5: X-Frame-Options: SAMEORIGIN
2026-09-03T00:52:38.886+0100 [DEBUG] provider.terraform-provider-google_v7.43.0_x5: X-Xss-Protection: 0
2026-09-03T00:52:38.886+0100 [DEBUG] provider.terraform-provider-google_v7.43.0_x5
2026-09-03T00:52:38.886+0100 [DEBUG] provider.terraform-provider-google_v7.43.0_x5: {
2026-09-03T00:52:38.886+0100 [DEBUG] provider.terraform-provider-google_v7.43.0_x5:  "rrsets": [
2026-09-03T00:52:38.886+0100 [DEBUG] provider.terraform-provider-google_v7.43.0_x5:   {
2026-09-03T00:52:38.886+0100 [DEBUG] provider.terraform-provider-google_v7.43.0_x5:    "name": "octopus.platform.lefrancis.org.",
2026-09-03T00:52:38.886+0100 [DEBUG] provider.terraform-provider-google_v7.43.0_x5:    "type": "A",
2026-09-03T00:52:38.886+0100 [DEBUG] provider.terraform-provider-google_v7.43.0_x5:    "ttl": 300,
2026-09-03T00:52:38.886+0100 [DEBUG] provider.terraform-provider-google_v7.43.0_x5:    "rrdatas": [
2026-09-03T00:52:38.886+0100 [DEBUG] provider.terraform-provider-google_v7.43.0_x5:     "10.2.1.54"
2026-09-03T00:52:38.886+0100 [DEBUG] provider.terraform-provider-google_v7.43.0_x5:    ],
2026-09-03T00:52:38.886+0100 [DEBUG] provider.terraform-provider-google_v7.43.0_x5:    "signatureRrdatas": [],
2026-09-03T00:52:38.886+0100 [DEBUG] provider.terraform-provider-google_v7.43.0_x5:    "kind": "dns#resourceRecordSet"
2026-09-03T00:52:38.886+0100 [DEBUG] provider.terraform-provider-google_v7.43.0_x5:   }
2026-09-03T00:52:38.886+0100 [DEBUG] provider.terraform-provider-google_v7.43.0_x5:  ],
2026-09-03T00:52:38.887+0100 [DEBUG] provider.terraform-provider-google_v7.43.0_x5:  "kind": "dns#resourceRecordSetsListResponse"
2026-09-03T00:52:38.887+0100 [DEBUG] provider.terraform-provider-google_v7.43.0_x5: }
2026-09-03T00:52:38.887+0100 [DEBUG] provider.terraform-provider-google_v7.43.0_x5: -----------------------------------------------------
2026-09-03T00:52:38.887+0100 [DEBUG] provider.terraform-provider-google_v7.43.0_x5: 2026/09/03 00:52:38 [DEBUG] Google API Response Details:
2026-09-03T00:52:38.887+0100 [DEBUG] provider.terraform-provider-google_v7.43.0_x5: ---[ RESPONSE ]--------------------------------------
2026-09-03T00:52:38.887+0100 [DEBUG] provider.terraform-provider-google_v7.43.0_x5: HTTP/2.0 200 OK
2026-09-03T00:52:38.887+0100 [DEBUG] provider.terraform-provider-google_v7.43.0_x5: Alt-Svc: h3=":443"; ma=2592000,h3-29=":443"; ma=2592000
2026-09-03T00:52:38.887+0100 [DEBUG] provider.terraform-provider-google_v7.43.0_x5: Content-Type: application/json; charset=UTF-8
2026-09-03T00:52:38.887+0100 [DEBUG] provider.terraform-provider-google_v7.43.0_x5: Date: Wed, 02 Sep 2026 23:52:39 GMT
2026-09-03T00:52:38.887+0100 [DEBUG] provider.terraform-provider-google_v7.43.0_x5: Server: ESF
2026-09-03T00:52:38.887+0100 [DEBUG] provider.terraform-provider-google_v7.43.0_x5: Vary: Origin
2026-09-03T00:52:38.887+0100 [DEBUG] provider.terraform-provider-google_v7.43.0_x5: Vary: X-Origin
2026-09-03T00:52:38.887+0100 [DEBUG] provider.terraform-provider-google_v7.43.0_x5: Vary: Referer
2026-09-03T00:52:38.887+0100 [DEBUG] provider.terraform-provider-google_v7.43.0_x5: X-Content-Type-Options: nosniff
2026-09-03T00:52:38.887+0100 [DEBUG] provider.terraform-provider-google_v7.43.0_x5: X-Frame-Options: SAMEORIGIN
2026-09-03T00:52:38.887+0100 [DEBUG] provider.terraform-provider-google_v7.43.0_x5: X-Xss-Protection: 0
2026-09-03T00:52:38.887+0100 [DEBUG] provider.terraform-provider-google_v7.43.0_x5
2026-09-03T00:52:38.887+0100 [DEBUG] provider.terraform-provider-google_v7.43.0_x5: {
2026-09-03T00:52:38.887+0100 [DEBUG] provider.terraform-provider-google_v7.43.0_x5:  "rrsets": [
2026-09-03T00:52:38.887+0100 [DEBUG] provider.terraform-provider-google_v7.43.0_x5:   {
2026-09-03T00:52:38.887+0100 [DEBUG] provider.terraform-provider-google_v7.43.0_x5:    "name": "prometheus-prod.platform.lefrancis.org.",
2026-09-03T00:52:38.887+0100 [DEBUG] provider.terraform-provider-google_v7.43.0_x5:    "type": "A",
2026-09-03T00:52:38.887+0100 [DEBUG] provider.terraform-provider-google_v7.43.0_x5:    "ttl": 300,
2026-09-03T00:52:38.887+0100 [DEBUG] provider.terraform-provider-google_v7.43.0_x5:    "rrdatas": [
2026-09-03T00:52:38.887+0100 [DEBUG] provider.terraform-provider-google_v7.43.0_x5:     "10.2.1.54"
2026-09-03T00:52:38.887+0100 [DEBUG] provider.terraform-provider-google_v7.43.0_x5:    ],
2026-09-03T00:52:38.887+0100 [DEBUG] provider.terraform-provider-google_v7.43.0_x5:    "signatureRrdatas": [],
2026-09-03T00:52:38.887+0100 [DEBUG] provider.terraform-provider-google_v7.43.0_x5:    "kind": "dns#resourceRecordSet"
2026-09-03T00:52:38.887+0100 [DEBUG] provider.terraform-provider-google_v7.43.0_x5:   }
2026-09-03T00:52:38.887+0100 [DEBUG] provider.terraform-provider-google_v7.43.0_x5:  ],
2026-09-03T00:52:38.887+0100 [DEBUG] provider.terraform-provider-google_v7.43.0_x5:  "kind": "dns#resourceRecordSetsListResponse"
2026-09-03T00:52:38.887+0100 [DEBUG] provider.terraform-provider-google_v7.43.0_x5: }
2026-09-03T00:52:38.887+0100 [DEBUG] provider.terraform-provider-google_v7.43.0_x5: -----------------------------------------------------
2026-09-03T00:52:38.887+0100 [DEBUG] provider.terraform-provider-google_v7.43.0_x5: 2026/09/03 00:52:38 [DEBUG] Google API Response Details:
2026-09-03T00:52:38.887+0100 [DEBUG] provider.terraform-provider-google_v7.43.0_x5: ---[ RESPONSE ]--------------------------------------
2026-09-03T00:52:38.887+0100 [DEBUG] provider.terraform-provider-google_v7.43.0_x5: HTTP/2.0 200 OK
2026-09-03T00:52:38.887+0100 [DEBUG] provider.terraform-provider-google_v7.43.0_x5: Alt-Svc: h3=":443"; ma=2592000,h3-29=":443"; ma=2592000
2026-09-03T00:52:38.887+0100 [DEBUG] provider.terraform-provider-google_v7.43.0_x5: Content-Type: application/json; charset=UTF-8
2026-09-03T00:52:38.887+0100 [DEBUG] provider.terraform-provider-google_v7.43.0_x5: Date: Wed, 02 Sep 2026 23:52:39 GMT
2026-09-03T00:52:38.887+0100 [DEBUG] provider.terraform-provider-google_v7.43.0_x5: Server: ESF
2026-09-03T00:52:38.887+0100 [DEBUG] provider.terraform-provider-google_v7.43.0_x5: Vary: Origin
2026-09-03T00:52:38.887+0100 [DEBUG] provider.terraform-provider-google_v7.43.0_x5: Vary: X-Origin
2026-09-03T00:52:38.887+0100 [DEBUG] provider.terraform-provider-google_v7.43.0_x5: Vary: Referer
2026-09-03T00:52:38.887+0100 [DEBUG] provider.terraform-provider-google_v7.43.0_x5: X-Content-Type-Options: nosniff
2026-09-03T00:52:38.887+0100 [DEBUG] provider.terraform-provider-google_v7.43.0_x5: X-Frame-Options: SAMEORIGIN
2026-09-03T00:52:38.887+0100 [DEBUG] provider.terraform-provider-google_v7.43.0_x5: X-Xss-Protection: 0
2026-09-03T00:52:38.887+0100 [DEBUG] provider.terraform-provider-google_v7.43.0_x5
2026-09-03T00:52:38.887+0100 [DEBUG] provider.terraform-provider-google_v7.43.0_x5: {
2026-09-03T00:52:38.887+0100 [DEBUG] provider.terraform-provider-google_v7.43.0_x5:  "rrsets": [
2026-09-03T00:52:38.887+0100 [DEBUG] provider.terraform-provider-google_v7.43.0_x5:   {
2026-09-03T00:52:38.887+0100 [DEBUG] provider.terraform-provider-google_v7.43.0_x5:    "name": "vault.platform.lefrancis.org.",
2026-09-03T00:52:38.887+0100 [DEBUG] provider.terraform-provider-google_v7.43.0_x5:    "type": "A",
2026-09-03T00:52:38.887+0100 [DEBUG] provider.terraform-provider-google_v7.43.0_x5:    "ttl": 300,
2026-09-03T00:52:38.887+0100 [DEBUG] provider.terraform-provider-google_v7.43.0_x5:    "rrdatas": [
2026-09-03T00:52:38.887+0100 [DEBUG] provider.terraform-provider-google_v7.43.0_x5:     "10.2.1.54"
2026-09-03T00:52:38.887+0100 [DEBUG] provider.terraform-provider-google_v7.43.0_x5:    ],
2026-09-03T00:52:38.887+0100 [DEBUG] provider.terraform-provider-google_v7.43.0_x5:    "signatureRrdatas": [],
2026-09-03T00:52:38.887+0100 [DEBUG] provider.terraform-provider-google_v7.43.0_x5:    "kind": "dns#resourceRecordSet"
2026-09-03T00:52:38.887+0100 [DEBUG] provider.terraform-provider-google_v7.43.0_x5:   }
2026-09-03T00:52:38.887+0100 [DEBUG] provider.terraform-provider-google_v7.43.0_x5:  ],
2026-09-03T00:52:38.887+0100 [DEBUG] provider.terraform-provider-google_v7.43.0_x5:  "kind": "dns#resourceRecordSetsListResponse"
2026-09-03T00:52:38.887+0100 [DEBUG] provider.terraform-provider-google_v7.43.0_x5: }
2026-09-03T00:52:38.887+0100 [DEBUG] provider.terraform-provider-google_v7.43.0_x5: -----------------------------------------------------
2026-09-03T00:52:38.907+0100 [DEBUG] provider.terraform-provider-google_v7.43.0_x5: 2026/09/03 00:52:38 [DEBUG] `deletion_policy` detected as not set within resource or provider configuration. Falling back to resource default, DELETE
2026-09-03T00:52:38.910+0100 [DEBUG] provider.terraform-provider-google_v7.43.0_x5: 2026/09/03 00:52:38 [DEBUG] `deletion_policy` detected as not set within resource or provider configuration. Falling back to resource default, DELETE
2026-09-03T00:52:38.921+0100 [DEBUG] provider.terraform-provider-google_v7.43.0_x5: 2026/09/03 00:52:38 [DEBUG] `deletion_policy` detected as not set within resource or provider configuration. Falling back to resource default, DELETE
2026-09-03T00:52:39.029+0100 [DEBUG] provider.terraform-provider-google_v7.43.0_x5: 2026/09/03 00:52:39 [DEBUG] Google API Response Details:
2026-09-03T00:52:39.029+0100 [DEBUG] provider.terraform-provider-google_v7.43.0_x5: ---[ RESPONSE ]--------------------------------------
2026-09-03T00:52:39.029+0100 [DEBUG] provider.terraform-provider-google_v7.43.0_x5: HTTP/2.0 200 OK
2026-09-03T00:52:39.029+0100 [DEBUG] provider.terraform-provider-google_v7.43.0_x5: Alt-Svc: h3=":443"; ma=2592000,h3-29=":443"; ma=2592000
2026-09-03T00:52:39.029+0100 [DEBUG] provider.terraform-provider-google_v7.43.0_x5: Content-Type: application/json; charset=UTF-8
2026-09-03T00:52:39.029+0100 [DEBUG] provider.terraform-provider-google_v7.43.0_x5: Date: Wed, 02 Sep 2026 23:52:39 GMT
2026-09-03T00:52:39.029+0100 [DEBUG] provider.terraform-provider-google_v7.43.0_x5: Server: ESF
2026-09-03T00:52:39.029+0100 [DEBUG] provider.terraform-provider-google_v7.43.0_x5: Vary: Origin
2026-09-03T00:52:39.029+0100 [DEBUG] provider.terraform-provider-google_v7.43.0_x5: Vary: X-Origin
2026-09-03T00:52:39.029+0100 [DEBUG] provider.terraform-provider-google_v7.43.0_x5: Vary: Referer
2026-09-03T00:52:39.029+0100 [DEBUG] provider.terraform-provider-google_v7.43.0_x5: X-Content-Type-Options: nosniff
2026-09-03T00:52:39.029+0100 [DEBUG] provider.terraform-provider-google_v7.43.0_x5: X-Frame-Options: SAMEORIGIN
2026-09-03T00:52:39.029+0100 [DEBUG] provider.terraform-provider-google_v7.43.0_x5: X-Xss-Protection: 0
2026-09-03T00:52:39.029+0100 [DEBUG] provider.terraform-provider-google_v7.43.0_x5
2026-09-03T00:52:39.029+0100 [DEBUG] provider.terraform-provider-google_v7.43.0_x5: {
2026-09-03T00:52:39.029+0100 [DEBUG] provider.terraform-provider-google_v7.43.0_x5:   "kind": "compute#autoscaler",
2026-09-03T00:52:39.029+0100 [DEBUG] provider.terraform-provider-google_v7.43.0_x5:   "id": "6587308992643076077",
2026-09-03T00:52:39.029+0100 [DEBUG] provider.terraform-provider-google_v7.43.0_x5:   "creationTimestamp": "2026-09-01T22:15:46.561-07:00",
2026-09-03T00:52:39.029+0100 [DEBUG] provider.terraform-provider-google_v7.43.0_x5:   "name": "nomad-dev-ondemand-autoscaler",
2026-09-03T00:52:39.029+0100 [DEBUG] provider.terraform-provider-google_v7.43.0_x5:   "target": "https://www.googleapis.com/compute/v1/projects/nomad-platform-gcp/regions/europe-west1/instanceGroupManagers/nomad-dev-ondemand",
2026-09-03T00:52:39.029+0100 [DEBUG] provider.terraform-provider-google_v7.43.0_x5:   "autoscalingPolicy": {
2026-09-03T00:52:39.029+0100 [DEBUG] provider.terraform-provider-google_v7.43.0_x5:     "minNumReplicas": 1,
2026-09-03T00:52:39.029+0100 [DEBUG] provider.terraform-provider-google_v7.43.0_x5:     "maxNumReplicas": 5,
2026-09-03T00:52:39.029+0100 [DEBUG] provider.terraform-provider-google_v7.43.0_x5:     "scaleInControl": {
2026-09-03T00:52:39.029+0100 [DEBUG] provider.terraform-provider-google_v7.43.0_x5:       "maxScaledInReplicas": {
2026-09-03T00:52:39.029+0100 [DEBUG] provider.terraform-provider-google_v7.43.0_x5:         "fixed": 1
2026-09-03T00:52:39.029+0100 [DEBUG] provider.terraform-provider-google_v7.43.0_x5:       },
2026-09-03T00:52:39.029+0100 [DEBUG] provider.terraform-provider-google_v7.43.0_x5:       "timeWindowSec": 300
2026-09-03T00:52:39.029+0100 [DEBUG] provider.terraform-provider-google_v7.43.0_x5:     },
2026-09-03T00:52:39.029+0100 [DEBUG] provider.terraform-provider-google_v7.43.0_x5:     "coolDownPeriodSec": 90,
2026-09-03T00:52:39.029+0100 [DEBUG] provider.terraform-provider-google_v7.43.0_x5:     "stabilizationPeriodSec": 300,
2026-09-03T00:52:39.029+0100 [DEBUG] provider.terraform-provider-google_v7.43.0_x5:     "cpuUtilization": {
2026-09-03T00:52:39.030+0100 [DEBUG] provider.terraform-provider-google_v7.43.0_x5:       "utilizationTarget": 0.6,
2026-09-03T00:52:39.030+0100 [DEBUG] provider.terraform-provider-google_v7.43.0_x5:       "predictiveMethod": "NONE"
2026-09-03T00:52:39.030+0100 [DEBUG] provider.terraform-provider-google_v7.43.0_x5:     },
2026-09-03T00:52:39.030+0100 [DEBUG] provider.terraform-provider-google_v7.43.0_x5:     "mode": "ON"
2026-09-03T00:52:39.030+0100 [DEBUG] provider.terraform-provider-google_v7.43.0_x5:   },
2026-09-03T00:52:39.030+0100 [DEBUG] provider.terraform-provider-google_v7.43.0_x5:   "region": "https://www.googleapis.com/compute/v1/projects/nomad-platform-gcp/regions/europe-west1",
2026-09-03T00:52:39.030+0100 [DEBUG] provider.terraform-provider-google_v7.43.0_x5:   "selfLink": "https://www.googleapis.com/compute/v1/projects/nomad-platform-gcp/regions/europe-west1/autoscalers/nomad-dev-ondemand-autoscaler",
2026-09-03T00:52:39.030+0100 [DEBUG] provider.terraform-provider-google_v7.43.0_x5:   "status": "ACTIVE",
2026-09-03T00:52:39.030+0100 [DEBUG] provider.terraform-provider-google_v7.43.0_x5:   "recommendedSize": 1
2026-09-03T00:52:39.030+0100 [DEBUG] provider.terraform-provider-google_v7.43.0_x5: }
2026-09-03T00:52:39.030+0100 [DEBUG] provider.terraform-provider-google_v7.43.0_x5
2026-09-03T00:52:39.030+0100 [DEBUG] provider.terraform-provider-google_v7.43.0_x5: -----------------------------------------------------
2026-09-03T00:52:39.030+0100 [DEBUG] provider.terraform-provider-google_v7.43.0_x5: 2026/09/03 00:52:39 [DEBUG] Google API Response Details:
2026-09-03T00:52:39.030+0100 [DEBUG] provider.terraform-provider-google_v7.43.0_x5: ---[ RESPONSE ]--------------------------------------
2026-09-03T00:52:39.030+0100 [DEBUG] provider.terraform-provider-google_v7.43.0_x5: HTTP/2.0 200 OK
2026-09-03T00:52:39.030+0100 [DEBUG] provider.terraform-provider-google_v7.43.0_x5: Alt-Svc: h3=":443"; ma=2592000,h3-29=":443"; ma=2592000
2026-09-03T00:52:39.030+0100 [DEBUG] provider.terraform-provider-google_v7.43.0_x5: Content-Type: application/json; charset=UTF-8
2026-09-03T00:52:39.030+0100 [DEBUG] provider.terraform-provider-google_v7.43.0_x5: Date: Wed, 02 Sep 2026 23:52:39 GMT
2026-09-03T00:52:39.030+0100 [DEBUG] provider.terraform-provider-google_v7.43.0_x5: Server: ESF
2026-09-03T00:52:39.030+0100 [DEBUG] provider.terraform-provider-google_v7.43.0_x5: Vary: Origin
2026-09-03T00:52:39.030+0100 [DEBUG] provider.terraform-provider-google_v7.43.0_x5: Vary: X-Origin
2026-09-03T00:52:39.030+0100 [DEBUG] provider.terraform-provider-google_v7.43.0_x5: Vary: Referer
2026-09-03T00:52:39.030+0100 [DEBUG] provider.terraform-provider-google_v7.43.0_x5: X-Content-Type-Options: nosniff
2026-09-03T00:52:39.030+0100 [DEBUG] provider.terraform-provider-google_v7.43.0_x5: X-Frame-Options: SAMEORIGIN
2026-09-03T00:52:39.030+0100 [DEBUG] provider.terraform-provider-google_v7.43.0_x5: X-Xss-Protection: 0
2026-09-03T00:52:39.030+0100 [DEBUG] provider.terraform-provider-google_v7.43.0_x5
2026-09-03T00:52:39.030+0100 [DEBUG] provider.terraform-provider-google_v7.43.0_x5: {
2026-09-03T00:52:39.030+0100 [DEBUG] provider.terraform-provider-google_v7.43.0_x5:  "rrsets": [
2026-09-03T00:52:39.030+0100 [DEBUG] provider.terraform-provider-google_v7.43.0_x5:   {
2026-09-03T00:52:39.030+0100 [DEBUG] provider.terraform-provider-google_v7.43.0_x5:    "name": "postgres-prod.platform.lefrancis.org.",
2026-09-03T00:52:39.030+0100 [DEBUG] provider.terraform-provider-google_v7.43.0_x5:    "type": "A",
2026-09-03T00:52:39.030+0100 [DEBUG] provider.terraform-provider-google_v7.43.0_x5:    "ttl": 300,
2026-09-03T00:52:39.030+0100 [DEBUG] provider.terraform-provider-google_v7.43.0_x5:    "rrdatas": [
2026-09-03T00:52:39.030+0100 [DEBUG] provider.terraform-provider-google_v7.43.0_x5:     "10.2.1.54"
2026-09-03T00:52:39.030+0100 [DEBUG] provider.terraform-provider-google_v7.43.0_x5:    ],
2026-09-03T00:52:39.030+0100 [DEBUG] provider.terraform-provider-google_v7.43.0_x5:    "signatureRrdatas": [],
2026-09-03T00:52:39.030+0100 [DEBUG] provider.terraform-provider-google_v7.43.0_x5:    "kind": "dns#resourceRecordSet"
2026-09-03T00:52:39.030+0100 [DEBUG] provider.terraform-provider-google_v7.43.0_x5:   }
2026-09-03T00:52:39.030+0100 [DEBUG] provider.terraform-provider-google_v7.43.0_x5:  ],
2026-09-03T00:52:39.030+0100 [DEBUG] provider.terraform-provider-google_v7.43.0_x5:  "kind": "dns#resourceRecordSetsListResponse"
2026-09-03T00:52:39.030+0100 [DEBUG] provider.terraform-provider-google_v7.43.0_x5: }
2026-09-03T00:52:39.030+0100 [DEBUG] provider.terraform-provider-google_v7.43.0_x5: -----------------------------------------------------
2026-09-03T00:52:39.031+0100 [DEBUG] provider.terraform-provider-google_v7.43.0_x5: 2026/09/03 00:52:39 [DEBUG] Finished reading ComputeRegionAutoscaler "projects/nomad-platform-gcp/regions/europe-west1/autoscalers/nomad-dev-ondemand-autoscaler": map[string]interface {}{"autoscalingPolicy":map[string]interface {}{"coolDownPeriodSec":90, "cpuUtilization":map[string]interface {}{"predictiveMethod":"NONE", "utilizationTarget":0.6}, "maxNumReplicas":5, "minNumReplicas":1, "mode":"ON", "scaleInControl":map[string]interface {}{"maxScaledInReplicas":map[string]interface {}{"fixed":1}, "timeWindowSec":300}, "stabilizationPeriodSec":300}, "creationTimestamp":"2026-09-01T22:15:46.561-07:00", "id":"6587308992643076077", "kind":"compute#autoscaler", "name":"nomad-dev-ondemand-autoscaler", "recommendedSize":1, "region":"https://www.googleapis.com/compute/v1/projects/nomad-platform-gcp/regions/europe-west1", "selfLink":"https://www.googleapis.com/compute/v1/projects/nomad-platform-gcp/regions/europe-west1/autoscalers/nomad-dev-ondemand-autoscaler", "status":"ACTIVE", "target":"https://www.googleapis.com/compute/v1/projects/nomad-platform-gcp/regions/europe-west1/instanceGroupManagers/nomad-dev-ondemand"}
2026-09-03T00:52:39.031+0100 [DEBUG] provider.terraform-provider-google_v7.43.0_x5: 2026/09/03 00:52:39 [DEBUG] Google API Response Details:
2026-09-03T00:52:39.031+0100 [DEBUG] provider.terraform-provider-google_v7.43.0_x5: ---[ RESPONSE ]--------------------------------------
2026-09-03T00:52:39.031+0100 [DEBUG] provider.terraform-provider-google_v7.43.0_x5: HTTP/2.0 200 OK
2026-09-03T00:52:39.031+0100 [DEBUG] provider.terraform-provider-google_v7.43.0_x5: Alt-Svc: h3=":443"; ma=2592000,h3-29=":443"; ma=2592000
2026-09-03T00:52:39.031+0100 [DEBUG] provider.terraform-provider-google_v7.43.0_x5: Content-Type: application/json; charset=UTF-8
2026-09-03T00:52:39.031+0100 [DEBUG] provider.terraform-provider-google_v7.43.0_x5: Date: Wed, 02 Sep 2026 23:52:39 GMT
2026-09-03T00:52:39.031+0100 [DEBUG] provider.terraform-provider-google_v7.43.0_x5: Server: ESF
2026-09-03T00:52:39.031+0100 [DEBUG] provider.terraform-provider-google_v7.43.0_x5: Vary: Origin
2026-09-03T00:52:39.031+0100 [DEBUG] provider.terraform-provider-google_v7.43.0_x5: Vary: X-Origin
2026-09-03T00:52:39.031+0100 [DEBUG] provider.terraform-provider-google_v7.43.0_x5: Vary: Referer
2026-09-03T00:52:39.031+0100 [DEBUG] provider.terraform-provider-google_v7.43.0_x5: X-Content-Type-Options: nosniff
2026-09-03T00:52:39.031+0100 [DEBUG] provider.terraform-provider-google_v7.43.0_x5: X-Frame-Options: SAMEORIGIN
2026-09-03T00:52:39.031+0100 [DEBUG] provider.terraform-provider-google_v7.43.0_x5: X-Xss-Protection: 0
2026-09-03T00:52:39.031+0100 [DEBUG] provider.terraform-provider-google_v7.43.0_x5
2026-09-03T00:52:39.031+0100 [DEBUG] provider.terraform-provider-google_v7.43.0_x5: {
2026-09-03T00:52:39.031+0100 [DEBUG] provider.terraform-provider-google_v7.43.0_x5:  "rrsets": [
2026-09-03T00:52:39.031+0100 [DEBUG] provider.terraform-provider-google_v7.43.0_x5:   {
2026-09-03T00:52:39.031+0100 [DEBUG] provider.terraform-provider-google_v7.43.0_x5:    "name": "loki-dev.platform.lefrancis.org.",
2026-09-03T00:52:39.031+0100 [DEBUG] provider.terraform-provider-google_v7.43.0_x5:    "type": "A",
2026-09-03T00:52:39.031+0100 [DEBUG] provider.terraform-provider-google_v7.43.0_x5:    "ttl": 300,
2026-09-03T00:52:39.031+0100 [DEBUG] provider.terraform-provider-google_v7.43.0_x5:    "rrdatas": [
2026-09-03T00:52:39.031+0100 [DEBUG] provider.terraform-provider-google_v7.43.0_x5:     "10.2.1.54"
2026-09-03T00:52:39.031+0100 [DEBUG] provider.terraform-provider-google_v7.43.0_x5:    ],
2026-09-03T00:52:39.031+0100 [DEBUG] provider.terraform-provider-google_v7.43.0_x5:    "signatureRrdatas": [],
2026-09-03T00:52:39.031+0100 [DEBUG] provider.terraform-provider-google_v7.43.0_x5:    "kind": "dns#resourceRecordSet"
2026-09-03T00:52:39.031+0100 [DEBUG] provider.terraform-provider-google_v7.43.0_x5:   }
2026-09-03T00:52:39.031+0100 [DEBUG] provider.terraform-provider-google_v7.43.0_x5:  ],
2026-09-03T00:52:39.031+0100 [DEBUG] provider.terraform-provider-google_v7.43.0_x5:  "kind": "dns#resourceRecordSetsListResponse"
2026-09-03T00:52:39.031+0100 [DEBUG] provider.terraform-provider-google_v7.43.0_x5: }
2026-09-03T00:52:39.031+0100 [DEBUG] provider.terraform-provider-google_v7.43.0_x5: -----------------------------------------------------
2026-09-03T00:52:39.045+0100 [DEBUG] provider.terraform-provider-google_v7.43.0_x5: 2026/09/03 00:52:39 [DEBUG] `deletion_policy` detected as not set within resource or provider configuration. Falling back to resource default, DELETE
2026-09-03T00:52:39.046+0100 [DEBUG] provider.terraform-provider-google_v7.43.0_x5: 2026/09/03 00:52:39 [DEBUG] `deletion_policy` detected as not set within resource or provider configuration. Falling back to resource default, DELETE
2026-09-03T00:52:39.049+0100 [DEBUG] provider.terraform-provider-google_v7.43.0_x5: 2026/09/03 00:52:39 [DEBUG] Google API Response Details:
2026-09-03T00:52:39.049+0100 [DEBUG] provider.terraform-provider-google_v7.43.0_x5: ---[ RESPONSE ]--------------------------------------
2026-09-03T00:52:39.049+0100 [DEBUG] provider.terraform-provider-google_v7.43.0_x5: HTTP/2.0 200 OK
2026-09-03T00:52:39.049+0100 [DEBUG] provider.terraform-provider-google_v7.43.0_x5: Alt-Svc: h3=":443"; ma=2592000,h3-29=":443"; ma=2592000
2026-09-03T00:52:39.049+0100 [DEBUG] provider.terraform-provider-google_v7.43.0_x5: Content-Type: application/json; charset=UTF-8
2026-09-03T00:52:39.049+0100 [DEBUG] provider.terraform-provider-google_v7.43.0_x5: Date: Wed, 02 Sep 2026 23:52:39 GMT
2026-09-03T00:52:39.049+0100 [DEBUG] provider.terraform-provider-google_v7.43.0_x5: Server: ESF
2026-09-03T00:52:39.049+0100 [DEBUG] provider.terraform-provider-google_v7.43.0_x5: Vary: Origin
2026-09-03T00:52:39.049+0100 [DEBUG] provider.terraform-provider-google_v7.43.0_x5: Vary: X-Origin
2026-09-03T00:52:39.049+0100 [DEBUG] provider.terraform-provider-google_v7.43.0_x5: Vary: Referer
2026-09-03T00:52:39.049+0100 [DEBUG] provider.terraform-provider-google_v7.43.0_x5: X-Content-Type-Options: nosniff
2026-09-03T00:52:39.049+0100 [DEBUG] provider.terraform-provider-google_v7.43.0_x5: X-Frame-Options: SAMEORIGIN
2026-09-03T00:52:39.049+0100 [DEBUG] provider.terraform-provider-google_v7.43.0_x5: X-Xss-Protection: 0
2026-09-03T00:52:39.049+0100 [DEBUG] provider.terraform-provider-google_v7.43.0_x5
2026-09-03T00:52:39.049+0100 [DEBUG] provider.terraform-provider-google_v7.43.0_x5: {
2026-09-03T00:52:39.049+0100 [DEBUG] provider.terraform-provider-google_v7.43.0_x5:  "rrsets": [
2026-09-03T00:52:39.049+0100 [DEBUG] provider.terraform-provider-google_v7.43.0_x5:   {
2026-09-03T00:52:39.050+0100 [DEBUG] provider.terraform-provider-google_v7.43.0_x5:    "name": "loki-prod.platform.lefrancis.org.",
2026-09-03T00:52:39.050+0100 [DEBUG] provider.terraform-provider-google_v7.43.0_x5:    "type": "A",
2026-09-03T00:52:39.050+0100 [DEBUG] provider.terraform-provider-google_v7.43.0_x5:    "ttl": 300,
2026-09-03T00:52:39.050+0100 [DEBUG] provider.terraform-provider-google_v7.43.0_x5:    "rrdatas": [
2026-09-03T00:52:39.050+0100 [DEBUG] provider.terraform-provider-google_v7.43.0_x5:     "10.2.1.54"
2026-09-03T00:52:39.050+0100 [DEBUG] provider.terraform-provider-google_v7.43.0_x5:    ],
2026-09-03T00:52:39.050+0100 [DEBUG] provider.terraform-provider-google_v7.43.0_x5:    "signatureRrdatas": [],
2026-09-03T00:52:39.050+0100 [DEBUG] provider.terraform-provider-google_v7.43.0_x5:    "kind": "dns#resourceRecordSet"
2026-09-03T00:52:39.050+0100 [DEBUG] provider.terraform-provider-google_v7.43.0_x5:   }
2026-09-03T00:52:39.050+0100 [DEBUG] provider.terraform-provider-google_v7.43.0_x5:  ],
2026-09-03T00:52:39.050+0100 [DEBUG] provider.terraform-provider-google_v7.43.0_x5:  "kind": "dns#resourceRecordSetsListResponse"
2026-09-03T00:52:39.050+0100 [DEBUG] provider.terraform-provider-google_v7.43.0_x5: }
2026-09-03T00:52:39.050+0100 [DEBUG] provider.terraform-provider-google_v7.43.0_x5: -----------------------------------------------------
2026-09-03T00:52:39.053+0100 [DEBUG] provider.terraform-provider-google_v7.43.0_x5: 2026/09/03 00:52:39 [DEBUG] `deletion_policy` detected as not set within resource or provider configuration. Falling back to resource default, DELETE
2026-09-03T00:52:39.055+0100 [WARN]  Provider "registry.terraform.io/hashicorp/google" produced an invalid plan for module.mig.google_compute_region_autoscaler.this["nomad-dev-ondemand"], but we are tolerating it because it is using the legacy plugin SDK.
    The following problems may be the cause of any confusing errors from downstream operations:
      - .description: planned value cty.StringVal("") for a non-computed attribute
      - .autoscaling_policy[0].mode: planned value cty.StringVal("ON") for a non-computed attribute
      - .autoscaling_policy[0].cpu_utilization[0].predictive_method: planned value cty.StringVal("NONE") for a non-computed attribute
      - .autoscaling_policy[0].scale_in_control[0].max_scaled_in_replicas[0].percent: planned value cty.NumberIntVal(0) for a non-computed attribute
2026-09-03T00:52:39.063+0100 [DEBUG] provider.terraform-provider-google_v7.43.0_x5: 2026/09/03 00:52:39 [DEBUG] `deletion_policy` detected as not set within resource or provider configuration. Falling back to resource default, DELETE
2026-09-03T00:52:39.079+0100 [DEBUG] provider.terraform-provider-google_v7.43.0_x5: 2026/09/03 00:52:39 [DEBUG] Google API Response Details:
2026-09-03T00:52:39.080+0100 [DEBUG] provider.terraform-provider-google_v7.43.0_x5: ---[ RESPONSE ]--------------------------------------
2026-09-03T00:52:39.080+0100 [DEBUG] provider.terraform-provider-google_v7.43.0_x5: HTTP/2.0 200 OK
2026-09-03T00:52:39.080+0100 [DEBUG] provider.terraform-provider-google_v7.43.0_x5: Alt-Svc: h3=":443"; ma=2592000,h3-29=":443"; ma=2592000
2026-09-03T00:52:39.080+0100 [DEBUG] provider.terraform-provider-google_v7.43.0_x5: Content-Type: application/json; charset=UTF-8
2026-09-03T00:52:39.080+0100 [DEBUG] provider.terraform-provider-google_v7.43.0_x5: Date: Wed, 02 Sep 2026 23:52:39 GMT
2026-09-03T00:52:39.080+0100 [DEBUG] provider.terraform-provider-google_v7.43.0_x5: Server: ESF
2026-09-03T00:52:39.080+0100 [DEBUG] provider.terraform-provider-google_v7.43.0_x5: Vary: Origin
2026-09-03T00:52:39.081+0100 [DEBUG] provider.terraform-provider-google_v7.43.0_x5: Vary: X-Origin
2026-09-03T00:52:39.081+0100 [DEBUG] provider.terraform-provider-google_v7.43.0_x5: Vary: Referer
2026-09-03T00:52:39.081+0100 [DEBUG] provider.terraform-provider-google_v7.43.0_x5: X-Content-Type-Options: nosniff
2026-09-03T00:52:39.081+0100 [DEBUG] provider.terraform-provider-google_v7.43.0_x5: X-Frame-Options: SAMEORIGIN
2026-09-03T00:52:39.081+0100 [DEBUG] provider.terraform-provider-google_v7.43.0_x5: X-Xss-Protection: 0
2026-09-03T00:52:39.081+0100 [DEBUG] provider.terraform-provider-google_v7.43.0_x5
2026-09-03T00:52:39.081+0100 [DEBUG] provider.terraform-provider-google_v7.43.0_x5: {
2026-09-03T00:52:39.081+0100 [DEBUG] provider.terraform-provider-google_v7.43.0_x5:   "kind": "compute#autoscaler",
2026-09-03T00:52:39.081+0100 [DEBUG] provider.terraform-provider-google_v7.43.0_x5:   "id": "4556179689478688749",
2026-09-03T00:52:39.081+0100 [DEBUG] provider.terraform-provider-google_v7.43.0_x5:   "creationTimestamp": "2026-09-01T22:15:46.513-07:00",
2026-09-03T00:52:39.081+0100 [DEBUG] provider.terraform-provider-google_v7.43.0_x5:   "name": "nomad-dev-spot-autoscaler",
2026-09-03T00:52:39.081+0100 [DEBUG] provider.terraform-provider-google_v7.43.0_x5:   "target": "https://www.googleapis.com/compute/v1/projects/nomad-platform-gcp/regions/europe-west1/instanceGroupManagers/nomad-dev-spot",
2026-09-03T00:52:39.081+0100 [DEBUG] provider.terraform-provider-google_v7.43.0_x5:   "autoscalingPolicy": {
2026-09-03T00:52:39.081+0100 [DEBUG] provider.terraform-provider-google_v7.43.0_x5:     "minNumReplicas": 0,
2026-09-03T00:52:39.081+0100 [DEBUG] provider.terraform-provider-google_v7.43.0_x5:     "maxNumReplicas": 5,
2026-09-03T00:52:39.081+0100 [DEBUG] provider.terraform-provider-google_v7.43.0_x5:     "coolDownPeriodSec": 90,
2026-09-03T00:52:39.081+0100 [DEBUG] provider.terraform-provider-google_v7.43.0_x5:     "cpuUtilization": {
2026-09-03T00:52:39.081+0100 [DEBUG] provider.terraform-provider-google_v7.43.0_x5:       "utilizationTarget": 0.6,
2026-09-03T00:52:39.081+0100 [DEBUG] provider.terraform-provider-google_v7.43.0_x5:       "predictiveMethod": "NONE"
2026-09-03T00:52:39.081+0100 [DEBUG] provider.terraform-provider-google_v7.43.0_x5:     },
2026-09-03T00:52:39.081+0100 [DEBUG] provider.terraform-provider-google_v7.43.0_x5:     "mode": "ON"
2026-09-03T00:52:39.081+0100 [DEBUG] provider.terraform-provider-google_v7.43.0_x5:   },
2026-09-03T00:52:39.081+0100 [DEBUG] provider.terraform-provider-google_v7.43.0_x5:   "region": "https://www.googleapis.com/compute/v1/projects/nomad-platform-gcp/regions/europe-west1",
2026-09-03T00:52:39.081+0100 [DEBUG] provider.terraform-provider-google_v7.43.0_x5:   "selfLink": "https://www.googleapis.com/compute/v1/projects/nomad-platform-gcp/regions/europe-west1/autoscalers/nomad-dev-spot-autoscaler",
2026-09-03T00:52:39.081+0100 [DEBUG] provider.terraform-provider-google_v7.43.0_x5:   "status": "ACTIVE",
2026-09-03T00:52:39.081+0100 [DEBUG] provider.terraform-provider-google_v7.43.0_x5:   "recommendedSize": 0
2026-09-03T00:52:39.081+0100 [DEBUG] provider.terraform-provider-google_v7.43.0_x5: }
2026-09-03T00:52:39.081+0100 [DEBUG] provider.terraform-provider-google_v7.43.0_x5
2026-09-03T00:52:39.081+0100 [DEBUG] provider.terraform-provider-google_v7.43.0_x5: -----------------------------------------------------
2026-09-03T00:52:39.081+0100 [DEBUG] provider.terraform-provider-google_v7.43.0_x5: 2026/09/03 00:52:39 [DEBUG] Finished reading ComputeRegionAutoscaler "projects/nomad-platform-gcp/regions/europe-west1/autoscalers/nomad-dev-spot-autoscaler": map[string]interface {}{"autoscalingPolicy":map[string]interface {}{"coolDownPeriodSec":90, "cpuUtilization":map[string]interface {}{"predictiveMethod":"NONE", "utilizationTarget":0.6}, "maxNumReplicas":5, "minNumReplicas":0, "mode":"ON"}, "creationTimestamp":"2026-09-01T22:15:46.513-07:00", "id":"4556179689478688749", "kind":"compute#autoscaler", "name":"nomad-dev-spot-autoscaler", "recommendedSize":0, "region":"https://www.googleapis.com/compute/v1/projects/nomad-platform-gcp/regions/europe-west1", "selfLink":"https://www.googleapis.com/compute/v1/projects/nomad-platform-gcp/regions/europe-west1/autoscalers/nomad-dev-spot-autoscaler", "status":"ACTIVE", "target":"https://www.googleapis.com/compute/v1/projects/nomad-platform-gcp/regions/europe-west1/instanceGroupManagers/nomad-dev-spot"}
2026-09-03T00:52:39.093+0100 [DEBUG] provider.terraform-provider-google_v7.43.0_x5: 2026/09/03 00:52:39 [DEBUG] `deletion_policy` detected as not set within resource or provider configuration. Falling back to resource default, DELETE
2026-09-03T00:52:39.094+0100 [WARN]  Provider "registry.terraform.io/hashicorp/google" produced an invalid plan for module.mig.google_compute_region_autoscaler.this["nomad-dev-spot"], but we are tolerating it because it is using the legacy plugin SDK.
    The following problems may be the cause of any confusing errors from downstream operations:
      - .description: planned value cty.StringVal("") for a non-computed attribute
      - .autoscaling_policy[0].mode: planned value cty.StringVal("ON") for a non-computed attribute
      - .autoscaling_policy[0].stabilization_period: planned value cty.NumberIntVal(0) for a non-computed attribute
      - .autoscaling_policy[0].cpu_utilization[0].predictive_method: planned value cty.StringVal("NONE") for a non-computed attribute
2026-09-03T00:52:39.096+0100 [DEBUG] provider.stdio: received EOF, stopping recv loop: err="rpc error: code = Unavailable desc = error reading from server: EOF"
2026-09-03T00:52:39.121+0100 [INFO]  provider: plugin process exited: plugin=.terraform/providers/registry.terraform.io/hashicorp/google/7.43.0/linux_amd64/terraform-provider-google_v7.43.0_x5 id=101333
2026-09-03T00:52:39.122+0100 [DEBUG] provider: plugin exited
2026-09-03T00:52:39.154+0100 [DEBUG] no planned changes, skipping apply graph check
2026-09-03T00:52:39.297+0100 [INFO]  backend/local: apply calling Apply
2026-09-03T00:52:39.297+0100 [DEBUG] Building and walking apply graph for NormalMode plan
2026-09-03T00:52:39.299+0100 [DEBUG] adding implicit provider configuration provider["terraform.io/builtin/terraform"], implied first by data.terraform_remote_state.network (expand)
2026-09-03T00:52:39.300+0100 [DEBUG] ProviderTransformer: "data.terraform_remote_state.network (expand)" (*terraform.nodeExpandApplyableResource) needs provider["terraform.io/builtin/terraform"]
2026-09-03T00:52:39.300+0100 [DEBUG] ProviderTransformer: "module.instances.google_compute_instance.this (expand)" (*terraform.nodeExpandApplyableResource) needs provider["registry.terraform.io/hashicorp/google"]
2026-09-03T00:52:39.300+0100 [DEBUG] ProviderTransformer: "google_dns_record_set.this (expand)" (*terraform.nodeExpandApplyableResource) needs provider["registry.terraform.io/hashicorp/google"]
2026-09-03T00:52:39.300+0100 [DEBUG] ProviderTransformer: "module.instances.google_compute_address.static (expand)" (*terraform.nodeExpandApplyableResource) needs provider["registry.terraform.io/hashicorp/google"]
2026-09-03T00:52:39.300+0100 [DEBUG] ProviderTransformer: "module.mig.google_compute_region_instance_group_manager.this (expand)" (*terraform.nodeExpandApplyableResource) needs provider["registry.terraform.io/hashicorp/google"]
2026-09-03T00:52:39.300+0100 [DEBUG] ProviderTransformer: "data.terraform_remote_state.bootstrap (expand)" (*terraform.nodeExpandApplyableResource) needs provider["terraform.io/builtin/terraform"]
2026-09-03T00:52:39.300+0100 [DEBUG] ProviderTransformer: "module.mig.google_compute_health_check.this (expand)" (*terraform.nodeExpandApplyableResource) needs provider["registry.terraform.io/hashicorp/google"]
2026-09-03T00:52:39.300+0100 [DEBUG] ProviderTransformer: "module.instances.google_compute_disk.additional (expand)" (*terraform.nodeExpandApplyableResource) needs provider["registry.terraform.io/hashicorp/google"]
2026-09-03T00:52:39.300+0100 [DEBUG] ProviderTransformer: "module.mig.google_compute_region_autoscaler.this (expand)" (*terraform.nodeExpandApplyableResource) needs provider["registry.terraform.io/hashicorp/google"]
2026-09-03T00:52:39.300+0100 [DEBUG] ProviderTransformer: "google_project_iam_member.operator_os_login (expand)" (*terraform.nodeExpandApplyableResource) needs provider["registry.terraform.io/hashicorp/google"]
2026-09-03T00:52:39.300+0100 [DEBUG] ProviderTransformer: "data.google_compute_zones.available (expand)" (*terraform.nodeExpandApplyableResource) needs provider["registry.terraform.io/hashicorp/google"]
2026-09-03T00:52:39.300+0100 [DEBUG] ProviderTransformer: "module.mig.google_compute_instance_template.this (expand)" (*terraform.nodeExpandApplyableResource) needs provider["registry.terraform.io/hashicorp/google"]
2026-09-03T00:52:39.300+0100 [DEBUG] ProviderTransformer: "google_project_iam_member.operator_iap_tunnel (expand)" (*terraform.nodeExpandApplyableResource) needs provider["registry.terraform.io/hashicorp/google"]
2026-09-03T00:52:39.301+0100 [DEBUG] ReferenceTransformer: "module.instances (expand)" references: []
2026-09-03T00:52:39.301+0100 [DEBUG] ReferenceTransformer: "local.nomad_server_startup_script (expand)" references: [local.instance_scripts_dir (expand)]
2026-09-03T00:52:39.301+0100 [DEBUG] ReferenceTransformer: "local.active_migs (expand)" references: [local.all_migs (expand) var.active_environments (validation) var.active_environments]
2026-09-03T00:52:39.301+0100 [DEBUG] ReferenceTransformer: "module.instances.output.instances (expand)" references: [module.instances.google_compute_instance.this (expand)]
2026-09-03T00:52:39.301+0100 [DEBUG] ReferenceTransformer: "output.instances (expand)" references: [module.instances.output.instances (expand)]
2026-09-03T00:52:39.301+0100 [DEBUG] ReferenceTransformer: "data.terraform_remote_state.network (expand)" references: [var.platform_tfstate_bucket var.network_tfstate_key]
2026-09-03T00:52:39.302+0100 [DEBUG] ReferenceTransformer: "module.instances.google_compute_instance.this (expand)" references: [module.instances.var.instances (expand) module.instances.var.project_id (expand) module.instances.local.disks_flat (expand) module.instances.var.disk_cmek_key (expand) module.instances.google_compute_disk.additional (expand) module.instances.var.disk_cmek_key (expand) module.instances.google_compute_address.static (expand)]
2026-09-03T00:52:39.302+0100 [DEBUG] ReferenceTransformer: "var.active_environments (validation)" references: []
2026-09-03T00:52:39.302+0100 [DEBUG] ReferenceTransformer: "local.prod_server_instances (expand)" references: [local.zones (expand) local.zones (expand) local.network (expand) local.nomad_server_sa_email_prod (expand) var.project_id local.nomad_server_startup_script (expand) local.zones (expand) local.network (expand) local.traefik_vm_sa_email_prod (expand)]
2026-09-03T00:52:39.302+0100 [DEBUG] ReferenceTransformer: "module.instances.local.static_ips (expand)" references: [module.instances.var.instances (expand)]
2026-09-03T00:52:39.302+0100 [DEBUG] ReferenceTransformer: "local.env_instances (expand)" references: [local.dev_server_instances (expand) local.prod_server_instances (expand)]
2026-09-03T00:52:39.302+0100 [DEBUG] ReferenceTransformer: "google_project_iam_member.operator_os_login (expand)" references: [var.platform_admin_email var.project_id]
2026-09-03T00:52:39.302+0100 [DEBUG] ReferenceTransformer: "google_dns_record_set.this (expand)" references: [local.records (expand) local.network (expand) var.project_id local.network (expand)]
2026-09-03T00:52:39.302+0100 [DEBUG] ReferenceTransformer: "data.google_compute_zones.available (expand)" references: [var.project_id var.region]
2026-09-03T00:52:39.303+0100 [DEBUG] ReferenceTransformer: "module.mig.google_compute_instance_template.this (expand)" references: [module.mig.var.migs (expand) module.mig.var.project_id (expand) module.mig.var.disk_cmek_key (expand)]
2026-09-03T00:52:39.303+0100 [DEBUG] ReferenceTransformer: "module.instances.google_compute_address.static (expand)" references: [module.instances.local.static_ips (expand) module.instances.var.project_id (expand)]
2026-09-03T00:52:39.303+0100 [DEBUG] ReferenceTransformer: "module.mig.var.zones (expand)" references: [local.zones (expand)]
2026-09-03T00:52:39.303+0100 [DEBUG] ReferenceTransformer: "module.mig.var.disk_cmek_key (expand)" references: [local.bootstrap (expand)]
2026-09-03T00:52:39.304+0100 [DEBUG] ReferenceTransformer: "module.mig.var.migs (expand)" references: [local.active_migs (expand)]
2026-09-03T00:52:39.304+0100 [DEBUG] ReferenceTransformer: "module.instances.var.project_id (expand)" references: [var.project_id]
2026-09-03T00:52:39.304+0100 [DEBUG] ReferenceTransformer: "local.records (expand)" references: [module.instances.output.instances (expand) module.instances.output.instances (expand) module.instances.output.instances (expand) module.instances.output.instances (expand) module.instances.output.instances (expand) module.instances.output.instances (expand) module.instances.output.instances (expand) module.instances.output.instances (expand) module.instances.output.instances (expand) module.instances.output.instances (expand) module.instances.output.instances (expand) module.instances.output.instances (expand) module.instances.output.instances (expand) module.instances.output.instances (expand) module.instances.output.instances (expand) module.instances.output.instances (expand) module.instances.output.instances (expand) module.instances.output.instances (expand) module.instances.output.instances (expand)]
2026-09-03T00:52:39.304+0100 [DEBUG] ReferenceTransformer: "local.nomad_server_sa_email_prod (expand)" references: [local.bootstrap (expand)]
2026-09-03T00:52:39.304+0100 [DEBUG] ReferenceTransformer: "module.mig.google_compute_region_instance_group_manager.this (expand)" references: [module.mig.var.migs (expand) module.mig.var.project_id (expand) module.mig.var.zones (expand) module.mig.var.region (expand) module.mig.google_compute_instance_template.this (expand) module.mig.google_compute_health_check.this (expand)]
2026-09-03T00:52:39.304+0100 [DEBUG] ReferenceTransformer: "local.traefik_vm_sa_email_internal (expand)" references: [local.bootstrap (expand)]
2026-09-03T00:52:39.305+0100 [DEBUG] ReferenceTransformer: "local.bootstrap (expand)" references: [data.terraform_remote_state.bootstrap (expand)]
2026-09-03T00:52:39.305+0100 [DEBUG] ReferenceTransformer: "provider[\"registry.terraform.io/hashicorp/google\"]" references: [var.project_id var.region]
2026-09-03T00:52:39.305+0100 [DEBUG] ReferenceTransformer: "data.terraform_remote_state.bootstrap (expand)" references: [var.platform_tfstate_bucket var.bootstrap_tfstate_key]
2026-09-03T00:52:39.305+0100 [DEBUG] ReferenceTransformer: "var.nomad_dev_server_count" references: []
2026-09-03T00:52:39.305+0100 [DEBUG] ReferenceTransformer: "var.platform_admin_email" references: []
2026-09-03T00:52:39.305+0100 [DEBUG] ReferenceTransformer: "local.traefik_vm_sa_email_prod (expand)" references: [local.bootstrap (expand)]
2026-09-03T00:52:39.305+0100 [DEBUG] ReferenceTransformer: "module.mig.output.instance_groups (expand)" references: [module.mig.google_compute_region_instance_group_manager.this (expand)]
2026-09-03T00:52:39.305+0100 [DEBUG] ReferenceTransformer: "local.management_vm_sa_email (expand)" references: [local.bootstrap (expand)]
2026-09-03T00:52:39.305+0100 [DEBUG] ReferenceTransformer: "var.network_tfstate_key" references: []
2026-09-03T00:52:39.305+0100 [DEBUG] ReferenceTransformer: "local.traefik_vm_sa_email_dev (expand)" references: [local.bootstrap (expand)]
2026-09-03T00:52:39.305+0100 [DEBUG] ReferenceTransformer: "local.nomad_server_sa_email_dev (expand)" references: [local.bootstrap (expand)]
2026-09-03T00:52:39.305+0100 [DEBUG] ReferenceTransformer: "var.active_environments" references: []
2026-09-03T00:52:39.305+0100 [DEBUG] ReferenceTransformer: "module.instances.var.disk_cmek_key (expand)" references: [local.bootstrap (expand)]
2026-09-03T00:52:39.305+0100 [DEBUG] ReferenceTransformer: "module.instances.var.instances (expand)" references: [local.instances (expand)]
2026-09-03T00:52:39.305+0100 [DEBUG] ReferenceTransformer: "local.nomad_client_sa_email_dev (expand)" references: [local.bootstrap (expand)]
2026-09-03T00:52:39.305+0100 [DEBUG] ReferenceTransformer: "local.nomad_client_startup_script (expand)" references: [local.instance_scripts_dir (expand)]
2026-09-03T00:52:39.305+0100 [DEBUG] ReferenceTransformer: "module.instances (close)" references: []
2026-09-03T00:52:39.305+0100 [DEBUG] ReferenceTransformer: "module.mig.var.region (expand)" references: [var.region]
2026-09-03T00:52:39.305+0100 [DEBUG] ReferenceTransformer: "var.nomad_dev_server_count (validation)" references: []
2026-09-03T00:52:39.305+0100 [DEBUG] ReferenceTransformer: "local.active_env_instances (expand)" references: [local.env_instances (expand) var.active_environments (validation) var.active_environments]
2026-09-03T00:52:39.305+0100 [DEBUG] ReferenceTransformer: "local.instance_scripts_dir (expand)" references: []
2026-09-03T00:52:39.305+0100 [DEBUG] ReferenceTransformer: "var.bootstrap_tfstate_key" references: []
2026-09-03T00:52:39.306+0100 [DEBUG] ReferenceTransformer: "local.all_migs (expand)" references: [local.network (expand) local.nomad_client_sa_email_dev (expand) var.project_id local.nomad_client_startup_script (expand) local.network (expand) local.nomad_client_sa_email_dev (expand) var.project_id local.nomad_client_startup_script (expand) local.nomad_client_spot_shutdown_script (expand) local.network (expand) local.nomad_client_sa_email_prod (expand) var.project_id local.nomad_client_startup_script (expand) local.network (expand) local.nomad_client_sa_email_prod (expand) var.project_id local.nomad_client_startup_script (expand) local.nomad_client_spot_shutdown_script (expand)]
2026-09-03T00:52:39.306+0100 [DEBUG] ReferenceTransformer: "module.instances.output.persistent_disks (expand)" references: [module.instances.local.disks_flat (expand)]
2026-09-03T00:52:39.306+0100 [DEBUG] ReferenceTransformer: "local.instances (expand)" references: [local.shared_instances (expand) local.active_env_instances (expand)]
2026-09-03T00:52:39.306+0100 [DEBUG] ReferenceTransformer: "local.shared_instances (expand)" references: [local.zones (expand) local.network (expand) local.management_vm_sa_email (expand) local.zones (expand) local.network (expand) local.traefik_vm_sa_email_internal (expand)]
2026-09-03T00:52:39.306+0100 [DEBUG] ReferenceTransformer: "local.dev_server_instances (expand)" references: [var.nomad_dev_server_count var.nomad_dev_server_count (validation) local.zones (expand) local.zones (expand) local.network (expand) local.nomad_server_sa_email_dev (expand) var.project_id local.nomad_server_startup_script (expand) local.zones (expand) local.network (expand) local.traefik_vm_sa_email_dev (expand)]
2026-09-03T00:52:39.307+0100 [DEBUG] ReferenceTransformer: "module.mig.google_compute_health_check.this (expand)" references: [module.mig.var.migs (expand) module.mig.var.project_id (expand)]
2026-09-03T00:52:39.308+0100 [DEBUG] ReferenceTransformer: "module.instances.google_compute_disk.additional (expand)" references: [module.instances.local.disks_flat (expand) module.instances.var.project_id (expand) module.instances.var.disk_cmek_key (expand)]
2026-09-03T00:52:39.308+0100 [DEBUG] ReferenceTransformer: "var.project_id" references: []
2026-09-03T00:52:39.308+0100 [DEBUG] ReferenceTransformer: "module.mig.var.project_id (expand)" references: [var.project_id]
2026-09-03T00:52:39.308+0100 [DEBUG] ReferenceTransformer: "output.mig (expand)" references: [module.mig.output.instance_groups (expand)]
2026-09-03T00:52:39.308+0100 [DEBUG] ReferenceTransformer: "provider[\"terraform.io/builtin/terraform\"]" references: []
2026-09-03T00:52:39.308+0100 [DEBUG] ReferenceTransformer: "google_project_iam_member.operator_iap_tunnel (expand)" references: [var.platform_admin_email var.project_id]
2026-09-03T00:52:39.308+0100 [DEBUG] ReferenceTransformer: "var.platform_tfstate_bucket" references: []
2026-09-03T00:52:39.309+0100 [DEBUG] ReferenceTransformer: "local.nomad_client_sa_email_prod (expand)" references: [local.bootstrap (expand)]
2026-09-03T00:52:39.309+0100 [DEBUG] ReferenceTransformer: "output.persistent_disks (expand)" references: [module.instances.output.persistent_disks (expand)]
2026-09-03T00:52:39.309+0100 [DEBUG] ReferenceTransformer: "module.mig (close)" references: []
2026-09-03T00:52:39.309+0100 [DEBUG] ReferenceTransformer: "module.mig.google_compute_region_autoscaler.this (expand)" references: [module.mig.var.migs (expand) module.mig.google_compute_region_instance_group_manager.this (expand) module.mig.var.project_id (expand) module.mig.var.region (expand)]
2026-09-03T00:52:39.309+0100 [DEBUG] ReferenceTransformer: "var.region" references: []
2026-09-03T00:52:39.309+0100 [DEBUG] ReferenceTransformer: "local.zones (expand)" references: [data.google_compute_zones.available (expand)]
2026-09-03T00:52:39.310+0100 [DEBUG] ReferenceTransformer: "local.network (expand)" references: [data.terraform_remote_state.network (expand)]
2026-09-03T00:52:39.310+0100 [DEBUG] ReferenceTransformer: "local.nomad_client_spot_shutdown_script (expand)" references: [local.instance_scripts_dir (expand)]
2026-09-03T00:52:39.310+0100 [DEBUG] ReferenceTransformer: "module.instances.local.disks_flat (expand)" references: [module.instances.var.instances (expand)]
2026-09-03T00:52:39.310+0100 [DEBUG] ReferenceTransformer: "module.mig (expand)" references: []
2026-09-03T00:52:39.341+0100 [DEBUG] Starting graph walk: walkApply
2026-09-03T00:52:39.372+0100 [DEBUG] created provider logger: level=debug
2026-09-03T00:52:39.373+0100 [INFO]  provider: configuring client automatic mTLS
2026-09-03T00:52:39.400+0100 [DEBUG] provider: starting plugin: path=.terraform/providers/registry.terraform.io/hashicorp/google/7.43.0/linux_amd64/terraform-provider-google_v7.43.0_x5 args=[".terraform/providers/registry.terraform.io/hashicorp/google/7.43.0/linux_amd64/terraform-provider-google_v7.43.0_x5"]
2026-09-03T00:52:39.405+0100 [DEBUG] provider: plugin started: path=.terraform/providers/registry.terraform.io/hashicorp/google/7.43.0/linux_amd64/terraform-provider-google_v7.43.0_x5 pid=101385
2026-09-03T00:52:39.405+0100 [DEBUG] provider: waiting for RPC address: plugin=.terraform/providers/registry.terraform.io/hashicorp/google/7.43.0/linux_amd64/terraform-provider-google_v7.43.0_x5
2026-09-03T00:52:39.587+0100 [INFO]  provider.terraform-provider-google_v7.43.0_x5: configuring server automatic mTLS: timestamp="2026-09-03T00:52:39.586+0100"
2026-09-03T00:52:39.616+0100 [DEBUG] provider.terraform-provider-google_v7.43.0_x5: plugin address: address=/tmp/plugin1177511914 network=unix timestamp="2026-09-03T00:52:39.616+0100"
2026-09-03T00:52:39.617+0100 [DEBUG] provider: using plugin: version=5
2026-09-03T00:52:39.751+0100 [DEBUG] provider.terraform-provider-google_v7.43.0_x5: 2026/09/03 00:52:39 [INFO] Authenticating using DefaultClient...
2026-09-03T00:52:39.751+0100 [DEBUG] provider.terraform-provider-google_v7.43.0_x5: 2026/09/03 00:52:39 [INFO]   -- Scopes: [https://www.googleapis.com/auth/cloud-platform https://www.googleapis.com/auth/userinfo.email]
2026-09-03T00:52:39.752+0100 [DEBUG] provider.terraform-provider-google_v7.43.0_x5: 2026/09/03 00:52:39 [INFO] Authenticating using DefaultClient...
2026-09-03T00:52:39.752+0100 [DEBUG] provider.terraform-provider-google_v7.43.0_x5: 2026/09/03 00:52:39 [INFO]   -- Scopes: [https://www.googleapis.com/auth/cloud-platform https://www.googleapis.com/auth/userinfo.email]
2026-09-03T00:52:39.753+0100 [DEBUG] provider.terraform-provider-google_v7.43.0_x5: 2026/09/03 00:52:39 [DEBUG] Waiting for state to become: [success]
2026-09-03T00:52:40.772+0100 [DEBUG] provider.terraform-provider-google_v7.43.0_x5: 2026/09/03 00:52:40 [INFO] Terraform is using this identity: silasfrancis57@gmail.com
2026-09-03T00:52:40.793+0100 [DEBUG] provider.stdio: received EOF, stopping recv loop: err="rpc error: code = Unavailable desc = error reading from server: EOF"
2026-09-03T00:52:40.826+0100 [INFO]  provider: plugin process exited: plugin=.terraform/providers/registry.terraform.io/hashicorp/google/7.43.0/linux_amd64/terraform-provider-google_v7.43.0_x5 id=101385
2026-09-03T00:52:40.827+0100 [DEBUG] provider: plugin exited
2026-09-03T00:52:40.827+0100 [DEBUG] states/remote: state read serial is: 59; serial is: 59
2026-09-03T00:52:40.827+0100 [DEBUG] states/remote: state read lineage is: 8e820c10-cb5b-0cf4-3cd9-48c460e569db; lineage is: 8e820c10-cb5b-0cf4-3cd9-48c460e569db
